recvSeq,recvNum,compute1num,compute2num,timestamp
116,112,104,3,11376.0
117,113,105,3,11426.0
118,114,105,4,11476.0
119,115,106,4,11526.0
120,116,107,4,11576.0
121,117,108,4,11626.0
122,118,109,4,11676.0
123,119,110,4,11726.0
124,120,111,4,11776.0
124,120,111,4,11826.0
126,121,111,4,11876.0
127,122,112,4,11926.0
128,123,113,4,11976.0
129,124,114,4,12026.0
130,125,115,4,12076.0
131,126,116,4,12126.0
132,127,117,4,12176.0
133,128,118,4,12226.0
134,129,118,5,12276.0
135,130,119,5,12326.0
136,131,120,5,12376.0
137,132,121,5,12426.0
138,133,122,5,12476.0
139,134,123,5,12526.0
140,135,124,5,12576.0
141,136,125,5,12626.0
142,137,126,5,12676.0
143,138,127,5,12726.0
144,139,128,5,12776.0
145,140,129,5,12826.0
146,141,130,5,12876.0
147,142,131,5,12926.0
148,143,132,5,12976.0
149,144,133,5,13026.0
150,145,134,5,13076.0
151,146,135,5,13126.0
152,147,136,5,13176.0
153,148,137,5,13226.0
154,149,138,5,13276.0
155,150,139,5,13326.0
156,151,140,5,13376.0
157,152,141,5,13426.0
158,153,142,5,13476.0
159,154,143,5,13526.0
160,155,143,6,13576.0
161,156,144,6,13626.0
162,157,145,6,13676.0
163,158,146,6,13726.0
164,159,147,6,13776.0
165,160,148,6,13826.0
166,161,149,6,13876.0
167,162,150,6,13926.0
168,163,151,6,13976.0
169,164,152,6,14026.0
170,165,153,6,14076.0
171,166,154,6,14126.0
172,167,155,6,14176.0
173,168,156,6,14226.0
174,169,157,6,14276.0
175,170,158,6,14326.0
176,171,159,6,14376.0
177,172,160,6,14426.0
178,173,161,6,14476.0
179,174,162,6,14526.0
179,174,162,6,14576.0
181,175,162,6,14626.0
182,176,163,6,14676.0
183,177,164,6,14726.0
184,178,164,7,14776.0
185,179,165,7,14826.0
186,180,166,7,14876.0
187,181,167,7,14926.0
188,182,168,7,14976.0
189,183,169,7,15026.0
190,184,170,7,15076.0
191,185,171,7,15126.0
192,186,172,7,15176.0
193,187,173,7,15226.0
194,188,174,7,15276.0
195,189,175,7,15326.0
195,189,175,7,15376.0
197,190,175,7,15426.0
198,191,175,7,15476.0
199,192,176,7,15526.0
200,193,177,7,15576.0
201,194,177,8,15626.0
202,195,178,8,15676.0
203,196,179,8,15726.0
204,197,180,8,15776.0
205,198,181,8,15826.0
206,199,182,8,15876.0
207,200,183,8,15926.0
208,201,184,8,15976.0
209,202,185,8,16026.0
210,203,186,8,16076.0
211,204,187,8,16126.0
212,205,188,8,16176.0
213,206,189,8,16226.0
214,207,190,8,16276.0
215,208,191,8,16326.0
216,209,191,9,16376.0
217,210,192,9,16426.0
218,211,193,9,16476.0
219,212,194,9,16526.0
220,213,195,9,16576.0
221,214,196,9,16626.0
221,214,196,9,16676.0
223,215,196,9,16726.0
224,216,197,9,16776.0
225,217,198,9,16826.0
226,218,199,9,16876.0
227,219,200,9,16926.0
228,220,201,9,16976.0
229,221,202,9,17026.0
230,222,203,9,17076.0
231,223,204,9,17126.0
232,224,204,10,17176.0
233,225,205,10,17226.0
234,226,206,10,17276.0
235,227,207,10,17326.0
236,228,208,10,17376.0
237,229,209,10,17426.0
238,230,210,10,17476.0
239,231,211,10,17526.0
240,232,212,10,17576.0
241,233,213,10,17626.0
242,234,214,10,17676.0
243,235,215,10,17726.0
244,236,216,10,17776.0
245,237,217,10,17826.0
245,237,217,10,17876.0
247,238,217,10,17926.0
248,239,218,10,17976.0
249,240,219,10,18026.0
250,241,220,10,18076.0
251,242,221,10,18126.0
252,243,222,10,18176.0
253,244,223,10,18226.0
254,245,224,10,18276.0
255,246,225,10,18326.0
256,247,226,10,18376.0
257,248,227,10,18426.0
258,249,228,10,18476.0
259,250,229,10,18526.0
259,250,229,10,18576.0
261,251,229,10,18626.0
262,252,230,10,18676.0
262,252,230,10,18726.0
264,253,230,10,18776.0
265,254,231,10,18826.0
266,255,232,10,18876.0
267,256,233,10,18926.0
268,257,234,10,18976.0
269,258,235,10,19026.0
270,259,236,10,19076.0
271,260,237,10,19126.0
272,261,238,10,19176.0
273,262,239,10,19226.0
274,263,240,10,19276.0
275,264,241,10,19326.0
276,265,242,10,19376.0
277,266,243,10,19426.0
277,266,243,10,19476.0
279,267,243,10,19526.0
280,268,244,10,19576.0
281,269,245,10,19626.0
282,270,246,10,19676.0
283,271,247,10,19726.0
284,272,248,10,19776.0
285,273,249,10,19826.0
286,274,250,10,19876.0
287,275,251,10,19926.0
288,276,252,10,19976.0
289,277,253,10,20026.0
290,278,254,10,20076.0
291,279,255,10,20126.0
292,280,256,10,20176.0
293,281,257,10,20226.0
293,281,257,10,20276.0
295,282,257,10,20326.0
296,283,258,10,20376.0
297,284,259,10,20426.0
298,285,260,10,20476.0
299,286,261,10,20526.0
300,287,262,10,20576.0
301,288,263,10,20626.0
302,289,264,10,20676.0
303,290,265,10,20726.0
304,291,266,10,20776.0
305,292,267,10,20826.0
306,293,268,10,20876.0
307,294,269,10,20926.0
308,295,270,10,20976.0
309,296,271,10,21026.0
310,297,272,10,21076.0
311,298,273,10,21126.0
312,299,274,10,21176.0
313,300,275,10,21226.0
314,301,276,10,21276.0
315,302,277,10,21326.0
316,303,278,10,21376.0
317,304,279,10,21426.0
318,305,280,10,21476.0
319,306,281,10,21526.0
320,307,282,10,21576.0
321,308,283,10,21626.0
322,309,284,10,21676.0
323,310,285,10,21726.0
324,311,286,10,21776.0
325,312,287,10,21826.0
326,313,288,10,21876.0
327,314,289,10,21926.0
328,315,290,10,21976.0
329,316,291,10,22026.0
330,317,292,10,22076.0
331,318,292,11,22126.0
332,319,293,11,22176.0
333,320,294,11,22226.0
334,321,294,12,22276.0
335,322,295,12,22326.0
336,323,296,12,22376.0
337,324,297,12,22426.0
338,325,298,12,22476.0
339,326,299,12,22526.0
340,327,300,12,22576.0
341,328,301,12,22626.0
342,329,302,12,22676.0
343,330,303,12,22726.0
344,331,304,12,22776.0
345,332,304,13,22826.0
346,333,305,13,22876.0
347,334,306,13,22926.0
348,335,307,13,22976.0
349,336,308,13,23026.0
350,337,309,13,23076.0
351,338,310,13,23126.0
352,339,311,13,23176.0
353,340,312,13,23226.0
354,341,313,13,23276.0
355,342,314,13,23326.0
356,343,315,13,23376.0
357,344,316,13,23426.0
358,345,317,13,23476.0
359,346,318,13,23526.0
360,347,319,13,23576.0
361,348,320,13,23626.0
362,349,321,13,23676.0
363,350,322,13,23726.0
364,351,323,13,23776.0
365,352,324,13,23826.0
366,353,325,13,23876.0
367,354,326,13,23926.0
368,355,327,13,23976.0
369,356,328,13,24026.0
370,357,329,13,24076.0
371,358,330,13,24126.0
372,359,331,13,24176.0
373,360,331,14,24226.0
374,361,331,15,24276.0
375,362,332,15,24326.0
376,363,333,15,24376.0
377,364,333,16,24426.0
378,365,334,16,24476.0
379,366,335,16,24526.0
380,367,336,16,24576.0
381,368,337,16,24626.0
382,369,338,16,24676.0
383,370,339,16,24726.0
384,371,340,16,24776.0
385,372,341,16,24826.0
386,373,342,16,24876.0
387,374,342,17,24926.0
388,375,343,17,24976.0
389,376,344,17,25026.0
390,377,345,17,25076.0
391,378,346,17,25126.0
392,379,347,17,25176.0
392,379,347,17,25226.0
394,380,347,17,25276.0
395,381,348,17,25326.0
395,381,348,17,25376.0
397,382,348,17,25426.0
398,383,349,17,25476.0
399,384,350,17,25526.0
400,385,351,17,25576.0
401,386,352,17,25626.0
402,387,353,17,25676.0
403,388,354,17,25726.0
404,389,355,17,25776.0
405,390,356,17,25826.0
406,391,357,17,25876.0
406,391,357,17,25926.0
408,392,357,17,25976.0
409,393,358,17,26026.0
410,394,359,17,26076.0
411,395,360,17,26126.0
412,396,361,17,26176.0
413,397,362,17,26226.0
414,398,363,17,26276.0
415,399,364,17,26326.0
416,400,365,17,26376.0
417,401,366,17,26426.0
418,402,367,17,26476.0
419,403,368,17,26526.0
420,404,369,17,26576.0
421,405,370,17,26626.0
422,406,371,17,26676.0
423,407,372,17,26726.0
424,408,373,17,26776.0
425,409,374,17,26826.0
426,410,375,17,26876.0
427,411,376,17,26926.0
428,412,377,17,26976.0
429,413,378,17,27026.0
430,414,379,17,27076.0
431,415,380,17,27126.0
432,416,381,17,27176.0
433,417,382,17,27226.0
434,418,382,18,27276.0
434,418,382,18,27326.0
434,418,382,18,27376.0
437,419,382,18,27426.0
438,420,383,18,27476.0
438,420,383,18,27526.0
440,421,383,18,27576.0
441,422,384,18,27626.0
442,423,385,18,27676.0
443,424,386,18,27726.0
444,425,387,18,27776.0
445,426,388,18,27826.0
446,427,389,18,27876.0
447,428,390,18,27926.0
448,429,391,18,27976.0
448,429,391,18,28026.0
450,430,391,18,28076.0
451,431,392,18,28126.0
452,432,393,18,28176.0
453,433,394,18,28226.0
454,434,395,18,28276.0
455,435,396,18,28326.0
456,436,397,18,28376.0
457,437,398,18,28426.0
458,438,398,19,28476.0
459,439,399,19,28526.0
460,440,400,19,28576.0
461,441,401,19,28626.0
462,442,402,19,28676.0
463,443,403,19,28726.0
464,444,404,19,28776.0
465,445,405,19,28826.0
466,446,406,19,28876.0
467,447,407,19,28926.0
468,448,408,19,28976.0
469,449,409,19,29026.0
470,450,410,19,29076.0
471,451,411,19,29126.0
472,452,412,19,29176.0
473,453,413,19,29226.0
474,454,414,19,29276.0
475,455,415,19,29326.0
476,456,416,19,29376.0
477,457,417,19,29426.0
478,458,418,19,29476.0
479,459,419,19,29526.0
480,460,420,19,29576.0
481,461,421,19,29626.0
482,462,422,19,29676.0
483,463,423,19,29726.0
484,464,424,19,29776.0
485,465,425,19,29826.0
486,466,426,19,29876.0
487,467,427,19,29926.0
488,468,428,19,29976.0
489,469,429,19,30026.0
490,470,430,19,30076.0
491,471,431,19,30126.0
492,472,432,19,30176.0
493,473,433,19,30226.0
494,474,434,19,30276.0
495,475,435,19,30326.0
495,475,435,19,30376.0
497,476,435,19,30426.0
498,477,436,19,30476.0
499,478,436,20,30526.0
500,479,436,21,30576.0
501,480,437,21,30626.0
502,481,438,21,30676.0
503,482,439,21,30726.0
504,483,440,21,30776.0
505,484,441,21,30826.0
506,485,442,21,30876.0
507,486,443,21,30926.0
508,487,444,21,30976.0
509,488,445,21,31026.0
510,489,446,21,31076.0
511,490,447,21,31126.0
512,491,448,21,31176.0
513,492,448,22,31226.0
514,493,449,22,31276.0
515,494,450,22,31326.0
516,495,451,22,31376.0
517,496,452,22,31426.0
518,497,453,22,31476.0
519,498,454,22,31526.0
519,498,454,22,31576.0
521,499,454,22,31626.0
522,500,455,22,31676.0
523,501,456,22,31726.0
524,502,457,22,31776.0
525,503,458,22,31826.0
526,504,459,22,31876.0
527,505,460,22,31926.0
528,506,461,22,31976.0
529,507,462,22,32026.0
530,508,463,22,32076.0
531,509,463,23,32126.0
532,510,464,23,32176.0
533,511,465,23,32226.0
534,512,466,23,32276.0
535,513,467,23,32326.0
536,514,468,23,32376.0
537,515,469,23,32426.0
538,516,470,23,32476.0
539,517,470,24,32526.0
540,518,471,24,32576.0
541,519,472,24,32626.0
542,520,473,24,32676.0
543,521,474,24,32726.0
544,522,475,24,32776.0
545,523,476,24,32826.0
546,524,477,24,32876.0
547,525,478,24,32926.0
548,526,479,24,32976.0
549,527,480,24,33026.0
550,528,481,24,33076.0
551,529,482,24,33126.0
552,530,483,24,33176.0
553,531,484,24,33226.0
554,532,485,24,33276.0
555,533,486,24,33326.0
556,534,487,24,33376.0
557,535,488,24,33426.0
558,536,489,24,33476.0
559,537,490,24,33526.0
560,538,491,24,33576.0
560,538,491,24,33626.0
560,538,491,24,33676.0
563,539,491,24,33726.0
564,540,491,24,33776.0
565,541,492,24,33826.0
566,542,493,24,33876.0
567,543,494,24,33926.0
568,544,495,24,33976.0
569,545,496,24,34026.0
570,546,497,24,34076.0
571,547,498,24,34126.0
572,548,499,24,34176.0
573,549,500,24,34226.0
574,550,501,24,34276.0
574,550,501,24,34326.0
576,551,501,24,34376.0
577,552,502,24,34426.0
578,553,502,25,34476.0
579,554,503,25,34526.0
580,555,504,25,34576.0
581,556,505,25,34626.0
582,557,506,25,34676.0
583,558,507,25,34726.0
584,559,508,25,34776.0
585,560,509,25,34826.0
586,561,510,25,34876.0
587,562,511,25,34926.0
588,563,512,25,34976.0
589,564,513,25,35026.0
590,565,514,25,35076.0
591,566,515,25,35126.0
592,567,516,25,35176.0
592,567,516,25,35226.0
594,568,516,25,35276.0
595,569,517,25,35326.0
596,570,518,25,35376.0
597,571,519,25,35426.0
598,572,520,25,35476.0
599,573,521,25,35526.0
600,574,521,26,35576.0
600,574,521,26,35626.0
602,575,521,26,35676.0
603,576,522,26,35726.0
604,577,523,26,35776.0
605,578,524,26,35826.0
606,579,525,26,35876.0
607,580,526,26,35926.0
608,581,527,26,35976.0
609,582,528,26,36026.0
610,583,529,26,36076.0
611,584,530,26,36126.0
612,585,530,27,36176.0
613,586,531,27,36226.0
614,587,532,27,36276.0
615,588,533,27,36326.0
616,589,534,27,36376.0
617,590,535,27,36426.0
618,591,536,27,36476.0
619,592,537,27,36526.0
620,593,538,27,36576.0
621,594,539,27,36626.0
622,595,540,27,36676.0
623,596,541,27,36726.0
624,597,542,27,36776.0
625,598,543,27,36826.0
625,598,543,27,36876.0
627,599,543,27,36926.0
628,600,544,27,36976.0
629,601,545,27,37026.0
630,602,546,27,37076.0
631,603,547,27,37126.0
632,604,548,27,37176.0
633,605,549,27,37226.0
634,606,549,28,37276.0
635,607,550,28,37326.0
636,608,551,28,37376.0
637,609,552,28,37426.0
638,610,553,28,37476.0
639,611,554,28,37526.0
639,611,554,28,37576.0
641,612,554,28,37626.0
642,613,555,28,37676.0
643,614,556,28,37726.0
644,615,557,28,37776.0
645,616,558,28,37826.0
646,617,559,28,37876.0
647,618,560,28,37926.0
648,619,561,28,37976.0
649,620,562,28,38026.0
650,621,563,28,38076.0
651,622,564,28,38126.0
652,623,565,28,38176.0
653,624,566,28,38226.0
654,625,567,28,38276.0
655,626,568,28,38326.0
656,627,569,28,38376.0
657,628,570,28,38426.0
658,629,571,28,38476.0
659,630,572,28,38526.0
660,631,573,28,38576.0
661,632,574,28,38626.0
661,632,574,28,38676.0
663,633,574,28,38726.0
664,634,574,28,38776.0
665,635,575,28,38826.0
666,636,576,28,38876.0
667,637,577,28,38926.0
668,638,578,28,38976.0
669,639,579,28,39026.0
670,640,580,28,39076.0
671,641,581,28,39126.0
672,642,582,28,39176.0
673,643,583,28,39226.0
673,643,583,28,39276.0
675,644,583,28,39326.0
676,645,584,28,39376.0
677,646,585,28,39426.0
678,647,586,28,39476.0
679,648,587,28,39526.0
680,649,587,29,39576.0
681,650,588,29,39626.0
682,651,589,29,39676.0
683,652,590,29,39726.0
684,653,591,29,39776.0
685,654,592,29,39826.0
686,655,593,29,39876.0
687,656,594,29,39926.0
688,657,595,29,39976.0
689,658,596,29,40026.0
690,659,597,29,40076.0
691,660,598,29,40126.0
692,661,599,29,40176.0
693,662,600,29,40226.0
694,663,601,29,40276.0
695,664,602,29,40326.0
695,664,602,29,40376.0
697,665,602,29,40426.0
698,666,603,29,40476.0
699,667,604,29,40526.0
700,668,605,29,40576.0
701,669,605,30,40626.0
702,670,606,30,40676.0
703,671,606,31,40726.0
704,672,607,31,40776.0
705,673,608,31,40826.0
706,674,608,32,40876.0
706,674,608,32,40926.0
707,675,609,32,40976.0
709,677,611,32,41026.0
709,677,611,32,41076.0
710,678,612,32,41126.0
711,679,613,32,41176.0
712,680,614,32,41226.0
713,681,615,32,41276.0
714,682,616,32,41326.0
715,683,617,32,41376.0
716,684,618,32,41426.0
717,685,619,32,41476.0
718,686,620,32,41526.0
719,687,621,32,41576.0
720,688,622,32,41626.0
721,689,623,32,41676.0
722,690,623,33,41726.0
723,691,624,33,41776.0
724,692,625,33,41826.0
725,693,626,33,41876.0
725,693,626,33,41926.0
727,694,626,33,41976.0
728,695,627,33,42026.0
729,696,628,33,42076.0
730,697,629,33,42126.0
731,698,630,33,42176.0
732,699,631,33,42226.0
733,700,632,33,42276.0
734,701,633,33,42326.0
735,702,634,33,42376.0
736,703,635,33,42426.0
737,704,636,33,42476.0
738,705,637,33,42526.0
739,706,638,33,42576.0
740,707,639,33,42626.0
741,708,639,34,42676.0
741,708,639,34,42726.0
743,709,639,34,42776.0
744,710,640,34,42826.0
745,711,641,34,42876.0
746,712,642,34,42926.0
747,713,643,34,42976.0
748,714,644,34,43026.0
749,715,645,34,43076.0
750,716,646,34,43126.0
751,717,647,34,43176.0
752,718,648,34,43226.0
753,719,649,34,43276.0
754,720,650,34,43326.0
755,721,651,34,43376.0
756,722,652,34,43426.0
757,723,653,34,43476.0
758,724,654,34,43526.0
759,725,655,34,43576.0
760,726,656,34,43626.0
761,727,657,34,43676.0
762,728,658,34,43726.0
762,728,658,34,43776.0
764,729,658,34,43826.0
764,729,658,34,43876.0
766,730,658,34,43926.0
767,731,659,34,43976.0
767,731,659,34,44026.0
769,732,659,34,44076.0
770,733,660,34,44126.0
771,734,661,34,44176.0
772,735,662,34,44226.0
773,736,663,34,44276.0
774,737,664,34,44326.0
775,738,665,34,44376.0
776,739,666,34,44426.0
777,740,667,34,44476.0
778,741,668,34,44526.0
779,742,669,34,44576.0
780,743,670,34,44626.0
781,744,671,34,44676.0
782,745,672,34,44726.0
783,746,673,34,44776.0
783,746,673,34,44826.0
785,747,673,34,44876.0
786,748,674,34,44926.0
787,749,675,34,44976.0
788,750,676,34,45026.0
789,751,677,34,45076.0
790,752,678,34,45126.0
791,753,679,34,45176.0
792,754,680,34,45226.0
793,755,681,34,45276.0
794,756,682,34,45326.0
795,757,683,34,45376.0
796,758,684,34,45426.0
797,759,685,34,45476.0
798,760,686,34,45526.0
799,761,687,34,45576.0
800,762,688,34,45626.0
801,763,688,35,45676.0
802,764,689,35,45726.0
802,764,689,35,45776.0
804,765,689,35,45826.0
805,766,690,35,45876.0
806,767,691,35,45926.0
807,768,691,36,45976.0
808,769,692,36,46026.0
809,770,693,36,46076.0
810,771,694,36,46126.0
811,772,695,36,46176.0
812,773,696,36,46226.0
813,774,697,36,46276.0
814,775,698,36,46326.0
815,776,699,36,46376.0
816,777,700,36,46426.0
817,778,701,36,46476.0
818,779,702,36,46526.0
819,780,703,36,46576.0
820,781,704,36,46626.0
821,782,705,36,46676.0
822,783,706,36,46726.0
823,784,707,36,46776.0
824,785,708,36,46826.0
825,786,709,36,46876.0
826,787,710,36,46926.0
827,788,711,36,46976.0
828,789,712,36,47026.0
829,790,712,37,47076.0
830,791,713,37,47126.0
831,792,714,37,47176.0
832,793,715,37,47226.0
833,794,716,37,47276.0
834,795,717,37,47326.0
835,796,718,37,47376.0
836,797,719,37,47426.0
837,798,720,37,47476.0
838,799,721,37,47526.0
839,800,722,37,47576.0
840,801,723,37,47626.0
841,802,724,37,47676.0
842,803,724,38,47726.0
843,804,725,38,47776.0
844,805,726,38,47826.0
845,806,727,38,47876.0
846,807,728,38,47926.0
847,808,729,38,47976.0
848,809,730,38,48026.0
849,810,731,38,48076.0
850,811,732,38,48126.0
851,812,733,38,48176.0
852,813,734,38,48226.0
853,814,735,38,48276.0
854,815,736,38,48326.0
855,816,737,38,48376.0
856,817,738,38,48426.0
857,818,739,38,48476.0
858,819,740,38,48526.0
859,820,741,38,48576.0
860,821,742,38,48626.0
861,822,743,38,48676.0
862,823,744,38,48726.0
862,823,744,38,48776.0
864,824,744,38,48826.0
865,825,745,38,48876.0
866,826,746,38,48926.0
867,827,747,38,48976.0
868,828,748,38,49026.0
868,828,748,38,49076.0
870,829,748,38,49126.0
871,830,749,38,49176.0
872,831,750,38,49226.0
873,832,751,38,49276.0
874,833,752,38,49326.0
875,834,753,38,49376.0
876,835,754,38,49426.0
877,836,755,38,49476.0
878,837,756,38,49526.0
879,838,757,38,49576.0
880,839,758,38,49626.0
881,840,759,38,49676.0
882,841,760,38,49726.0
883,842,761,38,49776.0
884,843,762,38,49826.0
885,844,763,38,49876.0
886,845,764,38,49926.0
887,846,765,38,49976.0
888,847,766,38,50026.0
889,848,767,38,50076.0
890,849,768,38,50126.0
890,849,768,38,50176.0
892,850,768,38,50226.0
893,851,769,38,50276.0
894,852,770,38,50326.0
895,853,771,38,50376.0
896,854,772,38,50426.0
897,855,773,38,50476.0
898,856,774,38,50526.0
899,857,775,38,50576.0
900,858,776,38,50626.0
901,859,777,38,50676.0
902,860,778,38,50726.0
903,861,778,39,50776.0
903,861,778,39,50826.0
905,862,778,39,50876.0
906,863,779,39,50926.0
907,864,780,39,50976.0
908,865,781,39,51026.0
909,866,782,39,51076.0
910,867,783,39,51126.0
911,868,784,39,51176.0
912,869,785,39,51226.0
913,870,786,39,51276.0
914,871,787,39,51326.0
915,872,788,39,51376.0
916,873,789,39,51426.0
917,874,790,39,51476.0
918,875,791,39,51526.0
919,876,792,39,51576.0
920,877,793,39,51626.0
921,878,794,39,51676.0
922,879,795,39,51726.0
923,880,796,39,51776.0
924,881,797,39,51826.0
925,882,798,39,51876.0
926,883,799,39,51926.0
927,884,800,39,51976.0
928,885,801,39,52026.0
929,886,802,39,52076.0
930,887,803,39,52126.0
931,888,804,39,52176.0
932,889,805,39,52226.0
933,890,806,39,52276.0
934,891,807,39,52326.0
935,892,808,39,52376.0
936,893,808,40,52426.0
937,894,809,40,52476.0
938,895,810,40,52526.0
939,896,811,40,52576.0
940,897,812,40,52626.0
941,898,813,40,52676.0
942,899,814,40,52726.0
943,900,815,40,52776.0
944,901,816,40,52826.0
945,902,817,40,52876.0
946,903,818,40,52926.0
947,904,818,41,52976.0
948,905,819,41,53026.0
949,906,820,41,53076.0
950,907,821,41,53126.0
951,908,822,41,53176.0
952,909,823,41,53226.0
953,910,824,41,53276.0
954,911,825,41,53326.0
955,912,826,41,53376.0
956,913,827,41,53426.0
957,914,828,41,53476.0
958,915,829,41,53526.0
959,916,830,41,53576.0
960,917,831,41,53626.0
961,918,832,41,53676.0
962,919,833,41,53726.0
963,920,834,41,53776.0
964,921,835,41,53826.0
964,921,835,41,53876.0
966,922,835,41,53926.0
967,923,836,41,53976.0
968,924,837,41,54026.0
969,925,838,41,54076.0
970,926,839,41,54126.0
971,927,840,41,54176.0
972,928,841,41,54226.0
973,929,842,41,54276.0
974,930,843,41,54326.0
975,931,844,41,54376.0
976,932,845,41,54426.0
977,933,846,41,54476.0
978,934,847,41,54526.0
979,935,848,41,54576.0
980,936,849,41,54626.0
981,937,850,41,54676.0
982,938,851,41,54726.0
983,939,852,41,54776.0
984,940,853,41,54826.0
985,941,854,41,54876.0
986,942,855,41,54926.0
987,943,856,41,54976.0
988,944,856,42,55026.0
989,945,857,42,55076.0
990,946,858,42,55126.0
991,947,859,42,55176.0
992,948,860,42,55226.0
993,949,861,42,55276.0
994,950,862,42,55326.0
995,951,863,42,55376.0
996,952,864,42,55426.0
997,953,865,42,55476.0
997,953,865,42,55526.0
999,954,865,42,55576.0
1000,955,865,42,55626.0
1001,956,866,42,55676.0
1002,957,867,42,55726.0
1003,958,868,42,55776.0
1004,959,869,42,55826.0
1005,960,870,42,55876.0
1006,961,871,42,55926.0
1007,962,872,42,55976.0
1008,963,873,42,56026.0
1008,963,873,42,56076.0
1010,964,873,42,56126.0
1011,965,874,42,56176.0
1012,966,875,42,56226.0
1013,967,876,42,56276.0
1014,968,877,42,56326.0
1015,969,878,42,56376.0
1016,970,879,42,56426.0
1017,971,880,42,56476.0
1018,972,881,42,56526.0
1019,973,882,42,56576.0
1020,974,883,42,56626.0
1021,975,884,42,56676.0
1022,976,885,42,56726.0
1023,977,886,42,56776.0
1024,978,887,42,56826.0
1025,979,888,42,56876.0
1026,980,889,42,56926.0
1027,981,890,42,56976.0
1028,982,891,42,57026.0
1029,983,892,42,57076.0
1030,984,893,42,57126.0
1031,985,894,42,57176.0
1032,986,895,42,57226.0
1033,987,896,42,57276.0
1034,988,896,43,57326.0
1035,989,897,43,57376.0
1036,990,898,43,57426.0
1037,991,899,43,57476.0
1038,992,900,43,57526.0
1039,993,901,43,57576.0
1040,994,902,43,57626.0
1041,995,903,43,57676.0
1042,996,904,43,57726.0
1043,997,905,43,57776.0
1044,998,906,43,57826.0
1045,999,907,43,57876.0
1046,1000,908,43,57926.0
1047,1001,909,43,57976.0
1048,1002,909,44,58026.0
1049,1003,910,44,58076.0
1049,1003,910,44,58126.0
1051,1004,910,44,58176.0
1052,1005,911,44,58226.0
1053,1006,912,44,58276.0
1054,1007,913,44,58326.0
1055,1008,914,44,58376.0
1056,1009,915,44,58426.0
1057,1010,916,44,58476.0
1058,1011,917,44,58526.0
1059,1012,918,44,58576.0
1060,1013,919,44,58626.0
1061,1014,920,44,58676.0
1061,1014,920,44,58726.0
1063,1015,920,44,58776.0
1064,1016,920,44,58826.0
1065,1017,921,44,58876.0
1066,1018,922,44,58926.0
1067,1019,923,44,58976.0
1068,1020,924,44,59026.0
1069,1021,925,44,59076.0
1070,1022,926,44,59126.0
1071,1023,927,44,59176.0
1072,1024,928,44,59226.0
1073,1025,929,44,59276.0
1074,1026,930,44,59326.0
1075,1027,931,44,59376.0
1076,1028,932,44,59426.0
1077,1029,933,44,59476.0
1078,1030,934,44,59526.0
1079,1031,935,44,59576.0
1080,1032,936,44,59626.0
1081,1033,937,44,59676.0
1082,1034,938,44,59726.0
1083,1035,939,44,59776.0
1084,1036,940,44,59826.0
1085,1037,941,44,59876.0
1086,1038,942,44,59926.0
1087,1039,943,44,59976.0
1088,1040,944,44,60026.0
1089,1041,945,44,60076.0
1090,1042,946,44,60126.0
1091,1043,947,44,60176.0
1092,1044,948,44,60226.0
1093,1045,949,44,60276.0
1094,1046,950,44,60326.0
1095,1047,951,44,60376.0
1095,1047,951,44,60426.0
1097,1048,951,44,60476.0
1098,1049,952,44,60526.0
1099,1050,953,44,60576.0
1100,1051,954,44,60626.0
1101,1052,955,44,60676.0
1102,1053,956,44,60726.0
1103,1054,957,44,60776.0
1104,1055,958,44,60826.0
1105,1056,959,44,60876.0
1106,1057,960,44,60926.0
1107,1058,961,44,60976.0
1108,1059,962,44,61026.0
1109,1060,963,44,61076.0
1109,1060,963,44,61126.0
1111,1061,963,44,61176.0
1111,1061,963,44,61226.0
1113,1062,963,44,61276.0
1114,1063,964,44,61326.0
1115,1064,965,44,61376.0
1116,1065,966,44,61426.0
1117,1066,967,44,61476.0
1118,1067,968,44,61526.0
1119,1068,969,44,61576.0
1120,1069,969,45,61626.0
1121,1070,969,46,61676.0
1122,1071,970,46,61726.0
1123,1072,971,46,61776.0
1124,1073,972,46,61826.0
1125,1074,973,46,61876.0
1125,1074,973,46,61926.0
1127,1075,973,46,61976.0
1127,1075,973,46,62026.0
1127,1075,973,46,62076.0
1127,1075,973,46,62126.0
1127,1075,973,46,62176.0
1127,1075,973,46,62226.0
1127,1075,973,46,62276.0
1127,1075,973,46,62326.0
1127,1075,973,46,62376.0
1127,1075,973,46,62426.0
1127,1075,973,46,62476.0
1127,1075,973,46,62526.0
1127,1075,973,46,62576.0
1127,1075,973,46,62626.0
1127,1075,973,46,62676.0
1127,1075,973,46,62726.0
1127,1075,973,46,62776.0
1127,1075,973,46,62826.0
1127,1075,973,46,62876.0
1127,1075,973,46,62926.0
1127,1075,973,46,62976.0
1127,1075,973,46,63026.0
1149,1076,973,46,63076.0
1149,1076,973,46,63126.0
1151,1077,973,46,63176.0
1152,1078,973,46,63226.0
1153,1079,973,46,63276.0
1154,1080,973,46,63326.0
1155,1081,973,46,63376.0
1156,1082,973,46,63426.0
1157,1083,973,46,63476.0
1158,1084,973,46,63526.0
1159,1085,973,46,63576.0
1160,1086,973,46,63626.0
1161,1087,973,46,63676.0
1162,1088,973,46,63726.0
1163,1089,973,46,63776.0
1164,1090,973,46,63826.0
1165,1091,973,46,63876.0
1166,1092,973,46,63926.0
1167,1093,973,46,63976.0
1168,1094,973,46,64026.0
1169,1095,973,46,64076.0
1170,1096,973,46,64126.0
1171,1097,973,46,64176.0
1172,1098,973,46,64226.0
1173,1099,973,46,64276.0
1173,1099,973,46,64326.0
1175,1100,973,46,64376.0
1176,1101,973,46,64426.0
1177,1102,973,46,64476.0
1178,1103,974,46,64526.0
1179,1104,975,46,64576.0
1180,1105,975,47,64626.0
1181,1106,975,48,64676.0
1181,1106,975,48,64726.0
1181,1106,975,48,64776.0
1184,1107,975,48,64826.0
1185,1108,976,48,64876.0
1186,1109,977,48,64926.0
1187,1110,978,48,64976.0
1188,1111,979,48,65026.0
1189,1112,980,48,65076.0
1190,1113,981,48,65126.0
1191,1114,982,48,65176.0
1192,1115,983,48,65226.0
1193,1116,984,48,65276.0
1194,1117,985,48,65326.0
1195,1118,986,48,65376.0
1196,1119,987,48,65426.0
1197,1120,988,48,65476.0
1198,1121,989,48,65526.0
1199,1122,990,48,65576.0
1200,1123,991,48,65626.0
1201,1124,992,48,65676.0
1202,1125,992,49,65726.0
1203,1126,993,49,65776.0
1204,1127,994,49,65826.0
1205,1128,995,49,65876.0
1206,1129,995,50,65926.0
1207,1130,996,50,65976.0
1208,1131,996,51,66026.0
1209,1132,997,51,66076.0
1210,1133,998,51,66126.0
1211,1134,999,51,66176.0
1211,1134,999,51,66226.0
1213,1135,999,51,66276.0
1214,1136,1000,51,66326.0
1215,1137,1001,51,66376.0
1216,1138,1002,51,66426.0
1217,1139,1003,51,66476.0
1218,1140,1004,51,66526.0
1219,1141,1005,51,66576.0
1220,1142,1006,51,66626.0
1221,1143,1006,52,66676.0
1222,1144,1007,52,66726.0
1223,1145,1007,53,66776.0
1224,1146,1008,53,66826.0
1225,1147,1009,53,66876.0
1226,1148,1010,53,66926.0
1227,1149,1011,53,66976.0
1228,1150,1012,53,67026.0
1229,1151,1013,53,67076.0
1230,1152,1014,53,67126.0
1231,1153,1015,53,67176.0
1232,1154,1016,53,67226.0
1233,1155,1017,53,67276.0
1234,1156,1018,53,67326.0
1235,1157,1019,53,67376.0
1236,1158,1020,53,67426.0
1237,1159,1021,53,67476.0
1238,1160,1022,53,67526.0
1239,1161,1023,53,67576.0
1240,1162,1024,53,67626.0
1241,1163,1025,53,67676.0
1242,1164,1026,53,67726.0
1243,1165,1027,53,67776.0
1244,1166,1028,53,67826.0
1245,1167,1029,53,67876.0
1246,1168,1030,53,67926.0
1247,1169,1031,53,67976.0
1248,1170,1032,53,68026.0
1249,1171,1033,53,68076.0
1250,1172,1034,53,68126.0
1251,1173,1035,53,68176.0
1252,1174,1036,53,68226.0
1253,1175,1037,53,68276.0
1254,1176,1038,53,68326.0
1255,1177,1039,53,68376.0
1256,1178,1040,53,68426.0
1257,1179,1041,53,68476.0
1258,1180,1042,53,68526.0
1259,1181,1043,53,68576.0
1260,1182,1044,53,68626.0
1261,1183,1045,53,68676.0
1262,1184,1046,53,68726.0
1263,1185,1047,53,68776.0
1264,1186,1048,53,68826.0
1264,1186,1048,53,68876.0
1266,1187,1048,53,68926.0
1267,1188,1049,53,68976.0
1268,1189,1049,53,69026.0
1268,1189,1049,53,69076.0
1270,1190,1049,53,69126.0
1270,1190,1049,53,69176.0
1272,1191,1049,53,69226.0
1273,1192,1050,53,69276.0
1274,1193,1051,53,69326.0
1275,1194,1052,53,69376.0
1276,1195,1053,53,69426.0
1277,1196,1054,53,69476.0
1278,1197,1055,53,69526.0
1279,1198,1056,53,69576.0
1280,1199,1057,53,69626.0
1281,1200,1058,53,69676.0
1282,1201,1059,53,69726.0
1283,1202,1060,53,69776.0
1283,1202,1060,53,69826.0
1285,1203,1060,53,69876.0
1285,1203,1060,53,69926.0
1287,1204,1060,53,69976.0
1288,1205,1061,53,70026.0
1289,1206,1062,53,70076.0
1290,1207,1063,53,70126.0
1291,1208,1064,53,70176.0
1292,1209,1065,53,70226.0
1293,1210,1066,53,70276.0
1294,1211,1067,53,70326.0
1295,1212,1068,53,70376.0
1296,1213,1069,53,70426.0
1297,1214,1070,53,70476.0
1298,1215,1071,53,70526.0
1299,1216,1072,53,70576.0
1300,1217,1073,53,70626.0
1301,1218,1074,53,70676.0
1302,1219,1075,53,70726.0
1303,1220,1076,53,70776.0
1304,1221,1077,53,70826.0
1305,1222,1078,53,70876.0
1306,1223,1079,53,70926.0
1307,1224,1080,53,70976.0
1308,1225,1081,53,71026.0
1309,1226,1082,53,71076.0
1310,1227,1083,53,71126.0
1311,1228,1084,53,71176.0
1312,1229,1085,53,71226.0
1313,1230,1086,53,71276.0
1314,1231,1087,53,71326.0
1315,1232,1088,53,71376.0
1316,1233,1089,53,71426.0
1317,1234,1090,53,71476.0
1318,1235,1091,53,71526.0
1319,1236,1092,53,71576.0
1320,1237,1093,53,71626.0
1321,1238,1093,54,71676.0
1322,1239,1094,54,71726.0
1323,1240,1095,54,71776.0
1324,1241,1096,54,71826.0
1325,1242,1097,54,71876.0
1326,1243,1098,54,71926.0
1327,1244,1099,54,71976.0
1328,1245,1100,54,72026.0
1329,1246,1101,54,72076.0
1330,1247,1102,54,72126.0
1331,1248,1103,54,72176.0
1331,1248,1103,54,72226.0
1333,1249,1103,54,72276.0
1334,1250,1104,54,72326.0
1335,1251,1105,54,72376.0
1336,1252,1106,54,72426.0
1337,1253,1107,54,72476.0
1338,1254,1108,54,72526.0
1339,1255,1109,54,72576.0
1340,1256,1110,54,72626.0
1341,1257,1111,54,72676.0
1342,1258,1112,54,72726.0
1343,1259,1113,54,72776.0
1344,1260,1114,54,72826.0
1345,1261,1115,54,72876.0
1346,1262,1116,54,72926.0
1347,1263,1117,54,72976.0
1348,1264,1118,54,73026.0
1349,1265,1119,54,73076.0
1350,1266,1120,54,73126.0
1351,1267,1121,54,73176.0
1352,1268,1122,54,73226.0
1353,1269,1123,54,73276.0
1354,1270,1124,54,73326.0
1355,1271,1125,54,73376.0
1356,1272,1126,54,73426.0
1357,1273,1127,54,73476.0
1358,1274,1128,54,73526.0
1359,1275,1129,54,73576.0
1360,1276,1130,54,73626.0
1361,1277,1131,54,73676.0
1362,1278,1132,54,73726.0
1363,1279,1133,54,73776.0
1364,1280,1134,54,73826.0
1365,1281,1135,54,73876.0
1366,1282,1136,54,73926.0
1367,1283,1137,54,73976.0
1368,1284,1138,54,74026.0
1369,1285,1139,54,74076.0
1370,1286,1140,54,74126.0
1371,1287,1141,54,74176.0
1372,1288,1142,54,74226.0
1373,1289,1143,54,74276.0
1374,1290,1144,54,74326.0
1375,1291,1145,54,74376.0
1376,1292,1146,54,74426.0
1377,1293,1147,54,74476.0
1378,1294,1148,54,74526.0
1379,1295,1149,54,74576.0
1380,1296,1150,54,74626.0
1381,1297,1151,54,74676.0
1382,1298,1152,54,74726.0
1383,1299,1153,54,74776.0
1383,1299,1153,54,74826.0
1385,1300,1153,54,74876.0
1386,1301,1154,54,74926.0
1387,1302,1155,54,74976.0
1388,1303,1156,54,75026.0
1389,1304,1157,54,75076.0
1390,1305,1158,54,75126.0
1391,1306,1159,54,75176.0
1392,1307,1160,54,75226.0
1393,1308,1161,54,75276.0
1394,1309,1162,54,75326.0
1395,1310,1163,54,75376.0
1396,1311,1164,54,75426.0
1397,1312,1165,54,75476.0
1398,1313,1166,54,75526.0
1399,1314,1167,54,75576.0
1400,1315,1168,54,75626.0
1401,1316,1169,54,75676.0
1402,1317,1170,54,75726.0
1403,1318,1171,54,75776.0
1404,1319,1172,54,75826.0
1405,1320,1173,54,75876.0
1406,1321,1174,54,75926.0
1407,1322,1175,54,75976.0
1408,1323,1176,54,76026.0
1409,1324,1177,54,76076.0
1410,1325,1178,54,76126.0
1411,1326,1179,54,76176.0
1412,1327,1180,54,76226.0
1413,1328,1181,54,76276.0
1414,1329,1182,54,76326.0
1415,1330,1183,54,76376.0
1416,1331,1184,54,76426.0
1417,1332,1185,54,76476.0
1418,1333,1186,54,76526.0
1419,1334,1187,54,76576.0
1420,1335,1188,54,76626.0
1421,1336,1189,54,76676.0
1422,1337,1189,55,76726.0
1423,1338,1190,55,76776.0
1424,1339,1191,55,76826.0
1425,1340,1192,55,76876.0
1426,1341,1193,55,76926.0
1427,1342,1194,55,76976.0
1428,1343,1195,55,77026.0
1429,1344,1196,55,77076.0
1430,1345,1197,55,77126.0
1431,1346,1198,55,77176.0
1432,1347,1199,55,77226.0
1433,1348,1200,55,77276.0
1434,1349,1201,55,77326.0
1435,1350,1202,55,77376.0
1436,1351,1203,55,77426.0
1437,1352,1204,55,77476.0
1438,1353,1205,55,77526.0
1439,1354,1205,56,77576.0
1440,1355,1206,56,77626.0
1441,1356,1207,56,77676.0
1442,1357,1208,56,77726.0
1443,1358,1209,56,77776.0
1444,1359,1210,56,77826.0
1445,1360,1211,56,77876.0
1446,1361,1212,56,77926.0
1447,1362,1213,56,77976.0
1448,1363,1214,56,78026.0
1449,1364,1215,56,78076.0
1450,1365,1216,56,78126.0
1451,1366,1217,56,78176.0
1452,1367,1218,56,78226.0
1453,1368,1219,56,78276.0
1454,1369,1220,56,78326.0
1455,1370,1221,56,78376.0
1456,1371,1222,56,78426.0
1457,1372,1223,56,78476.0
1458,1373,1224,56,78526.0
1459,1374,1225,56,78576.0
1460,1375,1226,56,78626.0
1461,1376,1227,56,78676.0
1462,1377,1228,56,78726.0
1463,1378,1229,56,78776.0
1464,1379,1230,56,78826.0
1465,1380,1231,56,78876.0
1466,1381,1232,56,78926.0
1467,1382,1233,56,78976.0
1468,1383,1234,56,79026.0
1469,1384,1234,57,79076.0
1470,1385,1235,57,79126.0
1471,1386,1236,57,79176.0
1472,1387,1237,57,79226.0
1473,1388,1238,57,79276.0
1474,1389,1239,57,79326.0
1475,1390,1240,57,79376.0
1476,1391,1241,57,79426.0
1477,1392,1242,57,79476.0
1478,1393,1243,57,79526.0
1479,1394,1244,57,79576.0
1480,1395,1245,57,79626.0
1481,1396,1246,57,79676.0
1482,1397,1247,57,79726.0
1483,1398,1248,57,79776.0
1484,1399,1249,57,79826.0
1484,1399,1249,57,79876.0
1486,1400,1249,57,79926.0
1487,1401,1250,57,79976.0
1488,1402,1251,57,80026.0
1489,1403,1252,57,80076.0
1490,1404,1253,57,80126.0
1491,1405,1254,57,80176.0
1492,1406,1255,57,80226.0
1493,1407,1256,57,80276.0
1494,1408,1256,58,80326.0
1495,1409,1257,58,80376.0
1496,1410,1258,58,80426.0
1497,1411,1259,58,80476.0
1498,1412,1260,58,80526.0
1499,1413,1261,58,80576.0
1500,1414,1262,58,80626.0
1501,1415,1263,58,80676.0
1501,1415,1263,58,80726.0
1503,1416,1263,58,80776.0
1504,1417,1264,58,80826.0
1505,1418,1265,58,80876.0
1506,1419,1266,58,80926.0
1507,1420,1267,58,80976.0
1508,1421,1268,58,81026.0
1509,1422,1269,58,81076.0
1510,1423,1269,59,81126.0
1511,1424,1270,59,81176.0
1512,1425,1271,59,81226.0
1513,1426,1272,59,81276.0
1514,1427,1273,59,81326.0
1515,1428,1274,59,81376.0
1516,1429,1275,59,81426.0
1517,1430,1275,60,81476.0
1518,1431,1276,60,81526.0
1519,1432,1277,60,81576.0
1520,1433,1278,60,81626.0
1521,1434,1279,60,81676.0
1522,1435,1280,60,81726.0
1523,1436,1281,60,81776.0
1524,1437,1281,61,81826.0
1525,1438,1282,61,81876.0
1526,1439,1283,61,81926.0
1527,1440,1284,61,81976.0
1528,1441,1285,61,82026.0
1529,1442,1286,61,82076.0
1530,1443,1287,61,82126.0
1531,1444,1288,61,82176.0
1531,1444,1288,61,82226.0
1533,1445,1288,61,82276.0
1534,1446,1289,61,82326.0
1535,1447,1290,61,82376.0
1536,1448,1291,61,82426.0
1537,1449,1292,61,82476.0
1538,1450,1293,61,82526.0
1539,1451,1293,62,82576.0
1540,1452,1294,62,82626.0
1541,1453,1295,62,82676.0
1542,1454,1296,62,82726.0
1543,1455,1297,62,82776.0
1544,1456,1298,62,82826.0
1545,1457,1298,63,82876.0
1546,1458,1299,63,82926.0
1547,1459,1300,63,82976.0
1548,1460,1301,63,83026.0
1549,1461,1302,63,83076.0
1550,1462,1303,63,83126.0
1551,1463,1304,63,83176.0
1552,1464,1305,63,83226.0
1553,1465,1306,63,83276.0
1554,1466,1307,63,83326.0
1555,1467,1308,63,83376.0
1556,1468,1309,63,83426.0
1556,1468,1309,63,83476.0
1558,1469,1309,63,83526.0
1559,1470,1310,63,83576.0
1560,1471,1311,63,83626.0
1561,1472,1312,63,83676.0
1562,1473,1313,63,83726.0
1563,1474,1314,63,83776.0
1564,1475,1315,63,83826.0
1565,1476,1316,63,83876.0
1566,1477,1317,63,83926.0
1567,1478,1318,63,83976.0
1568,1479,1319,63,84026.0
1569,1480,1320,63,84076.0
1570,1481,1321,63,84126.0
1571,1482,1322,63,84176.0
1572,1483,1323,63,84226.0
1572,1483,1323,63,84276.0
1574,1484,1323,63,84326.0
1575,1485,1324,63,84376.0
1576,1486,1325,63,84426.0
1577,1487,1326,63,84476.0
1578,1488,1327,63,84526.0
1579,1489,1328,63,84576.0
1579,1489,1328,63,84626.0
1581,1490,1328,63,84676.0
1582,1491,1329,63,84726.0
1583,1492,1330,63,84776.0
1584,1493,1331,63,84826.0
1585,1494,1332,63,84876.0
1586,1495,1333,63,84926.0
1586,1495,1333,63,84976.0
1588,1496,1333,63,85026.0
1589,1497,1334,63,85076.0
1590,1498,1334,64,85126.0
1591,1499,1335,64,85176.0
1592,1500,1336,64,85226.0
1593,1501,1337,64,85276.0
1594,1502,1338,64,85326.0
1595,1503,1338,65,85376.0
1596,1504,1339,65,85426.0
1597,1505,1340,65,85476.0
1598,1506,1341,65,85526.0
1599,1507,1342,65,85576.0
1600,1508,1343,65,85626.0
1601,1509,1344,65,85676.0
1601,1509,1344,65,85726.0
1603,1510,1344,65,85776.0
1604,1511,1345,65,85826.0
1605,1512,1346,65,85876.0
1606,1513,1347,65,85926.0
1607,1514,1348,65,85976.0
1607,1514,1348,65,86026.0
1609,1515,1348,65,86076.0
1610,1516,1349,65,86126.0
1611,1517,1350,65,86176.0
1612,1518,1351,65,86226.0
1613,1519,1352,65,86276.0
1614,1520,1353,65,86326.0
1615,1521,1354,65,86376.0
1616,1522,1355,65,86426.0
1617,1523,1355,66,86476.0
1618,1524,1356,66,86526.0
1619,1525,1357,66,86576.0
1620,1526,1358,66,86626.0
1621,1527,1359,66,86676.0
1622,1528,1360,66,86726.0
1623,1529,1361,66,86776.0
1624,1530,1362,66,86826.0
1625,1531,1363,66,86876.0
1626,1532,1364,66,86926.0
1627,1533,1365,66,86976.0
1628,1534,1366,66,87026.0
1629,1535,1367,66,87076.0
1630,1536,1368,66,87126.0
1631,1537,1369,66,87176.0
1632,1538,1370,66,87226.0
1633,1539,1371,66,87276.0
1634,1540,1372,66,87326.0
1635,1541,1373,66,87376.0
1636,1542,1374,66,87426.0
1637,1543,1375,66,87476.0
1638,1544,1376,66,87526.0
1639,1545,1377,66,87576.0
1640,1546,1378,66,87626.0
1641,1547,1379,66,87676.0
1642,1548,1380,66,87726.0
1643,1549,1381,66,87776.0
1644,1550,1382,66,87826.0
1645,1551,1383,66,87876.0
1646,1552,1384,66,87926.0
1647,1553,1384,67,87976.0
1648,1554,1385,67,88026.0
1649,1555,1386,67,88076.0
1650,1556,1387,67,88126.0
1651,1557,1388,67,88176.0
1652,1558,1389,67,88226.0
1652,1558,1389,67,88276.0
1654,1559,1389,67,88326.0
1655,1560,1390,67,88376.0
1656,1561,1391,67,88426.0
1657,1562,1392,67,88476.0
1657,1562,1392,67,88526.0
1659,1563,1392,67,88576.0
1660,1564,1393,67,88626.0
1661,1565,1394,67,88676.0
1662,1566,1395,67,88726.0
1663,1567,1396,67,88776.0
1664,1568,1396,68,88826.0
1665,1569,1397,68,88876.0
1666,1570,1398,68,88926.0
1667,1571,1399,68,88976.0
1668,1572,1400,68,89026.0
1669,1573,1401,68,89076.0
1670,1574,1402,68,89126.0
1671,1575,1403,68,89176.0
1672,1576,1404,68,89226.0
1673,1577,1405,68,89276.0
1674,1578,1406,68,89326.0
1675,1579,1407,68,89376.0
1676,1580,1408,68,89426.0
1677,1581,1409,68,89476.0
1678,1582,1410,68,89526.0
1679,1583,1411,68,89576.0
1679,1583,1411,68,89626.0
1681,1584,1411,68,89676.0
1682,1585,1412,68,89726.0
1683,1586,1413,68,89776.0
1684,1587,1414,68,89826.0
1685,1588,1415,68,89876.0
1686,1589,1416,68,89926.0
1687,1590,1417,68,89976.0
1688,1591,1418,68,90026.0
1689,1592,1419,68,90076.0
1690,1593,1420,68,90126.0
1691,1594,1421,68,90176.0
1692,1595,1421,69,90226.0
1693,1596,1422,69,90276.0
1694,1597,1423,69,90326.0
1695,1598,1424,69,90376.0
1696,1599,1425,69,90426.0
1697,1600,1426,69,90476.0
1698,1601,1427,69,90526.0
1699,1602,1428,69,90576.0
1700,1603,1429,69,90626.0
1701,1604,1430,69,90676.0
1702,1605,1431,69,90726.0
1703,1606,1432,69,90776.0
1704,1607,1433,69,90826.0
1705,1608,1434,69,90876.0
1706,1609,1434,70,90926.0
1707,1610,1435,70,90976.0
1708,1611,1436,70,91026.0
1709,1612,1437,70,91076.0
1709,1612,1437,70,91126.0
1711,1613,1437,70,91176.0
1712,1614,1438,70,91226.0
1713,1615,1439,70,91276.0
1714,1616,1440,70,91326.0
1715,1617,1441,70,91376.0
1716,1618,1442,70,91426.0
1717,1619,1443,70,91476.0
1718,1620,1444,70,91526.0
1719,1621,1445,70,91576.0
1720,1622,1446,70,91626.0
1721,1623,1447,70,91676.0
1722,1624,1448,70,91726.0
1723,1625,1449,70,91776.0
1724,1626,1450,70,91826.0
1725,1627,1451,70,91876.0
1726,1628,1452,70,91926.0
1726,1628,1452,70,91976.0
1728,1629,1452,70,92026.0
1729,1630,1453,70,92076.0
1730,1631,1454,70,92126.0
1731,1632,1455,70,92176.0
1732,1633,1456,70,92226.0
1733,1634,1457,70,92276.0
1734,1635,1458,70,92326.0
1735,1636,1459,70,92376.0
1736,1637,1460,70,92426.0
1737,1638,1461,70,92476.0
1738,1639,1462,70,92526.0
1739,1640,1463,70,92576.0
1740,1641,1464,70,92626.0
1741,1642,1465,70,92676.0
1742,1643,1466,70,92726.0
1743,1644,1467,70,92776.0
1744,1645,1468,70,92826.0
1745,1646,1469,70,92876.0
1746,1647,1470,70,92926.0
1747,1648,1471,70,92976.0
1748,1649,1472,70,93026.0
1749,1650,1473,70,93076.0
1750,1651,1474,70,93126.0
1751,1652,1475,70,93176.0
1752,1653,1476,70,93226.0
1753,1654,1477,70,93276.0
1754,1655,1478,70,93326.0
1754,1655,1478,70,93376.0
1756,1656,1478,70,93426.0
1757,1657,1479,70,93476.0
1758,1658,1480,70,93526.0
1759,1659,1481,70,93576.0
1760,1660,1482,70,93626.0
1761,1661,1483,70,93676.0
1762,1662,1484,70,93726.0
1763,1663,1485,70,93776.0
1764,1664,1486,70,93826.0
1765,1665,1487,70,93876.0
1766,1666,1488,70,93926.0
1767,1667,1488,71,93976.0
1768,1668,1489,71,94026.0
1768,1668,1489,71,94076.0
1770,1669,1489,71,94126.0
1771,1670,1490,71,94176.0
1772,1671,1491,71,94226.0
1772,1671,1491,71,94276.0
1774,1672,1491,71,94326.0
1775,1673,1492,71,94376.0
1776,1674,1493,71,94426.0
1777,1675,1494,71,94476.0
1778,1676,1494,72,94526.0
1779,1677,1495,72,94576.0
1780,1678,1496,72,94626.0
1781,1679,1497,72,94676.0
1782,1680,1498,72,94726.0
1783,1681,1499,72,94776.0
1784,1682,1500,72,94826.0
1785,1683,1501,72,94876.0
1786,1684,1502,72,94926.0
1787,1685,1503,72,94976.0
1788,1686,1504,72,95026.0
1789,1687,1504,73,95076.0
1790,1688,1505,73,95126.0
1791,1689,1506,73,95176.0
1792,1690,1507,73,95226.0
1793,1691,1508,73,95276.0
1794,1692,1509,73,95326.0
1795,1693,1510,73,95376.0
1796,1694,1511,73,95426.0
1797,1695,1512,73,95476.0
1798,1696,1513,73,95526.0
1799,1697,1513,74,95576.0
1800,1698,1513,75,95626.0
1801,1699,1514,75,95676.0
1802,1700,1515,75,95726.0
1803,1701,1516,75,95776.0
1804,1702,1517,75,95826.0
1805,1703,1518,75,95876.0
1806,1704,1519,75,95926.0
1807,1705,1520,75,95976.0
1808,1706,1521,75,96026.0
1809,1707,1522,75,96076.0
1810,1708,1523,75,96126.0
1811,1709,1524,75,96176.0
1812,1710,1525,75,96226.0
1813,1711,1526,75,96276.0
1814,1712,1527,75,96326.0
1815,1713,1528,75,96376.0
1816,1714,1529,75,96426.0
1817,1715,1530,75,96476.0
1818,1716,1531,75,96526.0
1819,1717,1532,75,96576.0
1820,1718,1533,75,96626.0
1821,1719,1534,75,96676.0
1822,1720,1535,75,96726.0
1823,1721,1536,75,96776.0
1824,1722,1537,75,96826.0
1825,1723,1538,75,96876.0
1826,1724,1539,75,96926.0
1827,1725,1540,75,96976.0
1828,1726,1541,75,97026.0
1829,1727,1542,75,97076.0
1829,1727,1542,75,97126.0
1831,1728,1542,75,97176.0
1832,1729,1543,75,97226.0
1833,1730,1544,75,97276.0
1834,1731,1545,75,97326.0
1835,1732,1546,75,97376.0
1836,1733,1547,75,97426.0
1837,1734,1548,75,97476.0
1838,1735,1549,75,97526.0
1839,1736,1550,75,97576.0
1840,1737,1551,75,97626.0
1840,1737,1551,75,97676.0
1842,1738,1551,75,97726.0
1843,1739,1552,75,97776.0
1844,1740,1553,75,97826.0
1845,1741,1554,75,97876.0
1846,1742,1555,75,97926.0
1847,1743,1556,75,97976.0
1848,1744,1557,75,98026.0
1849,1745,1558,75,98076.0
1850,1746,1559,75,98126.0
1851,1747,1560,75,98176.0
1851,1747,1560,75,98226.0
1853,1748,1560,75,98276.0
1854,1749,1561,75,98326.0
1855,1750,1562,75,98376.0
1856,1751,1563,75,98426.0
1857,1752,1564,75,98476.0
1858,1753,1564,76,98526.0
1859,1754,1565,76,98576.0
1860,1755,1566,76,98626.0
1861,1756,1567,76,98676.0
1861,1756,1567,76,98726.0
1861,1756,1567,76,98776.0
1864,1757,1567,76,98826.0
1865,1758,1568,76,98876.0
1866,1759,1569,76,98926.0
1867,1760,1570,76,98976.0
1868,1761,1571,76,99026.0
1869,1762,1572,76,99076.0
1870,1763,1573,76,99126.0
1871,1764,1574,76,99176.0
1872,1765,1575,76,99226.0
1873,1766,1576,76,99276.0
1874,1767,1577,76,99326.0
1875,1768,1578,76,99376.0
1876,1769,1579,76,99426.0
1877,1770,1580,76,99476.0
1878,1771,1581,76,99526.0
1879,1772,1582,76,99576.0
1880,1773,1583,76,99626.0
1881,1774,1584,76,99676.0
1882,1775,1585,76,99726.0
1883,1776,1586,76,99776.0
1884,1777,1587,76,99826.0
1885,1778,1588,76,99876.0
1886,1779,1589,76,99926.0
1887,1780,1590,76,99976.0
1888,1781,1591,76,100026.0
1889,1782,1592,76,100076.0
1890,1783,1593,76,100126.0
1891,1784,1594,76,100176.0
1892,1785,1595,76,100226.0
1893,1786,1596,76,100276.0
1894,1787,1597,76,100326.0
1895,1788,1597,77,100376.0
1896,1789,1598,77,100426.0
1897,1790,1599,77,100476.0
1898,1791,1600,77,100526.0
1899,1792,1601,77,100576.0
1900,1793,1602,77,100626.0
1901,1794,1603,77,100676.0
1902,1795,1604,77,100726.0
1903,1796,1605,77,100776.0
1904,1797,1606,77,100826.0
1905,1798,1607,77,100876.0
1906,1799,1607,78,100926.0
1907,1800,1608,78,100976.0
1908,1801,1609,78,101026.0
1909,1802,1610,78,101076.0
1910,1803,1611,78,101126.0
1911,1804,1612,78,101176.0
1912,1805,1613,78,101226.0
1913,1806,1614,78,101276.0
1914,1807,1615,78,101326.0
1915,1808,1616,78,101376.0
1916,1809,1617,78,101426.0
1917,1810,1618,78,101476.0
1918,1811,1619,78,101526.0
1919,1812,1620,78,101576.0
1920,1813,1620,79,101626.0
1920,1813,1620,79,101676.0
1922,1814,1620,79,101726.0
1923,1815,1620,79,101776.0
1924,1816,1621,79,101826.0
1925,1817,1622,79,101876.0
1926,1818,1623,79,101926.0
1927,1819,1624,79,101976.0
1928,1820,1625,79,102026.0
1929,1821,1626,79,102076.0
1930,1822,1627,79,102126.0
1931,1823,1628,79,102176.0
1932,1824,1629,79,102226.0
1933,1825,1630,79,102276.0
1934,1826,1631,79,102326.0
1935,1827,1632,79,102376.0
1936,1828,1633,79,102426.0
1937,1829,1634,79,102476.0
1938,1830,1635,79,102526.0
1939,1831,1636,79,102576.0
1940,1832,1637,79,102626.0
1941,1833,1638,79,102676.0
1942,1834,1639,79,102726.0
1943,1835,1640,79,102776.0
1944,1836,1641,79,102826.0
1945,1837,1642,79,102876.0
1946,1838,1643,79,102926.0
1947,1839,1644,79,102976.0
1948,1840,1645,79,103026.0
1949,1841,1646,79,103076.0
1950,1842,1647,79,103126.0
1951,1843,1648,79,103176.0
1952,1844,1649,79,103226.0
1953,1845,1650,79,103276.0
1954,1846,1651,79,103326.0
1955,1847,1652,79,103376.0
1956,1848,1653,79,103426.0
1957,1849,1654,79,103476.0
1957,1849,1654,79,103526.0
1959,1850,1654,79,103576.0
1960,1851,1655,79,103626.0
1961,1852,1656,79,103676.0
1962,1853,1657,79,103726.0
1963,1854,1658,79,103776.0
1964,1855,1659,79,103826.0
1965,1856,1659,80,103876.0
1966,1857,1660,80,103926.0
1967,1858,1661,80,103976.0
1968,1859,1662,80,104026.0
1968,1859,1662,80,104076.0
1970,1860,1662,80,104126.0
1971,1861,1663,80,104176.0
1972,1862,1664,80,104226.0
1973,1863,1665,80,104276.0
1974,1864,1666,80,104326.0
1975,1865,1667,80,104376.0
1976,1866,1668,80,104426.0
1977,1867,1669,80,104476.0
1978,1868,1670,80,104526.0
1979,1869,1671,80,104576.0
1980,1870,1672,80,104626.0
1981,1871,1673,80,104676.0
1982,1872,1674,80,104726.0
1982,1872,1674,80,104776.0
1984,1873,1674,80,104826.0
1985,1874,1675,80,104876.0
1985,1874,1675,80,104926.0
1987,1875,1675,80,104976.0
1988,1876,1676,80,105026.0
1989,1877,1677,80,105076.0
1990,1878,1678,80,105126.0
1991,1879,1679,80,105176.0
1992,1880,1680,80,105226.0
1993,1881,1681,80,105276.0
1994,1882,1682,80,105326.0
1995,1883,1683,80,105376.0
1996,1884,1684,80,105426.0
1997,1885,1685,80,105476.0
1998,1886,1686,80,105526.0
1999,1887,1687,80,105576.0
2000,1888,1688,80,105626.0
2001,1889,1689,80,105676.0
2002,1890,1690,80,105726.0
2003,1891,1691,80,105776.0
2004,1892,1692,80,105826.0
2005,1893,1693,80,105876.0
2006,1894,1694,80,105926.0
2007,1895,1695,80,105976.0
2008,1896,1696,80,106026.0
2009,1897,1697,80,106076.0
2010,1898,1698,80,106126.0
2011,1899,1699,80,106176.0
2012,1900,1700,80,106226.0
2013,1901,1701,80,106276.0
2014,1902,1702,80,106326.0
2015,1903,1703,80,106376.0
2016,1904,1704,80,106426.0
2017,1905,1705,80,106476.0
2018,1906,1706,80,106526.0
2019,1907,1707,80,106576.0
2020,1908,1708,80,106626.0
2020,1908,1708,80,106676.0
2022,1909,1708,80,106726.0
2023,1910,1709,80,106776.0
2024,1911,1710,80,106826.0
2025,1912,1711,80,106876.0
2026,1913,1712,80,106926.0
2027,1914,1713,80,106976.0
2027,1914,1713,80,107026.0
2029,1915,1713,80,107076.0
2030,1916,1714,80,107126.0
2031,1917,1715,80,107176.0
2032,1918,1716,80,107226.0
2033,1919,1717,80,107276.0
2034,1920,1718,80,107326.0
2035,1921,1719,80,107376.0
2036,1922,1720,80,107426.0
2037,1923,1721,80,107476.0
2038,1924,1722,80,107526.0
2039,1925,1723,80,107576.0
2040,1926,1724,80,107626.0
2041,1927,1725,80,107676.0
2042,1928,1726,80,107726.0
2043,1929,1727,80,107776.0
2044,1930,1728,80,107826.0
2045,1931,1729,80,107876.0
2046,1932,1730,80,107926.0
2047,1933,1731,80,107976.0
2048,1934,1732,80,108026.0
2049,1935,1733,80,108076.0
2050,1936,1734,80,108126.0
2051,1937,1735,80,108176.0
2052,1938,1736,80,108226.0
2053,1939,1736,81,108276.0
2054,1940,1737,81,108326.0
2055,1941,1738,81,108376.0
2055,1941,1738,81,108426.0
2056,1942,1739,81,108476.0
2057,1943,1740,81,108526.0
2058,1944,1741,81,108576.0
2059,1945,1742,81,108626.0
2060,1946,1743,81,108676.0
2061,1947,1744,81,108726.0
2062,1948,1745,81,108776.0
2063,1949,1746,81,108826.0
2064,1950,1747,81,108876.0
2065,1951,1748,81,108926.0
2066,1952,1749,81,108976.0
2067,1953,1750,81,109026.0
2068,1954,1751,81,109076.0
2069,1955,1752,81,109126.0
2070,1956,1753,81,109176.0
2071,1957,1754,81,109226.0
2072,1958,1755,81,109276.0
2073,1959,1756,81,109326.0
2074,1960,1757,81,109376.0
2075,1961,1758,81,109426.0
2076,1962,1759,81,109476.0
2077,1963,1760,81,109526.0
2078,1964,1761,81,109576.0
2079,1965,1762,81,109626.0
2080,1966,1763,81,109676.0
2081,1967,1764,81,109726.0
2082,1968,1765,81,109776.0
2083,1969,1766,81,109826.0
2084,1970,1767,81,109876.0
2085,1971,1768,81,109926.0
2086,1972,1769,81,109976.0
2087,1973,1770,81,110026.0
2088,1974,1771,81,110076.0
2089,1975,1772,81,110126.0
2090,1976,1773,81,110176.0
2091,1977,1773,82,110226.0
2092,1978,1774,82,110276.0
2093,1979,1775,82,110326.0
2094,1980,1776,82,110376.0
2095,1981,1777,82,110426.0
2096,1982,1778,82,110476.0
2097,1983,1779,82,110526.0
2098,1984,1780,82,110576.0
2099,1985,1781,82,110626.0
2100,1986,1782,82,110676.0
2101,1987,1783,82,110726.0
2102,1988,1784,82,110776.0
2103,1989,1785,82,110826.0
2104,1990,1786,82,110876.0
2105,1991,1787,82,110926.0
2106,1992,1788,82,110976.0
2107,1993,1789,82,111026.0
2108,1994,1790,82,111076.0
2109,1995,1791,82,111126.0
2110,1996,1792,82,111176.0
2111,1997,1793,82,111226.0
2112,1998,1794,82,111276.0
2113,1999,1795,82,111326.0
