,timestamp,logNumber,Statistic.recvSeq1,Statistic.recvNum1,Statistic.compute1num1,Statistic.compute2num1,Statistic.dist1,Statistic.distReal1,UAV1x,UAV1y,UAV1z,UAV3x,UAV3y,UAV3z,distance_3_to_1,Statistic.recvSeq3,Statistic.recvNum3,Statistic.compute1num3,Statistic.compute2num3,Statistic.dist3,Statistic.distReal3
0,46178,1,335.0,331.0,326.0,1.0,275.0,0.0,0.91308683,-0.7938329,0.053071924,-0.92115176,1.2338923,0.07565833,2.734339169605663,,,,,,
1,35947,0,,,,,,,0.91155106,-0.7949579,0.054954465,-0.92116714,1.2340095,0.07611197,2.734229695864635,437.0,332.0,325.0,3.0,273.0,0.0
2,46278,1,336.0,332.0,327.0,1.0,278.0,0.0,0.9119883,-0.7945425,0.054253697,-0.9211003,1.2339985,0.075806014,2.7341648445880447,,,,,,
3,36047,0,,,,,,,0.9115018,-0.79496455,0.054973297,-0.9210187,1.2341796,0.07564966,2.734224822032646,438.0,333.0,326.0,3.0,277.0,0.0
4,46378,1,337.0,333.0,328.0,1.0,275.0,0.0,0.9127538,-0.7940237,0.053455267,-0.92104423,1.2341166,0.075740576,2.7343491052050624,,,,,,
5,36147,0,,,,,,,0.9127951,-0.79397744,0.053392816,-0.9212343,1.23396,0.075649075,2.7343535729005763,439.0,334.0,327.0,3.0,277.0,0.0
6,46478,1,338.0,334.0,329.0,1.0,273.0,0.0,0.9115127,-0.7949786,0.054988753,-0.9212122,1.2339263,0.07589952,2.7341859193468427,,,,,,
7,36247,0,,,,,,,0.9130149,-0.7938681,0.05315368,-0.92110926,1.2340463,0.07562619,2.734401854488662,440.0,335.0,328.0,3.0,274.0,0.0
8,46578,1,339.0,335.0,330.0,1.0,267.0,0.0,0.9112778,-0.7949786,0.055097383,-0.9210969,1.2341527,0.075655535,2.7341166651396183,,,,,,
9,36347,0,,,,,,,0.9113922,-0.79497814,0.05502053,-0.92092854,1.2337537,0.07608648,2.733787792642361,441.0,336.0,329.0,3.0,269.0,0.0
10,46678,1,340.0,336.0,331.0,1.0,268.0,0.0,0.91147137,-0.79497075,0.054977495,-0.92119366,1.2339526,0.07551645,2.734156788451867,,,,,,
11,36447,0,,,,,,,0.91306084,-0.7938676,0.053129498,-0.9213545,1.2339166,0.07512483,2.734496792546682,442.0,337.0,330.0,3.0,268.0,0.0
12,46778,1,341.0,337.0,332.0,1.0,268.0,0.0,0.9122006,-0.7943998,0.05421647,-0.9212782,1.233937,0.07586434,2.7342756255885017,,,,,,
13,36547,0,,,,,,,0.91302043,-0.79384536,0.05314562,-0.92111576,1.2340573,0.0757665,2.734402392983098,443.0,338.0,331.0,3.0,268.0,0.0
14,46878,1,342.0,338.0,333.0,1.0,273.0,0.0,0.91273755,-0.7940207,0.05346418,-0.92081124,1.2337017,0.076109655,2.7338748921086853,,,,,,
15,36647,0,,,,,,,0.91231257,-0.79432505,0.05341138,-0.92115235,1.23399,0.0760893,2.734258527737441,444.0,339.0,332.0,3.0,272.0,0.0
16,36747,0,,,,,,,0.9114452,-0.79500824,0.055028167,-0.9212449,1.2339853,0.075608954,2.734225978096626,445.0,340.0,333.0,3.0,276.0,0.0
17,46978,1,343.0,339.0,334.0,1.0,276.0,0.0,0.9114459,-0.794989,0.054996166,-0.9212156,1.233955,0.07564285,2.734170497957255,,,,,,
18,47078,1,344.0,340.0,335.0,1.0,278.0,0.0,0.91121894,-0.7951094,0.055306613,-0.9212199,1.2341906,0.07539837,2.7342812799825587,,,,,,
19,36847,0,,,,,,,0.9111886,-0.79508716,0.055271603,-0.92098284,1.2343808,0.07627299,2.7342336858461596,446.0,341.0,334.0,3.0,276.0,0.0
20,36947,0,,,,,,,0.91116947,-0.7950942,0.05529467,-0.92102057,1.2341311,0.07565951,2.734061187400514,447.0,342.0,335.0,3.0,282.0,0.0
21,47178,1,345.0,341.0,336.0,1.0,281.0,0.0,0.9112137,-0.79506373,0.05521191,-0.9211478,1.2339164,0.07612634,2.733998318964794,,,,,,
22,47278,1,346.0,342.0,337.0,1.0,278.0,0.0,0.91152364,-0.7949697,0.054950602,-0.9212299,1.2340542,0.0755345,2.734290979528378,,,,,,
23,37047,0,,,,,,,0.9114215,-0.79499805,0.05504967,-0.92116344,1.2340256,0.07569726,2.7341782212990933,448.0,343.0,336.0,3.0,278.0,0.0
24,37147,0,,,,,,,0.9122744,-0.79420024,0.053457383,-0.9212951,1.233755,0.076090865,2.7340614763943263,449.0,344.0,337.0,3.0,272.0,0.0
25,47378,1,347.0,343.0,338.0,1.0,271.0,0.0,0.9129932,-0.79383296,0.05312629,-0.92103493,1.2332059,0.076824695,2.7336984334235064,,,,,,
26,37247,0,,,,,,,0.9127159,-0.7940922,0.05356847,-0.92117447,1.2339709,0.07593921,2.734354468506492,450.0,345.0,338.0,3.0,276.0,0.0
27,47478,1,348.0,344.0,339.0,1.0,278.0,0.0,0.912798,-0.7939816,0.053363357,-0.9211428,1.2339631,0.07566648,2.7342999484780273,,,,,,
28,47578,1,349.0,345.0,340.0,1.0,276.0,0.0,0.91306794,-0.7938202,0.053036653,-0.9213241,1.233708,0.07604901,2.734299688811742,,,,,,
29,37347,0,,,,,,,0.913237,-0.7938253,0.053055547,-0.92133117,1.2337873,0.075971864,2.7344795909935415,451.0,346.0,339.0,3.0,278.0,0.0
30,47678,1,350.0,346.0,341.0,1.0,271.0,0.0,0.91267645,-0.794203,0.052867338,-0.9212255,1.2339358,0.07567058,2.7344219501296863,,,,,,
31,37447,0,,,,,,,0.9127148,-0.7940894,0.053553883,-0.9210768,1.2340271,0.07577833,2.734326528565086,452.0,347.0,340.0,3.0,271.0,0.0
32,47778,1,351.0,347.0,342.0,1.0,269.0,0.0,0.9115498,-0.7949784,0.054951105,-0.9212244,1.2341417,0.075439714,2.7343753874089987,,,,,,
33,37547,0,,,,,,,0.91156256,-0.7949043,0.054841913,-0.9211661,1.23413,0.07552685,2.7342828267403827,453.0,348.0,341.0,3.0,271.0,0.0
34,47878,1,352.0,348.0,343.0,1.0,273.0,0.0,0.9127719,-0.7940611,0.053479206,-0.9212656,1.2340077,0.07593373,2.7344580619442067,,,,,,
35,37647,0,,,,,,,0.9130931,-0.7938545,0.05307672,-0.92113686,1.2339244,0.076149374,2.7343772533257846,454.0,349.0,342.0,3.0,270.0,0.0
36,47978,1,353.0,349.0,344.0,1.0,273.0,0.0,0.9127269,-0.79407156,0.053533647,-0.9210485,1.234316,0.07543419,2.734514197183541,,,,,,
37,37747,0,,,,,,,0.910948,-0.7954571,0.055171702,-0.92109114,1.2339604,0.07581632,2.734104785622207,455.0,350.0,343.0,3.0,274.0,0.0
38,37847,0,,,,,,,0.91144353,-0.7951906,0.055054694,-0.9211133,1.2341505,0.07647549,2.7344010727955155,456.0,351.0,344.0,3.0,273.0,0.0
39,48078,1,354.0,350.0,345.0,1.0,273.0,0.0,0.9113415,-0.7951844,0.055071585,-0.9213539,1.23405,0.076138385,2.7344118926721874,,,,,,
40,48178,1,355.0,351.0,346.0,1.0,273.0,0.0,0.9109491,-0.7955732,0.05580589,-0.9210536,1.2340834,0.075775854,2.7342528381409092,,,,,,
41,37947,0,,,,,,,0.91092527,-0.7955982,0.055785857,-0.9211424,1.2340109,0.07565127,2.7342604691514842,457.0,352.0,345.0,3.0,273.0,0.0
42,38047,0,,,,,,,0.9107521,-0.79557794,0.055929687,-0.92106235,1.2340046,0.07584449,2.7340713576481774,458.0,353.0,346.0,3.0,274.0,0.0
43,48278,1,356.0,352.0,347.0,1.0,272.0,0.0,0.9109827,-0.7957703,0.056147065,-0.9211347,1.2339414,0.07620205,2.7343712604570243,,,,,,
44,38147,0,,,,,,,0.9112191,-0.7952208,0.05595417,-0.92170894,1.2327193,0.07658457,2.7336041551446244,459.0,354.0,347.0,3.0,277.0,0.0
45,48378,1,357.0,353.0,348.0,1.0,282.0,0.0,0.9113463,-0.7951974,0.055891402,-0.92192245,1.2328562,0.076551214,2.7339170193610856,,,,,,
46,48478,1,358.0,354.0,349.0,1.0,278.0,0.0,0.9122997,-0.79541886,0.056145724,-0.92367065,1.2329034,0.07650112,2.7359262939600013,,,,,,
47,38247,0,,,,,,,0.91303754,-0.7950329,0.05530685,-0.92374825,1.2326223,0.076564446,2.735985972283702,460.0,355.0,348.0,3.0,282.0,0.0
48,48578,1,359.0,355.0,350.0,1.0,273.0,0.0,0.912939,-0.79500157,0.055715885,-0.92394435,1.2322214,0.07721038,2.7357329670427837,,,,,,
49,38347,0,,,,,,,0.9123012,-0.7948046,0.055688143,-0.9239378,1.2325561,0.0778666,2.7354079758290255,461.0,356.0,349.0,3.0,274.0,0.0
50,48678,1,360.0,356.0,351.0,1.0,273.0,0.0,0.9141384,-0.7929219,0.052956823,-0.92319566,1.2333072,0.080412865,2.7353527629201464,,,,,,
51,38447,0,,,,,,,0.91367257,-0.7940542,0.054568566,-0.9231593,1.2332112,0.08075822,2.7357707556627213,462.0,357.0,350.0,3.0,272.0,0.0
52,48778,1,361.0,357.0,352.0,1.0,278.0,0.0,0.9146331,-0.7936267,0.053348426,-0.92077714,1.2370088,0.08567835,2.7373813917664673,,,,,,
53,38547,0,,,,,,,0.9144098,-0.7942771,0.054415587,-0.9206285,1.23708,0.08590521,2.737657509438974,463.0,358.0,351.0,3.0,278.0,0.0
54,38647,0,,,,,,,0.912092,-0.79514253,0.05735465,-0.9158087,1.2424461,0.09334466,2.7375688754728515,464.0,359.0,352.0,3.0,273.0,0.0
55,48878,1,362.0,358.0,353.0,1.0,272.0,0.0,0.9140905,-0.7949086,0.055747468,-0.915442,1.2430452,0.09460122,2.738969643328292,,,,,,
56,48978,1,363.0,359.0,354.0,1.0,271.0,0.0,0.91460454,-0.7943692,0.055055406,-0.9165528,1.2434703,0.107201055,2.7401908319884756,,,,,,
57,38747,0,,,,,,,0.91456217,-0.79437494,0.05512799,-0.91595304,1.2441514,0.10856638,2.7402975795256417,465.0,360.0,353.0,3.0,271.0,0.0
58,38847,0,,,,,,,0.9144557,-0.793781,0.054905668,-0.9207318,1.2390414,0.123949155,2.739534032531228,466.0,361.0,354.0,3.0,273.0,0.0
59,49078,1,364.0,360.0,355.0,1.0,272.0,0.0,0.9134204,-0.7933239,0.05342344,-0.9207579,1.2381549,0.12629779,2.7379603397533665,,,,,,
60,49178,1,365.0,361.0,356.0,1.0,270.0,0.0,0.9112658,-0.79599315,0.061393153,-0.9290773,1.226771,0.14125241,2.735839053125567,,,,,,
61,38947,0,,,,,,,0.9117267,-0.7948625,0.060301527,-0.93014026,1.2249082,0.14241943,2.734719483140113,467.0,362.0,355.0,3.0,270.0,0.0
62,49278,1,366.0,362.0,357.0,1.0,270.0,0.0,0.9090729,-0.7956594,0.06869443,-0.93715507,1.2133263,0.15010579,2.7296902728528085,,,,,,
63,39047,0,,,,,,,0.9093507,-0.79596144,0.07006219,-0.9379146,1.2118641,0.15068579,2.7295151101687822,468.0,363.0,356.0,3.0,271.0,0.0
64,39147,0,,,,,,,0.9045887,-0.7992442,0.08752439,-0.94209754,1.2020012,0.15366001,2.7238956570115747,469.0,364.0,357.0,3.0,269.0,0.0
65,49378,1,367.0,363.0,358.0,1.0,268.0,0.0,0.90522635,-0.7987136,0.088076994,-0.9423107,1.2010739,0.15446396,2.723407914289508,,,,,,
66,39247,0,,,,,,,0.9083628,-0.7984772,0.10892287,-0.943832,1.1932044,0.15893751,2.7202798550028344,470.0,365.0,358.0,3.0,266.0,0.0
67,49478,1,368.0,364.0,359.0,1.0,266.0,0.0,0.9096932,-0.797695,0.11003161,-0.9441046,1.1926316,0.1599822,2.720378919604947,,,,,,
68,49578,1,369.0,365.0,360.0,1.0,268.0,0.0,0.91117084,-0.80007774,0.13065189,-0.94222754,1.1892772,0.17117295,2.7192388667682987,,,,,,
69,39347,0,,,,,,,0.91129863,-0.80061173,0.13269882,-0.941928,1.189233,0.17190093,2.7194609235610367,471.0,366.0,359.0,3.0,269.0,0.0
70,49678,1,370.0,366.0,361.0,1.0,265.0,0.0,0.9132467,-0.8022846,0.1423747,-0.9408848,1.1890887,0.18121722,2.7211908856017657,,,,,,
71,39447,0,,,,,,,0.91295063,-0.8033579,0.14426701,-0.94061756,1.18926,0.18402319,2.72173134060389,472.0,367.0,360.0,3.0,266.0,0.0
72,49778,1,371.0,367.0,362.0,1.0,272.0,0.0,0.91438985,-0.80779105,0.1554156,-0.93701625,1.1924597,0.20724364,2.726058328746482,,,,,,
73,39547,0,,,,,,,0.914819,-0.80829984,0.1549809,-0.93668145,1.192216,0.2100841,2.7263812137463974,473.0,368.0,361.0,3.0,270.0,0.0
74,39647,0,,,,,,,0.9129924,-0.8119889,0.15948172,-0.93421227,1.1960341,0.23313913,2.7294224711834407,474.0,369.0,362.0,3.0,269.0,0.0
75,49878,1,372.0,368.0,363.0,1.0,269.0,0.0,0.9139088,-0.811535,0.159395,-0.9338205,1.1962063,0.23526552,2.729630980789278,,,,,,
76,49978,1,373.0,369.0,364.0,1.0,267.0,0.0,0.9098396,-0.81527644,0.16390975,-0.93221825,1.1992713,0.2577067,2.731369223411564,,,,,,
77,39747,0,,,,,,,0.90912753,-0.8151796,0.16549662,-0.93175715,1.199737,0.26068452,2.7308982664424435,475.0,370.0,363.0,3.0,269.0,0.0
78,39847,0,,,,,,,0.90687406,-0.81770855,0.1687334,-0.93143296,1.200438,0.26974627,2.7317561506479673,476.0,371.0,364.0,3.0,268.0,0.0
79,50078,1,374.0,370.0,365.0,1.0,267.0,0.0,0.90660495,-0.8183607,0.169987,-0.93098396,1.2012949,0.27246904,2.732442995550443,,,,,,
80,50178,1,375.0,371.0,366.0,1.0,266.0,0.0,0.8997331,-0.81416553,0.18546465,-0.92823917,1.2060213,0.30917484,2.7272590689005995,,,,,,
81,39947,0,,,,,,,0.89692926,-0.8174489,0.19009896,-0.9278131,1.20688,0.31222776,2.7280959759134578,477.0,372.0,365.0,3.0,269.0,0.0
82,40047,0,,,,,,,0.89131343,-0.8177861,0.22174071,-0.9313872,1.2101936,0.34193626,2.7293564800263104,478.0,373.0,366.0,3.0,264.0,0.0
83,50278,1,376.0,372.0,367.0,1.0,266.0,0.0,0.89262885,-0.8175822,0.22375722,-0.9303841,1.2109904,0.34464908,2.7300362044644197,,,,,,
84,40147,0,,,,,,,0.8919728,-0.81658566,0.25888768,-0.9061438,1.2039281,0.36943376,2.707013026099532,479.0,374.0,367.0,3.0,265.0,0.0
85,50378,1,377.0,373.0,368.0,1.0,267.0,0.0,0.8924034,-0.8163894,0.26380712,-0.90402466,1.2029936,0.37120897,2.7049207997115574,,,,,,
86,40247,0,,,,,,,0.8955606,-0.8159243,0.29650038,-0.8755049,1.1823605,0.3907973,2.6718358905911517,480.0,375.0,368.0,3.0,269.0,0.0
87,50478,1,378.0,374.0,369.0,1.0,269.0,0.0,0.8958163,-0.8154228,0.30016392,-0.8714608,1.1789385,0.3930018,2.666339103562857,,,,,,
88,50578,1,379.0,375.0,370.0,1.0,264.0,0.0,0.9007634,-0.8147051,0.33395836,-0.8281862,1.1419187,0.4082476,2.6121183149792446,,,,,,
89,40347,0,,,,,,,0.9036408,-0.81356925,0.34663925,-0.805328,1.1220422,0.41367698,2.5829557698718366,481.0,376.0,369.0,3.0,267.0,0.0
90,50678,1,380.0,376.0,371.0,1.0,254.0,0.0,0.9081253,-0.8125112,0.36911774,-0.76170164,1.0811878,0.4214043,2.5253023847730165,,,,,,
91,40447,0,,,,,,,0.90786636,-0.81273,0.3732935,-0.75502557,1.0731088,0.42210007,2.5147523169822628,482.0,377.0,370.0,3.0,258.0,0.0
92,50778,1,381.0,377.0,372.0,1.0,250.0,0.0,0.91417736,-0.81145734,0.39690578,-0.6924151,1.0140226,0.43230498,2.432029907274491,,,,,,
93,50878,1,382.0,378.0,373.0,1.0,241.0,0.0,0.92104495,-0.8099312,0.4140077,-0.62714416,0.9510698,0.44290942,2.3449625763917092,,,,,,
94,50978,1,383.0,379.0,374.0,1.0,227.0,0.0,0.9248322,-0.8085696,0.4338427,-0.54831606,0.8735413,0.45655105,2.2361079619540223,,,,,,
95,51078,1,384.0,380.0,375.0,1.0,217.0,0.0,0.93029916,-0.80963224,0.44437703,-0.47937146,0.8038302,0.46977365,2.1426799190943457,,,,,,
96,51178,1,385.0,381.0,376.0,1.0,210.0,0.0,0.93451947,-0.8105971,0.4507461,-0.4209484,0.7446925,0.4793872,2.063259334372574,,,,,,
97,40547,0,,,,,,,0.93471533,-0.8108941,0.4518138,-0.4088412,0.72902715,0.48411304,2.0439043355788007,483.0,378.0,371.0,3.0,251.0,0.0
98,40647,0,,,,,,,0.93549746,-0.8115218,0.45404983,-0.3896556,0.70816696,0.4878078,2.016587354296347,484.0,379.0,372.0,3.0,244.0,0.0
99,40747,0,,,,,,,0.934221,-0.81242937,0.45822233,-0.35990465,0.67363775,0.49333057,1.9708853723566522,485.0,380.0,373.0,3.0,232.0,0.0
100,51278,1,386.0,382.0,377.0,1.0,199.0,0.0,0.93666434,-0.812334,0.4568848,-0.35394353,0.6669373,0.49377653,1.963485009873761,,,,,,
101,40847,0,,,,,,,0.9366026,-0.81281596,0.45759583,,,,1.321850274103884,486.0,381.0,374.0,3.0,220.0,0.0
102,40947,0,,,,,,,0.93719256,-0.81228286,0.4576115,-0.34194592,0.6544048,0.49559402,1.946486728527216,487.0,382.0,375.0,3.0,214.0,0.0
103,41047,0,,,,,,,0.93760985,-0.81279624,0.458114,-0.33602408,0.6460495,0.49632835,1.9369653250701024,488.0,383.0,376.0,3.0,203.0,0.0
104,41147,0,,,,,,,0.936607,-0.81448764,0.46217504,-0.30085266,0.6080262,0.4983099,1.8857777626660923,489.0,384.0,377.0,3.0,192.0,0.0
105,51378,1,387.0,383.0,378.0,1.0,191.0,0.0,0.9357756,-0.8156835,0.46372664,-0.29502553,0.60036683,0.50000054,1.8765355448851,,,,,,
106,41247,0,,,,,,,0.93539447,-0.81746054,0.46854943,-0.24781212,0.54472774,0.5065175,1.8047095077952802,490.0,385.0,378.0,3.0,188.0,0.0
107,51478,1,388.0,384.0,379.0,1.0,184.0,0.0,0.93530595,-0.8171028,0.46897057,-0.24199858,0.5385826,0.5066877,1.7959263857558088,,,,,,
108,41347,0,,,,,,,0.9352171,-0.8188465,0.4745802,-0.18372098,0.4684939,0.5097312,1.7060197387274043,491.0,386.0,379.0,3.0,176.0,0.0
109,51578,1,389.0,385.0,380.0,1.0,172.0,0.0,0.934814,-0.8190774,0.47607112,-0.1774844,0.4630284,0.5096943,1.6976847383261136,,,,,,
110,41447,0,,,,,,,0.9363024,-0.81781656,0.48038337,-0.11887229,0.39360553,0.510158,1.6068054219471777,492.0,387.0,380.0,3.0,164.0,0.0
111,51678,1,390.0,386.0,381.0,1.0,162.0,0.0,0.9335563,-0.8204654,0.48263955,-0.11289372,0.3860539,0.51035565,1.5973460850560628,,,,,,
112,51778,1,391.0,387.0,382.0,1.0,157.0,0.0,0.9331342,-0.820569,0.48699123,,,,1.3346285384453176,,,,,,
113,41547,0,,,,,,,0.933218,-0.82069623,0.48864573,-0.053255703,0.3160966,0.5113567,1.5053053518621449,493.0,388.0,381.0,3.0,159.0,0.0
114,51878,1,392.0,388.0,383.0,1.0,144.0,0.0,0.933213,-0.8205327,0.49098605,-0.021918038,0.27484104,0.5115556,1.453458664253477,,,,,,
115,41647,0,,,,,,,0.93323517,-0.82060426,0.491931,-0.014977331,0.26649192,0.51068383,1.4426492303172178,494.0,389.0,382.0,3.0,148.0,0.0
116,41747,0,,,,,,,0.9347354,-0.81990623,0.49398348,0.010279257,0.23586996,0.5057704,1.4033608317213166,495.0,390.0,383.0,3.0,139.0,0.0
117,51978,1,393.0,389.0,383.0,1.0,144.0,0.0,0.93433666,-0.8198694,0.4934492,0.0097999815,0.23214209,0.5054995,1.400586128294326,,,,,,
118,41847,0,,,,,,,0.93434566,-0.82079387,0.49806952,0.026236683,0.21056154,0.49665815,1.374175308461821,496.0,391.0,384.0,3.0,136.0,0.0
119,52078,1,394.0,390.0,384.0,1.0,134.0,0.0,0.9345428,-0.82050437,0.4977125,0.02655969,0.20919415,0.49535698,1.3728502382691767,,,,,,
120,41947,0,,,,,,,0.93699497,-0.8191405,0.49775034,0.029625027,0.20072952,0.48843923,1.3651160631024264,497.0,392.0,385.0,3.0,130.0,0.0
121,52178,1,395.0,391.0,385.0,1.0,131.0,0.0,0.93715245,-0.81914383,0.49787855,0.029801836,0.2004615,0.48778614,1.364911035774009,,,,,,
122,52278,1,396.0,392.0,386.0,1.0,130.0,0.0,0.9385374,-0.8177916,0.49795002,0.026280953,0.1985251,0.48544136,1.3657481057226182,,,,,,
123,42047,0,,,,,,,0.93845516,-0.8176215,0.49782732,0.025502067,0.199088,0.4858601,1.3665009623076936,498.0,393.0,386.0,3.0,131.0,0.0
124,52378,1,397.0,393.0,387.0,1.0,130.0,0.0,0.9399119,-0.81722814,0.49860728,0.02134952,0.20164418,0.48903483,1.3718415437948128,,,,,,
125,42147,0,,,,,,,0.9400679,-0.817013,0.49892235,0.021155847,0.20223528,0.49113706,1.3723436018019823,499.0,394.0,387.0,3.0,129.0,0.0
126,52478,1,398.0,394.0,388.0,1.0,133.0,0.0,0.9396896,-0.81720626,0.50098467,0.02010492,0.20258223,0.49939343,1.3731740674304784,,,,,,
127,42247,0,,,,,,,0.93983847,-0.81692165,0.50064534,0.020751595,0.20351292,0.50021416,1.3733199469238375,500.0,395.0,388.0,3.0,131.0,0.0
128,52578,1,399.0,395.0,389.0,1.0,134.0,0.0,0.93962735,-0.8164289,0.5018072,0.023411766,0.19973524,0.5092246,1.3682454782277034,,,,,,
129,52678,1,400.0,396.0,390.0,1.0,133.0,0.0,0.9396056,-0.8159957,0.5028612,0.027544152,0.19655082,0.51325476,1.3627966151092537,,,,,,
130,52778,1,401.0,397.0,391.0,1.0,129.0,0.0,0.93885756,-0.81543404,0.5033213,0.04151359,0.18311134,0.5173276,1.3425778753391175,,,,,,
131,52878,1,402.0,398.0,392.0,1.0,125.0,0.0,0.9389709,-0.8140594,0.50420845,0.054190148,0.16821003,0.5173683,1.3220678387160751,,,,,,
132,42347,0,,,,,,,0.93919235,-0.81285274,0.5041769,0.059670124,0.16236225,0.5170399,1.3133046025101227,501.0,396.0,389.0,3.0,134.0,0.0
133,52978,1,403.0,399.0,393.0,1.0,124.0,0.0,0.9379501,-0.8135642,0.5050229,0.067140736,0.15801834,0.51328295,1.3047412429541936,,,,,,
134,42447,0,,,,,,,0.93796927,-0.813688,0.50459397,0.06843181,0.15593468,0.51381534,1.3024394709614313,502.0,397.0,390.0,3.0,132.0,0.0
135,42547,0,,,,,,,0.93799263,-0.81379086,0.50495774,0.07012186,0.15471733,0.51347315,1.3004923106406068,503.0,398.0,391.0,3.0,131.0,0.0
136,42647,0,,,,,,,0.93788785,-0.81356657,0.5047272,0.0711996,0.15262398,0.5139267,1.2979820439059877,504.0,399.0,392.0,3.0,125.0,0.0
137,42747,0,,,,,,,0.9379898,-0.81356573,0.5049652,0.073047064,0.15100263,0.5135292,1.2956046543248274,505.0,400.0,393.0,3.0,125.0,0.0
138,42847,0,,,,,,,0.9373818,-0.8125332,0.50573957,0.08258671,0.13658188,0.5142094,1.2773276268376221,506.0,401.0,394.0,3.0,123.0,0.0
139,53078,1,404.0,400.0,394.0,1.0,123.0,0.0,0.9376808,-0.81309384,0.5057867,0.084647216,0.13519503,0.51359844,1.275530872222994,,,,,,
140,42947,0,,,,,,,0.937236,-0.8125237,0.506072,0.09391621,0.12346987,0.5130191,1.2598890999704035,507.0,402.0,395.0,3.0,121.0,0.0
141,53178,1,405.0,401.0,395.0,1.0,120.0,0.0,0.93724823,-0.8124587,0.5059995,0.095051765,0.12232835,0.51267123,1.2582393244533778,,,,,,
142,53278,1,406.0,402.0,396.0,1.0,117.0,0.0,0.93696123,-0.8117705,0.5055529,0.103436045,0.11493643,0.51356286,1.2464405657578572,,,,,,
143,43047,0,,,,,,,0.9368622,-0.81174695,0.50539947,0.10331712,0.11587689,0.512174,1.247128401793962,508.0,403.0,396.0,3.0,118.0,0.0
144,53378,1,407.0,403.0,397.0,1.0,116.0,0.0,0.9381179,-0.8103317,0.5043232,0.10486869,0.11865367,0.5116772,1.2479471638759387,,,,,,
145,43147,0,,,,,,,0.93815905,-0.8104283,0.5045144,0.10328587,0.11961134,0.5118808,1.249816491797277,509.0,404.0,397.0,3.0,116.0,0.0
146,53478,1,408.0,404.0,398.0,1.0,118.0,0.0,0.93853384,-0.8089533,0.5043478,0.088192284,0.1332363,0.50950927,1.2691842264070925,,,,,,
147,43247,0,,,,,,,0.93830234,-0.80901873,0.50444764,0.08592912,0.1369681,0.5087267,1.2733615383175978,510.0,405.0,398.0,3.0,119.0,0.0
148,43347,0,,,,,,,0.9398104,-0.8084247,0.50290716,0.061246615,0.16676195,0.4983139,1.312586902217584,511.0,406.0,399.0,3.0,115.0,0.0
149,53578,1,409.0,405.0,399.0,1.0,116.0,0.0,0.93958247,-0.8080998,0.5030969,0.057192765,0.1717479,0.49675605,1.318617945895565,,,,,,
150,43447,0,,,,,,,0.9432728,-0.8056637,0.50230765,0.017867446,0.21714018,0.48576707,1.3794116634756652,512.0,407.0,400.0,3.0,121.0,0.0
151,53678,1,410.0,406.0,400.0,1.0,123.0,0.0,0.9426622,-0.8060175,0.5023989,0.012629109,0.22271943,0.48458892,1.3869313069083904,,,,,,
152,53778,1,411.0,407.0,401.0,1.0,131.0,0.0,0.93928957,-0.80513173,0.5036418,-0.036479417,0.27965316,0.4789737,1.4592778447182537,,,,,,
153,43547,0,,,,,,,0.93929154,-0.80533683,0.5039583,-0.047640312,0.29224712,0.47947147,1.4762536225915088,513.0,408.0,401.0,3.0,129.0,0.0
154,43647,0,,,,,,,0.93881506,-0.80432415,0.5026868,-0.09173517,0.33533433,0.48039803,1.5366691168102717,514.0,409.0,402.0,3.0,134.0,0.0
155,53878,1,412.0,408.0,402.0,1.0,136.0,0.0,0.93871486,-0.8042929,0.5027487,-0.098457865,0.34026602,0.48366013,1.5447027620607434,,,,,,
156,43747,0,,,,,,,0.93729633,-0.80369675,0.50389415,-0.15189548,0.41545287,0.49577212,1.6348487556871252,515.0,410.0,403.0,3.0,145.0,0.0
157,53978,1,413.0,409.0,403.0,1.0,148.0,0.0,0.9371863,-0.8035964,0.50378853,-0.15766914,0.42276567,0.4972868,1.6439934338858702,,,,,,
158,43847,0,,,,,,,0.9365443,-0.8023358,0.50256705,-0.20531856,0.48629352,0.5086281,1.7217586950703554,516.0,411.0,404.0,3.0,156.0,0.0
159,54078,1,414.0,410.0,404.0,1.0,159.0,0.0,0.9362827,-0.8026234,0.50319535,-0.21148445,0.4948644,0.507234,1.732299122150032,,,,,,
160,43947,0,,,,,,,0.93472844,-0.80110675,0.50296193,-0.25560287,0.5414216,0.5165339,1.7942840492713572,517.0,412.0,405.0,3.0,165.0,0.0
161,54178,1,415.0,411.0,405.0,1.0,167.0,0.0,0.9350135,-0.80168474,0.5034095,-0.26099464,0.5458598,0.5185386,1.801815902987876,,,,,,
162,44047,0,,,,,,,0.9327761,-0.8003519,0.50277525,-0.3041719,0.61843026,0.52500165,1.8824126615158188,518.0,413.0,406.0,3.0,171.0,0.0
163,54278,1,416.0,412.0,406.0,1.0,173.0,0.0,0.9334775,-0.80082434,0.50353223,-0.3192763,0.62445074,0.52455306,1.8976941713893538,,,,,,
164,44147,0,,,,,,,0.93283284,-0.80009544,0.5030053,-0.34181827,0.6713702,0.5252794,1.946905855647526,519.0,414.0,407.0,3.0,179.0,0.0
165,54378,1,417.0,413.0,407.0,1.0,182.0,0.0,0.9324382,-0.8010121,0.50472194,-0.34628493,0.67642045,0.5250587,1.9540606856982152,,,,,,
166,44247,0,,,,,,,0.9317507,-0.79974,0.5038215,-0.39376092,0.74036413,0.52338606,2.0320641767413483,520.0,415.0,408.0,3.0,186.0,0.0
167,54478,1,418.0,414.0,408.0,1.0,188.0,0.0,0.93243825,-0.7995538,0.50246984,-0.39891776,0.74667776,0.5225735,2.040525658083657,,,,,,
168,44347,0,,,,,,,0.9333497,-0.7982307,0.50071216,-0.44882268,0.8093505,0.520147,2.120163961991377,521.0,416.0,409.0,3.0,197.0,0.0
169,54578,1,419.0,415.0,409.0,1.0,200.0,0.0,0.9333869,-0.79832643,0.50051373,-0.4527846,0.8170661,0.5192345,2.128688532883005,,,,,,
170,44447,0,,,,,,,0.9345889,-0.7975653,0.50010824,-0.49900886,0.87552017,0.5160532,2.2033319835071405,522.0,417.0,410.0,3.0,205.0,0.0
171,54678,1,420.0,416.0,410.0,1.0,207.0,0.0,0.9345553,-0.797537,0.5002092,-0.5043332,0.8820414,0.5158555,2.211702680173828,,,,,,
172,44547,0,,,,,,,0.9366816,-0.7959634,0.4964743,-0.54933983,0.937807,0.51274735,2.2835245704463856,523.0,418.0,411.0,3.0,213.0,0.0
173,54778,1,421.0,417.0,411.0,1.0,214.0,0.0,0.9383048,-0.7926672,0.49517834,-0.55440253,0.9442164,0.5126198,2.290249751841527,,,,,,
174,44647,0,,,,,,,0.9373347,-0.79431194,0.49549997,-0.5939402,0.99190813,0.5117274,2.3527958571664627,524.0,419.0,412.0,3.0,219.0,0.0
175,54878,1,422.0,418.0,412.0,1.0,222.0,0.0,0.93835413,-0.79349107,0.49423715,-0.59726423,0.9966569,0.5117674,2.3586141738534603,,,,,,
176,44747,0,,,,,,,0.93826485,-0.79160374,0.4928561,-0.6324551,1.0282376,0.5131853,2.404037672011236,525.0,420.0,413.0,3.0,230.0,0.0
177,54978,1,423.0,419.0,413.0,1.0,232.0,0.0,0.9378398,-0.79173875,0.4931806,-0.6267894,1.0309914,0.5102444,2.4022283448628996,,,,,,
178,44847,0,,,,,,,0.9393003,-0.7898404,0.49050513,-0.64125675,1.0473366,0.5048619,2.423548299022791,526.0,421.0,414.0,3.0,234.0,0.0
179,55078,1,424.0,420.0,414.0,1.0,235.0,0.0,0.93990827,-0.7900685,0.49064586,-0.64184034,1.0483202,0.5042146,2.4252393084105917,,,,,,
180,55178,1,425.0,421.0,415.0,1.0,238.0,0.0,0.94008446,-0.79040414,0.49118724,-0.64615244,1.0526948,0.49750295,2.4317074328179182,,,,,,
181,55278,1,426.0,422.0,416.0,1.0,237.0,0.0,0.94161934,-0.7937073,0.49317956,-0.6453769,1.0500289,0.49071217,2.432678866771237,,,,,,
182,55378,1,427.0,423.0,417.0,1.0,239.0,0.0,0.94305146,-0.7981926,0.49513856,-0.64281505,1.0465267,0.48801282,2.432696536551546,,,,,,
183,55478,1,428.0,424.0,418.0,1.0,238.0,0.0,0.94268864,-0.80609816,0.4982795,-0.6414576,1.0443501,0.48888844,2.435932416769387,,,,,,
184,55578,1,429.0,425.0,419.0,1.0,237.0,0.0,0.941212,-0.81311965,0.5002864,-0.6432051,1.0475142,0.49151683,2.4438520395578673,,,,,,
185,55678,1,430.0,426.0,420.0,1.0,238.0,0.0,0.93966365,-0.8190353,0.50197375,-0.64790344,1.0547942,0.49305385,2.4559490564677535,,,,,,
186,55778,1,431.0,427.0,421.0,1.0,237.0,0.0,0.93754214,-0.8245677,0.5035126,-0.6568479,1.0654624,0.4937711,2.47272885303159,,,,,,
187,55878,1,432.0,428.0,422.0,1.0,241.0,0.0,0.9347915,-0.8278576,0.50530636,-0.66628283,1.0766191,0.4936281,2.4880930757243953,,,,,,
188,55978,1,433.0,429.0,423.0,1.0,242.0,0.0,0.9338637,-0.83001596,0.5037499,-0.6756777,1.0870167,0.4934552,2.503146818652827,,,,,,
189,56078,1,434.0,430.0,424.0,1.0,247.0,0.0,0.9312821,-0.83122295,0.50450444,-0.6844042,1.0975937,0.49344754,2.5161275359145816,,,,,,
190,56178,1,435.0,431.0,425.0,1.0,244.0,0.0,0.932324,-0.8283971,0.49991265,-0.692047,1.1077299,0.4942052,2.5272913257578105,,,,,,
191,56278,1,436.0,432.0,426.0,1.0,247.0,0.0,0.9257488,-0.82926536,0.500312,-0.6954294,1.1129607,0.49301636,2.529923686336534,,,,,,
192,56378,1,437.0,433.0,427.0,1.0,251.0,0.0,0.92402965,-0.8254139,0.49678665,-0.68982863,1.1101723,0.49163923,2.5201307211946062,,,,,,
193,56478,1,438.0,434.0,428.0,1.0,251.0,0.0,0.9219642,-0.8211786,0.49396253,-0.6706287,1.0882447,0.48664606,2.486423814303126,,,,,,
194,56578,1,439.0,435.0,429.0,1.0,246.0,0.0,0.92617655,-0.81022596,0.4830826,-0.63707274,1.0474727,0.47858745,2.4279236225987746,,,,,,
195,56678,1,440.0,436.0,430.0,1.0,240.0,0.0,0.91852695,-0.808652,0.48901647,-0.59628654,0.995519,0.47073662,2.355849472059342,,,,,,
196,56778,1,441.0,437.0,431.0,1.0,230.0,0.0,0.9146379,-0.7995839,0.48647523,-0.53852266,0.9193006,0.46608528,2.2509231603973907,,,,,,
197,56878,1,442.0,438.0,432.0,1.0,220.0,0.0,0.91398436,-0.7905217,0.48353046,-0.4882811,0.85465723,0.46663612,2.161769509638842,,,,,,
198,56978,1,443.0,439.0,433.0,1.0,206.0,0.0,0.9094553,-0.77969205,0.48321968,-0.42579028,0.775334,0.47256088,2.0496586244906383,,,,,,
199,57078,1,444.0,440.0,434.0,1.0,197.0,0.0,0.90826523,-0.76898766,0.48185727,-0.369366,0.707204,0.4798175,1.95230315605417,,,,,,
200,57178,1,445.0,441.0,435.0,1.0,190.0,0.0,0.90692055,-0.75905687,0.4822665,-0.31934702,0.64751166,0.48712218,1.8660629056925793,,,,,,
201,57278,1,446.0,442.0,436.0,1.0,183.0,0.0,0.9066915,-0.7582192,0.482054,-0.31360647,0.6404811,0.48821166,1.8562131652844365,,,,,,
202,57378,1,447.0,443.0,437.0,1.0,170.0,0.0,0.9022819,-0.7391188,0.4333844,-0.21481577,0.5122511,0.49685147,1.6786488360269969,,,,,,
203,57478,1,448.0,444.0,438.0,1.0,160.0,0.0,0.8991255,-0.73747367,0.31964216,,,,1.2060121108101034,,,,,,
204,57578,1,449.0,445.0,439.0,1.0,150.0,0.0,0.89616024,-0.7414395,0.12055143,-0.095673606,0.37985083,0.49420777,1.5429340450240552,,,,,,
205,57678,1,449.0,445.0,439.0,1.0,150.0,0.0,0.8738464,-0.72015244,0.08067344,-0.04005733,0.31146705,0.49133074,1.4380884178603308,,,,,,
206,57778,1,449.0,445.0,439.0,1.0,150.0,0.0,0.85136575,-0.69624907,0.06527037,0.014785157,0.24750704,0.48769337,1.3300315168505512,,,,,,
207,57878,1,449.0,445.0,439.0,1.0,150.0,0.0,0.83458304,-0.6914469,0.059980717,0.060018253,0.19315013,0.48757848,1.2511204749445828,,,,,,
208,57978,1,449.0,445.0,439.0,1.0,150.0,0.0,0.8334654,-0.69156015,0.055830654,0.08952936,0.15099764,0.48472035,1.2030340218942641,,,,,,
209,58078,1,449.0,445.0,439.0,1.0,150.0,0.0,0.83349013,-0.69172984,0.05606564,0.10371204,0.13372053,0.47990853,1.1805029326016017,,,,,,
210,58178,1,449.0,445.0,439.0,1.0,150.0,0.0,0.8336036,-0.6916789,0.056027774,0.09960624,0.12761492,0.4708321,1.1756092700148761,,,,,,
211,58278,1,449.0,445.0,439.0,1.0,150.0,0.0,0.83330363,-0.69144475,0.05561225,0.09828517,0.13286199,0.46471706,1.1777523167293649,,,,,,
212,58378,1,449.0,445.0,439.0,1.0,150.0,0.0,0.8331756,-0.6915522,0.055979863,0.09701775,0.13928604,0.46194887,1.1819608389748129,,,,,,
213,58478,1,449.0,445.0,439.0,1.0,150.0,0.0,0.83334166,-0.69146025,0.05563025,0.10686554,0.14515634,0.46031183,1.1796024898807618,,,,,,
214,58578,1,449.0,445.0,439.0,1.0,150.0,0.0,0.83351517,-0.6916528,0.055952877,0.111743934,0.14223832,0.4623292,1.1753594355256833,,,,,,
215,58678,1,449.0,445.0,439.0,1.0,150.0,0.0,0.8330836,-0.6915258,0.05587418,0.10999937,0.13636275,0.46629924,1.173328192369717,,,,,,
216,58778,1,449.0,445.0,439.0,1.0,150.0,0.0,0.8330207,-0.6914622,0.055757158,0.13032041,0.1269811,0.46384665,1.1533317454369747,,,,,,
217,58878,1,449.0,445.0,439.0,1.0,150.0,0.0,0.83320147,-0.6916711,0.05611534,0.14148921,0.11069531,0.46394616,1.1351579809283303,,,,,,
218,58978,1,449.0,445.0,439.0,1.0,150.0,0.0,0.83297884,-0.6911563,0.0550732,0.14068143,0.091587186,0.46716687,1.1232917203274493,,,,,,
219,59078,1,449.0,445.0,439.0,1.0,150.0,0.0,0.833038,-0.6914063,0.05568941,0.16118002,0.07651029,0.464276,1.0991051007167982,,,,,,
220,59178,1,449.0,445.0,439.0,1.0,150.0,0.0,0.8332603,-0.69151586,0.055683203,0.15721992,0.057920355,0.46825156,1.090365950866214,,,,,,
221,59278,1,449.0,445.0,439.0,1.0,150.0,0.0,0.83318484,-0.69170624,0.0561556,,,,1.0843467843993089,,,,,,
222,59378,1,449.0,445.0,439.0,1.0,150.0,0.0,0.8328514,-0.6912782,0.055414144,0.1574639,0.049044732,0.46814433,1.0837769841996852,,,,,,
223,59478,1,449.0,445.0,439.0,1.0,150.0,0.0,0.83300483,-0.69150233,0.055831343,0.1399218,0.08164526,0.4621494,1.1149958157519144,,,,,,
224,59578,1,449.0,445.0,439.0,1.0,150.0,0.0,0.8328475,-0.6912321,0.055394553,0.11050676,0.10047221,0.45973682,1.1454538190707795,,,,,,
225,59678,1,449.0,445.0,439.0,1.0,150.0,0.0,0.8333385,-0.69148177,0.055636346,0.058628168,0.15273301,0.4526025,1.21262397003677,,,,,,
226,59778,1,449.0,445.0,439.0,1.0,150.0,0.0,0.83335197,-0.691445,0.055593733,-0.003544387,0.2143564,0.4523791,1.2954961821727045,,,,,,
227,59878,1,449.0,445.0,439.0,1.0,150.0,0.0,0.8334972,-0.6917004,0.055999868,-0.061764155,0.276491,0.4589982,1.3788746127659652,,,,,,
228,59978,1,449.0,445.0,439.0,1.0,150.0,0.0,0.83331215,-0.6914016,0.05555609,-0.13483702,0.35388342,0.47142723,1.4842110212579853,,,,,,
229,60078,1,449.0,445.0,439.0,1.0,150.0,0.0,0.83334076,-0.69144607,0.055599146,-0.1963143,0.42814007,0.48430222,1.5803319279959442,,,,,,
230,60178,1,449.0,445.0,439.0,1.0,150.0,0.0,0.833453,-0.6916121,0.055892844,-0.24980818,0.509702,0.4944406,1.6759876568137808,,,,,,
231,60278,1,449.0,445.0,439.0,1.0,150.0,0.0,0.8332422,-0.6915188,0.05566135,-0.30437273,0.5728705,0.50261104,1.7585824058143882,,,,,,
232,60378,1,449.0,445.0,439.0,1.0,150.0,0.0,0.83335054,-0.69144446,0.055584203,-0.35542592,0.64189017,0.5072378,1.8425422397297386,,,,,,
233,60478,1,449.0,445.0,439.0,1.0,150.0,0.0,0.8331846,-0.691195,0.055188686,-0.40022892,0.70498264,0.5076285,1.9171130830066903,,,,,,
234,60578,1,449.0,445.0,439.0,1.0,150.0,0.0,0.8332205,-0.6913825,0.05563853,-0.45347828,0.7834233,0.50566494,2.008275347598371,,,,,,
235,60678,1,449.0,445.0,439.0,1.0,150.0,0.0,0.83314246,-0.69150835,0.05579584,-0.5024754,0.8535884,0.50487757,2.09114160896627,,,,,,
236,60778,1,449.0,445.0,439.0,1.0,150.0,0.0,0.83308595,-0.69174355,0.056130435,-0.55160147,0.92380077,0.50256723,2.1740856740971495,,,,,,
237,60878,1,449.0,445.0,439.0,1.0,150.0,0.0,0.8331438,-0.69152415,0.055840727,-0.59467435,0.9852171,0.5008992,2.2468205632634435,,,,,,
238,60978,1,449.0,445.0,439.0,1.0,150.0,0.0,0.8333458,-0.6918195,0.056317415,-0.6244394,1.0317836,0.49416345,2.2994899370907635,,,,,,
239,61078,1,449.0,445.0,439.0,1.0,150.0,0.0,0.832751,-0.6911293,0.055171624,-0.63993734,1.0562952,0.48998886,2.3262349944902128,,,,,,
240,61178,1,449.0,445.0,439.0,1.0,150.0,0.0,0.8330045,-0.6913056,0.055493698,-0.64397967,1.0672971,0.48152387,2.335736934666078,,,,,,
241,61278,1,449.0,445.0,439.0,1.0,150.0,0.0,0.8331207,-0.69175476,0.056166768,-0.6417093,1.07061,0.47349492,2.3356404519130036,,,,,,
242,61378,1,449.0,445.0,439.0,1.0,150.0,0.0,0.83309865,-0.69165635,0.056039363,-0.6371301,1.0688701,0.46929473,2.3306234390334626,,,,,,
243,61478,1,449.0,445.0,439.0,1.0,150.0,0.0,0.8332865,-0.6917965,0.056278706,-0.63302946,1.0699542,0.46979484,2.3291293829197013,,,,,,
244,61578,1,449.0,445.0,439.0,1.0,150.0,0.0,0.8333731,-0.69174707,0.05622525,-0.6325826,1.0746177,0.47282866,2.3329443356540347,,,,,,
245,61678,1,449.0,445.0,439.0,1.0,150.0,0.0,0.8331441,-0.69155574,0.05588787,-0.6356931,1.0822468,0.4756507,2.340952605416807,,,,,,
246,61778,1,449.0,445.0,439.0,1.0,-1.0,0.0,0.83312976,-0.6915812,0.05592085,-0.64158547,1.092722,0.4772801,2.352884723261806,,,,,,
247,61878,1,449.0,445.0,439.0,1.0,-1.0,0.0,0.83298403,-0.6912787,0.055439137,-0.6490996,1.1048837,0.4765197,2.3664487659142885,,,,,,
248,61978,1,449.0,445.0,439.0,1.0,-1.0,0.0,0.83290756,-0.6911601,0.055253185,-0.6549886,1.1136898,0.47601107,2.376626883590904,,,,,,
249,62078,1,449.0,445.0,439.0,1.0,-1.0,0.0,0.83321273,-0.6917407,0.05617507,-0.66399086,1.128072,0.47481194,2.3934481275865807,,,,,,
250,62178,1,449.0,445.0,439.0,1.0,-1.0,0.0,0.83314943,-0.6913443,0.0555805,-0.66885704,1.1383567,0.47410902,2.403954097134791,,,,,,
251,62278,1,449.0,445.0,439.0,1.0,-1.0,0.0,0.8331288,-0.69147927,0.05575905,-0.6764186,1.1619636,0.46257597,2.424764771098066,,,,,,
252,62378,1,449.0,445.0,439.0,1.0,-1.0,0.0,0.83308476,-0.69152594,0.055824567,-0.6699732,1.149005,0.4687253,2.4118923179498797,,,,,,
253,62478,1,449.0,445.0,439.0,1.0,-1.0,0.0,0.8329718,-0.6914179,0.05564785,-0.6529929,1.1332139,0.46267322,2.3881042209080166,,,,,,
254,62578,1,449.0,445.0,439.0,1.0,-1.0,0.0,0.8331506,-0.6915303,0.05585403,-0.62215096,1.0920824,0.45926145,2.337073905047663,,,,,,
255,62678,1,449.0,445.0,439.0,1.0,-1.0,0.0,0.83296967,-0.69121736,0.05532319,-0.5891221,1.0504218,0.45328355,2.2834237897509126,,,,,,
256,62778,1,449.0,445.0,439.0,1.0,-1.0,0.0,0.8332997,-0.6916807,0.05607883,-0.5429502,0.9809414,0.44813523,2.201235352021489,,,,,,
257,62878,1,449.0,445.0,439.0,1.0,-1.0,0.0,0.8328937,-0.6912416,0.055340625,-0.48434076,0.9124322,0.44950122,2.11240125335898,,,,,,
258,62978,1,449.0,445.0,439.0,1.0,-1.0,0.0,0.8331096,-0.69154066,0.05584181,-0.42324674,0.8323704,0.4540053,2.0147630640092147,,,,,,
259,63078,1,449.0,445.0,439.0,1.0,-1.0,0.0,0.83313906,-0.6914641,0.05573671,-0.36121115,0.75680184,0.46273646,1.9208320540234343,,,,,,
260,63178,1,449.0,445.0,439.0,1.0,-1.0,0.0,0.83293307,-0.69132286,0.055494968,-0.30700636,0.68905747,0.47033504,1.8376627031567063,,,,,,
261,63278,1,449.0,445.0,439.0,1.0,-1.0,0.0,0.8331052,-0.69151795,0.05581217,-0.262678,0.62299657,0.4767491,1.762349907575832,,,,,,
262,63378,1,449.0,445.0,439.0,1.0,-1.0,0.0,0.83299214,-0.6912537,0.055386953,-0.19977869,0.5581045,0.47814602,1.675182601598349,,,,,,
263,63478,1,449.0,445.0,439.0,1.0,-1.0,0.0,0.8327584,-0.6911388,0.0551638,-0.14633451,0.49012753,0.4768946,1.591185081011945,,,,,,
264,63578,1,449.0,445.0,439.0,1.0,-1.0,0.0,0.83309937,-0.69169366,0.056040406,-0.09207402,0.42239636,0.4741494,1.5073013670313216,,,,,,
