,timestamp,logNumber,Statistic.recvSeq1,Statistic.recvNum1,Statistic.compute1num1,Statistic.compute2num1,Statistic.dist1,Statistic.distSrc1,Statistic.recvSeq2,Statistic.recvNum2,Statistic.compute1num2,Statistic.compute2num2,Statistic.dist2,Statistic.distSrc2,UAV1x,UAV1y,UAV1z,UAV2x,UAV2y,UAV2z
0,106444,log0,253,32,17,12,-1,255,0,0,0,0,-1,255,1.6688024,0.853314,-0.0034009896,-0.48342237,0.85741615,0.053271525
1,106484,log0,253,32,17,12,-1,255,0,0,0,0,-1,255,1.6688433,0.84974587,-0.008949588,-0.4835792,0.85751444,0.05331328
2,106524,log0,253,32,17,12,-1,255,0,0,0,0,-1,255,1.6690065,0.8497501,-0.008863611,-0.48344687,0.85754156,0.053500865
3,106564,log0,253,32,17,12,-1,255,0,0,0,0,-1,255,1.6691006,0.84994954,-0.008942819,-0.48354873,0.857113,0.053411383
4,106604,log0,253,32,17,12,-1,255,0,0,0,0,-1,255,1.6691079,0.850213,-0.008984515,-0.48380697,0.8566218,0.053469855
5,106644,log0,253,32,17,12,-1,255,0,0,0,0,-1,255,1.6690779,0.850823,-0.008964247,-0.48424414,0.85581064,0.0537449
6,106684,log0,253,32,17,12,-1,255,0,0,0,0,-1,255,1.6811005,0.853551,-0.0073997537,-0.48443404,0.8557089,0.05369618
7,106724,log0,253,32,17,12,-1,255,0,0,0,0,-1,255,1.6810622,0.8536323,-0.007451212,-0.4845221,0.85585105,0.053688355
8,106764,log0,253,32,17,12,-1,255,0,0,0,0,-1,255,1.6810409,0.8536437,-0.0073114717,-0.48495975,0.85545874,0.05373361
9,106804,log0,253,32,17,12,-1,255,0,0,0,0,-1,255,1.6815987,0.85230017,-0.006197565,-0.4847035,0.8556309,0.05400218
10,106844,log0,253,32,17,12,-1,255,0,0,0,0,-1,255,1.6808428,0.8533611,-0.0069478247,-0.48495236,0.856524,0.054950688
11,106884,log0,253,32,17,12,-1,255,0,0,0,0,-1,255,1.6808704,0.8533507,-0.0064858953,-0.48489043,0.85735095,0.055572946
12,106924,log0,253,32,17,12,-1,255,0,0,0,0,-1,255,1.6801553,0.8528164,-0.0045399037,-0.48417255,0.85906357,0.05733353
13,106964,log0,253,32,17,12,-1,255,0,0,0,0,-1,255,1.6807944,0.85064507,-0.00042289987,-0.4830053,0.8616886,0.059945263
14,107004,log0,253,32,17,12,-1,255,0,0,0,0,-1,255,1.6814337,0.8483258,0.0051070303,-0.48186114,0.8635617,0.06428912
15,107044,log0,253,32,17,12,-1,255,0,0,0,0,-1,255,1.6822661,0.84712183,0.008780756,-0.48081687,0.8649607,0.067667946
16,107084,log0,1937,33,17,12,-1,255,0,0,0,0,-1,255,1.6856662,0.841811,0.026307488,-0.4776609,0.86661553,0.08256219
17,107124,log0,1938,34,17,12,-1,255,0,0,0,0,-1,255,1.6860238,0.84444964,0.03988917,-0.47453386,0.8653191,0.10154595
18,107164,log0,1939,35,17,12,-1,255,0,0,0,0,-1,255,1.6885407,0.84527946,0.055568427,-0.47197998,0.8619869,0.119956374
19,107204,log0,1940,36,18,12,214,1,0,0,0,0,-1,255,1.6906147,0.8466227,0.07284545,-0.4694679,0.8572313,0.14092548
20,107244,log0,1941,37,19,12,213,1,0,0,0,0,-1,255,1.6913301,0.84884465,0.08636238,-0.46747872,0.85291946,0.15787682
21,107284,log0,1941,37,19,12,213,1,0,0,0,0,-1,255,1.6943095,0.8495861,0.110826656,-0.46423206,0.84303254,0.18675464
22,107324,log0,1942,38,19,13,211,2,0,0,0,0,-1,255,1.6956707,0.85223347,0.13004829,-0.4620202,0.8347735,0.2093333
23,107364,log0,1943,39,20,13,210,1,0,0,0,0,-1,255,1.6965166,0.8540768,0.14948803,-0.45905662,0.82500607,0.23171124
24,107404,log0,1944,40,20,14,211,2,0,0,0,0,-1,255,1.6978723,0.8558116,0.16841783,-0.4557288,0.8156144,0.252817
25,107444,log0,1945,41,21,14,204,1,0,0,0,0,-1,255,1.6988091,0.85759217,0.18697608,-0.45260608,0.8058224,0.27257454
26,107484,log0,1945,41,21,14,204,1,0,0,0,0,-1,255,1.6992884,0.85830027,0.19620931,-0.45167425,0.8006311,0.28205743
27,107524,log0,1946,42,22,14,209,1,0,0,0,0,-1,255,1.6993353,0.85895604,0.20072694,-0.45059705,0.79803157,0.2865628
28,107564,log0,1947,43,23,14,212,1,0,0,0,0,-1,255,1.700801,0.8611649,0.22687899,-0.4464792,0.7836879,0.31231338
29,107604,log0,1948,44,23,15,212,2,0,0,0,0,-1,255,1.7008959,0.86222255,0.23514572,-0.4444148,0.7792263,0.3203151
30,107644,log0,1948,44,23,15,212,2,0,0,0,0,-1,255,1.6990938,0.8675691,0.23619194,-0.4442425,0.77687705,0.3243113
31,107684,log0,1949,45,24,15,205,1,0,0,0,0,-1,255,1.7012402,0.86275023,0.24345763,-0.4437548,0.77452826,0.32777658
32,107724,log0,1950,46,24,16,205,2,0,0,0,0,-1,255,1.7030768,0.86549705,0.26794553,-0.43935582,0.7624092,0.35006398
33,107764,log0,1951,47,25,16,211,1,0,0,0,0,-1,255,1.7035218,0.86584204,0.2719357,-0.43893197,0.76056,0.35359013
34,107804,log0,1952,48,26,16,211,1,0,0,0,0,-1,255,1.7074049,0.8716397,0.31267604,-0.4314919,0.7447414,0.38899976
35,107844,log0,1953,49,26,17,209,2,0,0,0,0,-1,255,1.7093784,0.87257355,0.32011968,-0.43052152,0.74286485,0.3947417
36,107884,log0,1953,49,26,17,209,2,0,0,0,0,-1,255,1.5143255,1.3588481,0.04951913,-0.42515135,0.73598814,0.42111635
37,107924,log0,1954,50,27,17,207,1,0,0,0,0,-1,255,1.7156515,0.8833805,0.36167964,-0.42370775,0.7350666,0.4303595
38,107964,log0,1955,51,28,17,208,1,0,0,0,0,-1,255,1.7180182,0.88581496,0.36982423,-0.4225822,0.7351099,0.43702358
39,108004,log0,1956,52,29,17,211,1,0,0,0,0,-1,255,1.7218056,0.8907446,0.38331488,-0.41984215,0.736321,0.44938713
40,108044,log0,1956,52,29,17,211,1,0,0,0,0,-1,255,1.7245343,0.89405173,0.3915511,-0.41858768,0.7377796,0.45739698
41,108084,log0,1957,53,30,17,212,1,0,0,0,0,-1,255,1.726921,0.89613146,0.40014672,-0.41797474,0.739431,0.46521217
42,108124,log0,1958,54,30,18,213,2,0,0,0,0,-1,255,1.7305151,0.900864,0.4084547,-0.41632885,0.74307126,0.474509
43,108164,log0,1959,55,30,19,212,2,0,0,0,0,-1,255,1.731722,0.90227973,0.41162348,-0.41599625,0.7441205,0.47844723
44,108204,log0,1960,56,31,19,206,1,0,0,0,0,-1,255,1.7348886,0.90517795,0.41970003,-0.41408676,0.7479556,0.48792458
45,108244,log0,1960,56,31,19,206,1,0,0,0,0,-1,255,1.7367828,0.90738785,0.4259918,-0.4130917,0.7512772,0.49549264
46,108284,log0,1961,57,32,19,206,1,0,0,0,0,-1,255,1.738022,0.909475,0.43189117,-0.41282517,0.7551398,0.50384057
47,108324,log0,1962,58,32,20,208,2,0,0,0,0,-1,255,1.73873,0.9110624,0.43761653,-0.4116994,0.758758,0.51203376
48,108364,log0,1963,59,33,20,212,1,0,0,0,0,-1,255,1.7390221,0.91172075,0.44177046,-0.4108818,0.7615231,0.51858366
49,108404,log0,1964,60,34,20,213,1,0,0,0,0,-1,255,1.7385061,0.912767,0.445801,-0.4093283,0.7637145,0.5248323
50,108444,log0,1964,60,34,20,213,1,0,0,0,0,-1,255,1.7363197,0.9136956,0.45304173,-0.40751192,0.7692457,0.5382068
51,108484,log0,1965,61,35,20,212,1,0,0,0,0,-1,255,1.7338609,0.9132765,0.45765665,-0.40621063,0.7717265,0.54788643
52,108524,log0,1966,62,35,21,213,2,0,0,0,0,-1,255,1.7301503,0.91335803,0.46197188,-0.405326,0.7749077,0.55710775
53,108564,log0,1967,63,35,22,213,2,0,0,0,0,-1,255,1.7256714,0.9131453,0.46448556,-0.40425736,0.7767532,0.5646506
54,108604,log0,1968,64,36,22,208,1,0,0,0,0,-1,255,1.7174894,0.9122822,0.46880475,-0.40236443,0.77929866,0.57771003
55,108644,log0,1968,64,36,22,208,1,0,0,0,0,-1,255,1.7115847,0.911707,0.4712944,-0.40217653,0.78047943,0.58553493
56,108684,log0,1969,65,36,23,208,2,0,0,0,0,-1,255,1.7004396,0.91000646,0.47581077,-0.40064108,0.78180796,0.5993751
57,108724,log0,1970,66,36,24,208,2,0,0,0,0,-1,255,1.6893488,0.9085415,0.47891194,-0.3994438,0.7818935,0.6105783
58,108764,log0,1971,67,37,24,208,1,0,0,0,0,-1,255,1.6764835,0.90797096,0.481485,-0.39896983,0.7821446,0.6222123
59,108804,log0,1972,68,37,25,207,2,0,0,0,0,-1,255,1.6661658,0.9057256,0.48401484,-0.39809963,0.7817705,0.63118565
60,108844,log0,1972,68,37,25,207,2,0,0,0,0,-1,255,1.650322,0.90641737,0.48594654,-0.39784193,0.78083587,0.643477
61,108884,log0,1973,69,38,25,201,1,0,0,0,0,-1,255,1.6368338,0.90656704,0.48708937,-0.39699548,0.77993387,0.652883
62,108924,log0,1974,70,39,25,202,1,0,0,0,0,-1,255,1.6087819,0.9064246,0.49089992,-0.39691764,0.77721494,0.6732277
63,108964,log0,1975,71,39,26,203,2,0,0,0,0,-1,255,1.5885167,0.90619814,0.49370703,-0.39658788,0.7744155,0.6874335
64,109004,log0,1975,71,39,26,203,2,0,0,0,0,-1,255,1.5665076,0.9066332,0.49642503,-0.3977201,0.77292675,0.7024058
65,109044,log0,1976,72,39,27,202,2,0,0,0,0,-1,255,1.5432949,0.9068912,0.4996781,-0.39672276,0.77004206,0.7184152
66,109084,log0,1977,73,40,27,190,1,0,0,0,0,-1,255,1.5186136,0.90793467,0.5029225,-0.39683297,0.76738256,0.73437
67,109124,log0,1978,74,41,27,193,1,0,0,0,0,-1,255,1.4923732,0.9085561,0.50617206,-0.39705473,0.76426405,0.7508393
68,109164,log0,1979,75,42,27,190,1,0,0,0,0,-1,255,1.4662228,0.9092559,0.5100233,-0.3965531,0.7616693,0.7668038
69,109204,log0,1979,75,42,27,190,1,0,0,0,0,-1,255,1.4372426,0.91015065,0.5131902,-0.3966019,0.7597155,0.78348297
70,109244,log0,1980,76,43,27,185,1,0,0,0,0,-1,255,1.4079735,0.91096413,0.51677895,-0.3975443,0.75607663,0.7994023
71,109284,log0,1981,77,43,28,183,2,0,0,0,0,-1,255,1.3772972,0.9137647,0.5185871,-0.39697886,0.7537592,0.8163422
72,109324,log0,1982,78,44,28,180,1,0,0,0,0,-1,255,1.3465364,0.91122866,0.5240695,-0.39786303,0.750181,0.8326353
73,109364,log0,1983,79,44,29,178,2,0,0,0,0,-1,255,1.3224834,0.9111291,0.5267876,-0.39679307,0.7490693,0.8447167
74,109404,log0,1984,80,45,29,171,1,0,0,0,0,-1,255,1.2811519,0.9103874,0.5316048,-0.3964622,0.7457543,0.8650118
75,109444,log0,1984,80,45,29,171,1,0,0,0,0,-1,255,1.2470418,0.90959895,0.5355141,-0.3944391,0.7431248,0.88113046
76,109484,log0,1985,81,46,29,168,1,0,0,0,0,-1,255,1.2208539,0.90867925,0.5383365,-0.39374682,0.74164045,0.8929198
77,109524,log0,1986,82,46,30,167,2,0,0,0,0,-1,255,1.1761805,0.90692973,0.5428248,-0.39372388,0.7401993,0.91214705
78,109564,log0,1987,83,47,30,159,1,0,0,0,0,-1,255,1.1398858,0.90477955,0.5466714,-0.3938289,0.73947936,0.92718935
79,109604,log0,1988,84,47,31,158,2,0,0,0,0,-1,255,1.1134588,0.9031429,0.55008364,-0.3927671,0.73894554,0.938269
80,109644,log0,1988,84,47,31,158,2,0,0,0,0,-1,255,1.0662856,0.90017116,0.5544792,-0.39100528,0.7396563,0.95520085
81,109684,log0,1989,85,48,31,152,1,0,0,0,0,-1,255,1.0280201,0.89737785,0.5583775,-0.38925388,0.7395574,0.9686164
82,109724,log0,1990,86,48,32,150,2,0,0,0,0,-1,255,0.98870397,0.8952417,0.56166404,-0.38871986,0.7406068,0.9814448
83,109764,log0,1991,87,49,32,142,1,0,0,0,0,-1,255,0.94985,0.8922801,0.5650243,-0.38730723,0.7419694,0.99407494
84,109804,log0,1992,88,49,33,140,2,0,0,0,0,-1,255,,,,-0.3872111,0.745278,1.0067526
85,109844,log0,1992,88,49,33,140,2,0,0,0,0,-1,255,0.8773366,0.8811991,0.5709775,-0.38724524,0.74795634,1.0185304
86,109884,log0,1993,89,50,33,132,1,0,0,0,0,-1,255,0.8303076,0.886162,0.57418245,-0.3873639,0.7504742,1.030793
87,109924,log0,1994,90,50,34,131,2,0,0,0,0,-1,255,0.8006211,0.8848192,0.57625914,-0.3857831,0.75236124,1.0399547
88,109964,log0,1995,91,51,34,127,1,0,0,0,0,-1,255,0.7512045,0.8835975,0.5794506,-0.38126713,0.7576033,1.0529926
89,110004,log0,1996,92,52,34,121,1,0,0,0,0,-1,255,0.7130179,0.88193303,0.5824698,-0.37989914,0.761196,1.0639563
90,110044,log0,1996,92,52,34,121,1,0,0,0,0,-1,255,0.6749973,0.8812645,0.5854234,-0.3770179,0.76439404,1.0731676
91,110084,log0,1997,93,53,34,117,1,0,0,0,0,-1,255,0.6379402,0.8804296,0.5880382,-0.37661085,0.76907635,1.082678
92,110124,log0,1998,94,53,35,110,2,0,0,0,0,-1,255,0.6022561,0.87900996,0.5902747,-0.37498373,0.7716495,1.090455
93,110164,log0,1999,95,53,36,112,2,0,0,0,0,-1,255,0.5672625,0.87850493,0.59321177,-0.374172,0.7753631,1.0979252
94,110204,log0,2000,96,54,36,99,1,0,0,0,0,-1,255,0.53317136,0.8782295,0.5955025,-0.37016574,0.7762629,1.1051643
95,110244,log0,2000,96,54,36,99,1,0,0,0,0,-1,255,0.5002882,0.87745434,0.5971269,-0.36909622,0.7773265,1.1112115
96,110284,log0,2001,97,55,36,98,1,0,0,0,0,-1,255,0.46811676,0.8774976,0.59866536,-0.36730462,0.77713376,1.1168003
97,110324,log0,2002,98,55,37,97,2,0,0,0,0,-1,255,0.43813598,0.8768205,0.6001323,-0.36579302,0.7756062,1.1213616
98,110364,log0,2003,99,56,37,94,1,0,0,0,0,-1,255,0.4080368,0.87753165,0.60046685,-0.36402896,0.77371657,1.125437
99,110404,log0,2004,100,57,37,91,1,0,0,0,0,-1,255,0.38012654,0.8766968,0.60065454,-0.36262625,0.7703528,1.1287042
100,110444,log0,2004,100,57,37,91,1,0,0,0,0,-1,255,0.35426348,0.87632996,0.60078883,-0.3607905,0.76671165,1.1311725
101,110484,log0,2005,101,57,38,88,2,0,0,0,0,-1,255,0.33468443,0.87598056,0.60086197,-0.35981715,0.76361656,1.1323247
102,110524,log0,2006,102,58,38,85,1,0,0,0,0,-1,255,0.30469984,0.875265,0.6001609,-0.3583625,0.7572536,1.1335921
103,110564,log0,2007,103,58,39,83,2,0,0,0,0,-1,255,0.2829035,0.8736682,0.5990645,-0.35686296,0.75250447,1.1349052
104,110604,log0,2008,104,59,39,79,1,0,0,0,0,-1,255,0.26220012,0.87314135,0.59826887,-0.35583773,0.7474597,1.1359626
105,110644,log0,2009,105,59,40,79,2,0,0,0,0,-1,255,0.24335025,0.87169147,0.59678704,-0.3566324,0.7432521,1.1377774
106,110684,log0,2009,105,59,40,79,2,0,0,0,0,-1,255,0.22654128,0.8698505,0.59564215,-0.35468018,0.7391408,1.1386485
107,110724,log0,2010,106,60,40,76,1,0,0,0,0,-1,255,0.21490382,0.8686059,0.5945786,-0.35388345,0.7362121,1.139266
108,110764,log0,2011,107,61,40,74,1,0,0,0,0,-1,255,0.2009181,0.86704034,0.593145,-0.35370633,0.7326009,1.1405642
109,110804,log0,2012,108,62,40,67,1,0,0,0,0,-1,255,0.18627913,0.86423224,0.591767,-0.35422885,0.72886854,1.1422399
110,110844,log0,2012,108,62,40,67,1,0,0,0,0,-1,255,0.17635007,0.8624527,0.5905941,-0.35473594,0.7272484,1.1438397
111,110884,log0,2013,109,63,40,69,1,0,0,0,0,-1,255,0.16848032,0.860926,0.5897526,-0.35507455,0.7265316,1.1452074
112,110924,log0,2014,110,63,41,69,2,0,0,0,0,-1,255,0.16192068,0.85900867,0.5891422,-0.35419756,0.72689295,1.1463051
113,110964,log0,2015,111,64,41,67,1,0,0,0,0,-1,255,0.15827522,0.8575102,0.5885345,-0.35570267,0.72728986,1.1469518
114,111004,log0,2016,112,64,42,68,2,0,0,0,0,-1,255,0.15453987,0.8561073,0.58774227,-0.35435417,0.7295218,1.1470689
115,111044,log0,2017,113,65,42,68,1,0,0,0,0,-1,255,0.15284911,0.8548032,0.5873222,-0.35702163,0.73208916,1.1470475
116,111084,log0,2017,113,65,42,68,1,0,0,0,0,-1,255,0.15219754,0.8536421,0.58725494,-0.3561976,0.7351344,1.1469835
117,111124,log0,2018,114,66,42,69,1,0,0,0,0,-1,255,0.15310614,0.8526428,0.5867283,-0.3599545,0.7386276,1.1465925
118,111164,log0,2019,115,67,42,67,1,0,0,0,0,-1,255,0.15323012,0.85223323,0.5869409,-0.35981372,0.7398311,1.1462073
119,111204,log0,2020,116,67,43,68,2,0,0,0,0,-1,255,0.15925239,0.85113907,0.58695084,-0.36183685,0.7472919,1.1459116
120,111244,log0,2021,117,68,43,68,1,0,0,0,0,-1,255,0.17156042,0.85120064,0.58901024,-0.3600625,0.7527762,1.1445186
121,111284,log0,2021,117,68,43,68,1,0,0,0,0,-1,255,0.16690016,0.85108453,0.58719194,-0.3594277,0.75685936,1.14369
122,111324,log0,2022,118,68,44,65,2,0,0,0,0,-1,255,0.17228776,0.85074186,0.58691686,-0.36154756,0.7607247,1.1435838
123,111364,log0,2023,119,69,44,64,1,0,0,0,0,-1,255,0.17736599,0.8512929,0.5875719,-0.36060122,0.7639471,1.1434462
124,111404,log0,2024,120,70,44,70,1,0,0,0,0,-1,255,0.18356611,0.85196495,0.58811945,-0.36122608,0.76745826,1.1436217
125,111444,log0,2025,121,70,45,70,2,0,0,0,0,-1,255,0.19175431,0.85288227,0.58841574,-0.36142614,0.7705418,1.1440479
126,111484,log0,2025,121,70,45,70,2,0,0,0,0,-1,255,0.20056087,0.85352176,0.5896336,-0.36177248,0.7726218,1.1441743
127,111524,log0,2026,122,71,45,71,1,0,0,0,0,-1,255,0.2087483,0.85444206,0.5904317,-0.36180747,0.773957,1.1441439
128,111564,log0,2027,123,72,45,71,1,0,0,0,0,-1,255,0.21930067,0.8551067,0.59116185,-0.36194488,0.77439374,1.1444012
129,111604,log0,2028,124,72,46,73,2,0,0,0,0,-1,255,0.22898501,0.85663015,0.59207046,-0.3618842,0.77432245,1.1444232
130,111644,log0,2029,125,73,46,74,1,0,0,0,0,-1,255,0.24142015,0.8574541,0.59278154,-0.36364296,0.77381873,1.1440071
131,111684,log0,2029,125,73,46,74,1,0,0,0,0,-1,255,0.25362048,0.858299,0.5926157,-0.363573,0.77203393,1.1433802
132,111724,log0,2030,126,73,47,73,2,0,0,0,0,-1,255,0.26770613,0.8593011,0.5930197,-0.36190146,0.76999104,1.1432227
133,111764,log0,2031,127,74,47,77,1,0,0,0,0,-1,255,0.28293762,0.8597451,0.5924514,-0.36394644,0.76800084,1.1426308
134,111804,log0,2032,128,74,48,77,2,0,0,0,0,-1,255,0.29962328,0.8601709,0.59206283,-0.36258805,0.7655236,1.1415144
135,111844,log0,2033,129,75,48,76,1,0,0,0,0,-1,255,0.3179895,0.8597776,0.5911782,-0.36095086,0.76279134,1.1410477
136,111884,log0,2033,129,75,48,76,1,0,0,0,0,-1,255,0.3373835,0.86025345,0.5899349,-0.36047196,0.7600292,1.1396677
137,111924,log0,2034,130,75,49,78,2,0,0,0,0,-1,255,0.3570578,0.8602853,0.5888101,-0.36099458,0.75735176,1.1390605
138,111964,log0,2035,131,75,50,76,2,0,0,0,0,-1,255,0.3793888,0.8600621,0.5873572,-0.35984844,0.7561639,1.1381869
139,112004,log0,2036,132,76,50,87,1,0,0,0,0,-1,255,0.40284428,0.85989714,0.5858705,-0.36038998,0.7548972,1.137096
140,112044,log0,2037,133,77,50,86,1,0,0,0,0,-1,255,0.42736185,0.85931015,0.58421135,-0.3608534,0.7544579,1.135818
141,112084,log0,2037,133,77,50,86,1,0,0,0,0,-1,255,0.45418924,0.85874337,0.58301246,-0.361332,0.75364757,1.1349202
142,112124,log0,2038,134,77,51,87,2,0,0,0,0,-1,255,0.4817627,0.85839844,0.5815389,-0.3618877,0.75517225,1.134381
143,112164,log0,2039,135,78,51,88,1,0,0,0,0,-1,255,0.51062465,0.85800576,0.57998466,-0.3616895,0.7565943,1.1337267
144,112204,log0,2040,136,78,52,94,2,0,0,0,0,-1,255,0.54041743,0.8579281,0.5785575,-0.36247385,0.75786763,1.1336831
145,112244,log0,2040,136,78,52,94,2,0,0,0,0,-1,255,0.5718072,0.85783446,0.57779104,-0.36442158,0.76297545,1.1321826
146,112284,log0,2040,136,78,52,94,2,0,0,0,0,-1,255,0.6044339,0.8576111,0.5766656,-0.36393663,0.76553094,1.1323858
147,112324,log0,2042,137,78,53,95,2,0,0,0,0,-1,255,0.63777167,0.8581977,0.57578653,-0.3633703,0.7709352,1.1309736
148,112364,log0,2043,138,79,53,109,1,0,0,0,0,-1,255,0.65521777,0.8580458,0.5756313,-0.36169723,0.7738094,1.1306169
149,112404,log0,2044,139,80,53,112,1,0,0,0,0,-1,255,0.7085578,0.8583623,0.57457364,-0.36425668,0.7818078,1.1304381
150,112444,log0,2045,140,80,53,112,1,0,0,0,0,-1,255,0.74526566,0.85936916,0.5746904,-0.3641819,0.7887013,1.1293509
151,112484,log0,2045,140,80,53,112,1,0,0,0,0,-1,255,0.7831133,0.8600743,0.5743185,-0.36250284,0.79550326,1.127939
152,112524,log0,2046,141,80,54,119,2,0,0,0,0,-1,255,0.8220979,0.86049634,0.57425445,-0.36297995,0.80175614,1.1283044
153,112564,log0,2047,142,81,54,124,1,0,0,0,0,-1,255,0.8610901,0.86158043,0.5740926,-0.36260927,0.8075717,1.1271188
154,112604,log0,2048,143,81,55,125,2,0,0,0,0,-1,255,0.8993598,0.86384153,0.5730807,-0.36175585,0.81346667,1.1262239
155,112644,log0,2049,144,82,55,132,1,0,0,0,0,-1,255,0.94135463,0.8647569,0.57332414,-0.36169907,0.8183423,1.1256516
156,112684,log0,2049,144,82,55,132,1,0,0,0,0,-1,255,0.9830713,0.866202,0.5727297,-0.36267442,0.8215298,1.1256793
157,112724,log0,2050,145,83,55,140,1,0,0,0,0,-1,255,1.0158181,0.8677714,0.5730111,-0.35928476,0.82466197,1.1249942
158,112764,log0,2051,146,83,56,141,2,0,0,0,0,-1,255,1.068005,0.871351,0.57165307,-0.35899994,0.82816106,1.1242996
159,112804,log0,2052,147,83,57,143,2,0,0,0,0,-1,255,1.11137,0.87383705,0.57160586,-0.3604621,0.8300193,1.1234162
160,112844,log0,2053,148,84,57,145,1,0,0,0,0,-1,255,1.1540363,0.87622046,0.5713505,-0.3593682,0.82958794,1.122182
161,112884,log0,2053,148,84,57,145,1,0,0,0,0,-1,255,1.197334,0.87966675,0.57101804,-0.35874066,0.82914174,1.1210538
162,112924,log0,2054,149,84,58,152,2,0,0,0,0,-1,255,1.238094,0.88385344,0.5699938,-0.3615404,0.8285011,1.119522
163,112964,log0,2055,150,85,58,162,1,0,0,0,0,-1,255,1.2698416,0.886863,0.5696608,-0.36093077,0.8259427,1.1190884
164,113004,log0,2056,151,86,58,168,1,0,0,0,0,-1,255,1.3259153,0.9013216,0.5646812,-0.35861108,0.82340896,1.1162682
165,113044,log0,2057,152,86,59,168,2,0,0,0,0,-1,255,1.3674972,0.9056574,0.5645742,-0.35962418,0.81961924,1.1146972
166,113084,log0,2058,153,87,59,176,1,0,0,0,0,-1,255,1.4076428,0.9102981,0.5633824,-0.35974932,0.81609535,1.113915
167,113124,log0,2058,153,87,59,176,1,0,0,0,0,-1,255,1.4486359,0.91216195,0.56427205,-0.35984635,0.81281126,1.113467
168,113164,log0,2059,154,87,60,177,2,0,0,0,0,-1,255,1.474246,0.908292,0.5654935,-0.35876796,0.8092842,1.1134222
169,113204,log0,2060,155,88,60,187,1,0,0,0,0,-1,255,1.514721,0.9301166,0.5590187,-0.35865906,0.80441016,1.1138252
170,113244,log0,2061,156,88,61,190,2,0,0,0,0,-1,255,1.5605924,0.9126149,0.5659483,-0.35804582,0.80127925,1.1145941
171,113284,log0,2062,157,89,61,196,1,0,0,0,0,-1,255,1.5887915,0.91403943,0.5653939,-0.3576459,0.7987781,1.11513
172,113324,log0,2062,157,89,61,196,1,0,0,0,0,-1,255,1.6323811,0.9164922,0.56318504,-0.3580136,0.7957243,1.116567
173,113364,log0,2063,158,90,61,201,1,0,0,0,0,-1,255,1.6659316,0.91788715,0.5618992,-0.3574308,0.7939213,1.1165078
174,113404,log0,2064,159,90,62,204,2,0,0,0,0,-1,255,1.6989576,0.91814196,0.56087714,-0.35733634,0.7925153,1.1167294
175,113444,log0,2065,160,91,62,207,1,0,0,0,0,-1,255,1.7291344,0.9193739,0.5584321,-0.35733637,0.7923977,1.1166708
176,113484,log0,2066,161,91,63,208,2,0,0,0,0,-1,255,1.7577219,0.9194629,0.55651826,-0.35672292,0.7930677,1.115887
177,113524,log0,2066,161,91,63,208,2,0,0,0,0,-1,255,1.7847394,0.9196252,0.55507755,-0.3566766,0.794442,1.1150616
178,113564,log0,2067,162,91,64,208,2,0,0,0,0,-1,255,1.8110056,0.91851646,0.55379856,-0.35706043,0.7968525,1.1139696
179,113604,log0,2068,163,92,64,218,1,0,0,0,0,-1,255,1.834389,0.9175408,0.552296,-0.35673472,0.7991415,1.1129471
180,113644,log0,2069,164,92,65,220,2,0,0,0,0,-1,255,1.8545511,0.91775626,0.54958767,-0.35750633,0.8026351,1.1112807
181,113684,log0,2070,165,93,65,228,1,0,0,0,0,-1,255,1.8695854,0.9169394,0.5486776,-0.35765728,0.8049483,1.1101652
182,113724,log0,2070,165,93,65,228,1,0,0,0,0,-1,255,1.8913898,0.9162115,0.54645795,-0.35970795,0.81004524,1.1084908
183,113764,log0,2071,166,94,65,230,1,0,0,0,0,-1,255,1.9068428,0.9151567,0.5449431,-0.36045197,0.81346315,1.1073247
184,113804,log0,2072,167,95,65,228,1,0,0,0,0,-1,255,1.9197017,0.91564775,0.5424378,-0.35946825,0.8170327,1.1055834
185,113844,log0,2073,168,95,66,229,2,0,0,0,0,-1,255,1.931309,0.91469735,0.54071397,-0.3580329,0.8203603,1.1046827
186,113884,log0,2074,169,95,67,230,2,0,0,0,0,-1,255,1.9409156,0.9147485,0.53949654,-0.36012557,0.82462275,1.1038169
187,113924,log0,2074,169,95,67,230,2,0,0,0,0,-1,255,1.9487875,0.9149065,0.53774875,-0.36012995,0.8274519,1.1034691
188,113964,log0,2075,170,96,67,234,1,0,0,0,0,-1,255,1.9547086,0.9149271,0.5363169,-0.36205244,0.8284061,1.1032466
189,114004,log0,2076,171,97,67,234,1,0,0,0,0,-1,255,1.9585043,0.91616935,0.53431684,-0.3620715,0.8292281,1.1027097
190,114044,log0,2077,172,97,68,235,2,0,0,0,0,-1,255,1.9618464,0.9162434,0.5336419,-0.36332986,0.8296246,1.1026266
191,114084,log0,2078,173,98,68,236,1,0,0,0,0,-1,255,1.9725615,0.9177089,0.53086287,-0.36193568,0.8286756,1.1019489
192,114124,log0,2078,173,98,68,236,1,0,0,0,0,-1,255,1.9724301,0.9184893,0.52919513,-0.36395997,0.82682675,1.1010848
193,114164,log0,2079,174,98,69,237,2,0,0,0,0,-1,255,-0.3587538,0.81952274,1.09867,,,
194,114204,log0,2080,175,99,69,237,1,0,0,0,0,-1,255,1.9598262,0.9198997,0.52987534,-0.36450493,0.82026625,1.1000822
195,114244,log0,2081,176,100,69,237,1,0,0,0,0,-1,255,1.9567171,0.92055655,0.529493,-0.36519945,0.81603116,1.0995026
196,114284,log0,2082,177,100,70,238,2,0,0,0,0,-1,255,1.9529202,0.9203139,0.52995425,-0.365565,0.8114585,1.0984154
197,114324,log0,2082,177,100,70,238,2,0,0,0,0,-1,255,1.9481268,0.9212798,0.52937603,-0.3645682,0.80584735,1.0973583
198,114364,log0,2083,178,101,70,237,1,0,0,0,0,-1,255,1.9425972,0.92166805,0.5295114,-0.3680597,0.80042136,1.0965743
199,114404,log0,2084,179,101,71,237,2,0,0,0,0,-1,255,1.9365268,0.92139506,0.52967983,-0.3674878,0.79626304,1.0955343
200,114444,log0,2085,180,102,71,236,1,0,0,0,0,-1,255,1.9298164,0.92064685,0.5301872,-0.36711273,0.79150516,1.0944602
201,114484,log0,2086,181,103,71,237,1,0,0,0,0,-1,255,1.9218357,0.92027867,0.53059894,-0.36684623,0.786281,1.0942748
202,114524,log0,2086,181,103,71,237,1,0,0,0,0,-1,255,1.9143262,0.91927457,0.53174096,-0.36629918,0.78307873,1.093353
203,114564,log0,2087,182,103,72,235,2,0,0,0,0,-1,255,1.9046866,0.9182255,0.53235084,-0.3664062,0.7792987,1.0938559
204,114604,log0,2088,183,104,72,233,1,0,0,0,0,-1,255,1.8973911,0.91734606,0.5329082,-0.3636664,0.77707016,1.0928395
205,114644,log0,2089,184,104,73,232,2,0,0,0,0,-1,255,1.8838829,0.91577244,0.533537,-0.36096987,0.7755153,1.0922244
206,114684,log0,2090,185,105,73,228,1,0,0,0,0,-1,255,1.8721987,0.9137269,0.53412193,-0.35971478,0.7741628,1.0920644
207,114724,log0,2090,185,105,73,228,1,0,0,0,0,-1,255,1.8684065,0.91248846,0.53207,-0.3590567,0.7742466,1.0917844
208,114764,log0,2091,186,106,73,229,1,0,0,0,0,-1,255,1.8450857,0.9102773,0.53465724,-0.35913354,0.7751365,1.0916382
209,114804,log0,2092,187,106,74,227,2,0,0,0,0,-1,255,1.829137,0.90913975,0.53382665,-0.35981503,0.7768524,1.0914997
210,114844,log0,2093,188,107,74,224,1,0,0,0,0,-1,255,1.8082656,0.9071221,0.53385967,-0.35851043,0.7793801,1.0917377
211,114884,log0,2094,189,107,75,223,2,0,0,0,0,-1,255,1.7908735,0.9050018,0.5344836,-0.35768968,0.7825323,1.0922066
212,114924,log0,2094,189,107,75,223,2,0,0,0,0,-1,255,1.7765167,0.90357476,0.5345697,-0.35722354,0.78479576,1.0921156
213,114964,log0,2095,190,108,75,221,1,0,0,0,0,-1,255,1.7550874,0.9030009,0.5332213,-0.35344473,0.7893771,1.0914087
214,115004,log0,2096,191,108,76,221,2,0,0,0,0,-1,255,1.7333999,0.90145665,0.5329281,-0.35315993,0.7929851,1.0914799
215,115044,log0,2097,192,109,76,215,1,0,0,0,0,-1,255,1.7099053,0.90063137,0.5322382,-0.35431755,0.7961849,1.0910174
216,115084,log0,2098,193,110,76,213,1,0,0,0,0,-1,255,1.6853065,0.9000345,0.53168875,-0.355079,0.80042064,1.091856
217,115124,log0,2098,193,110,76,213,1,0,0,0,0,-1,255,1.6604421,0.89962065,0.531056,-0.35453463,0.80346495,1.0915053
218,115164,log0,2099,194,110,77,212,2,0,0,0,0,-1,255,1.6327083,0.8999567,0.5299012,-0.3544988,0.8051453,1.0912724
219,115204,log0,2100,195,111,77,207,1,0,0,0,0,-1,255,1.6058146,0.89952755,0.5300056,-0.35621637,0.80717844,1.0916834
220,115244,log0,2101,196,112,77,205,1,0,0,0,0,-1,255,1.5757045,0.90130347,0.5285583,-0.35809103,0.808187,1.0916605
221,115284,log0,2102,197,112,78,204,2,0,0,0,0,-1,255,1.5467434,0.90198857,0.528781,-0.3595976,0.8078443,1.0912842
222,115324,log0,2102,197,112,78,204,2,0,0,0,0,-1,255,1.5157013,0.90343636,0.5283072,-0.3608679,0.80720174,1.0911185
223,115364,log0,2103,198,112,79,203,2,0,0,0,0,-1,255,1.4827582,0.90613157,0.52758837,-0.36114427,0.80596465,1.0903382
224,115404,log0,2104,199,113,79,189,1,0,0,0,0,-1,255,1.4493611,0.90789735,0.5274031,-0.36181444,0.80329204,1.0899222
225,115444,log0,2105,200,114,79,188,1,0,0,0,0,-1,255,1.4160163,0.9095291,0.528092,-0.36320493,0.80057377,1.0898149
226,115484,log0,2106,201,115,79,186,1,0,0,0,0,-1,255,1.3816578,0.91141903,0.5288776,-0.36517364,0.7976766,1.0892273
227,115524,log0,2106,201,115,79,186,1,0,0,0,0,-1,255,1.3463286,0.9156563,0.5290854,-0.36711332,0.7936723,1.0885501
228,115564,log0,2107,202,115,80,185,2,0,0,0,0,-1,255,1.3114998,0.91588,0.5306759,-0.37169343,0.79076445,1.0883164
229,115604,log0,2108,203,116,80,176,1,0,0,0,0,-1,255,1.277357,0.9149357,0.5341032,-0.37169057,0.7872198,1.0883198
230,115644,log0,2109,204,117,80,170,1,0,0,0,0,-1,255,1.2401222,0.9153384,0.5358601,-0.37276798,0.7829278,1.0882616
231,115684,log0,2110,205,117,81,171,2,0,0,0,0,-1,255,1.2030118,0.9159601,0.5374019,-0.3710758,0.7802862,1.0875014
232,115724,log0,2110,205,117,81,171,2,0,0,0,0,-1,255,1.1664863,0.9149911,0.53995967,-0.37398311,0.7778361,1.0874045
233,115764,log0,2111,206,118,81,167,1,0,0,0,0,-1,255,1.1296217,0.9135327,0.5420531,-0.37434745,0.7768036,1.0870665
234,115804,log0,2112,207,118,82,167,2,0,0,0,0,-1,255,1.1207415,0.9127473,0.54277575,-0.374454,0.7763558,1.0867604
235,115844,log0,2113,208,119,82,152,1,0,0,0,0,-1,255,1.0533556,0.91020286,0.54577,-0.37464386,0.77669024,1.0863041
236,115884,log0,2114,209,120,82,150,1,0,0,0,0,-1,255,1.0346684,0.9092693,0.5470582,-0.37465626,0.7768507,1.085916
237,115924,log0,2114,209,120,82,150,1,0,0,0,0,-1,255,0.9906775,0.905418,0.55117816,-0.37473932,0.7787425,1.0851345
238,115964,log0,2115,210,120,83,148,2,0,0,0,0,-1,255,0.9453336,0.90132654,0.55437666,-0.37044457,0.7814655,1.0846391
239,116004,log0,2116,211,121,83,139,1,0,0,0,0,-1,255,0.91893935,0.8989908,0.5564112,-0.36957374,0.7837745,1.0841758
240,116044,log0,2117,212,122,83,136,1,0,0,0,0,-1,255,0.87440944,0.89490676,0.5594646,-0.36850142,0.7888713,1.0827245
241,116084,log0,2117,212,122,83,136,1,0,0,0,0,-1,255,0.83907354,0.891523,0.5619793,-0.3671501,0.7936477,1.0825417
242,116124,log0,2118,213,123,83,130,1,0,0,0,0,-1,255,0.80613047,0.8871016,0.5645968,-0.36602607,0.7972111,1.0817684
243,116164,log0,2119,214,123,84,130,2,0,0,0,0,-1,255,0.7723049,0.8835976,0.5667065,-0.36408523,0.8015027,1.0810783
244,116204,log0,2120,215,124,84,119,1,0,0,0,0,-1,255,0.7407784,0.8789545,0.5688309,-0.36359262,0.80579233,1.0808239
245,116244,log0,2121,216,124,85,119,2,0,0,0,0,-1,255,0.709623,0.8745165,0.5707685,-0.3615337,0.80986786,1.0796508
246,116284,log0,2122,217,125,85,114,1,0,0,0,0,-1,255,0.67909455,0.8702468,0.5715844,-0.3606497,0.8125913,1.080849
247,116324,log0,2122,217,125,85,114,1,0,0,0,0,-1,255,0.6567076,0.8676925,0.57231003,-0.35962868,0.81452584,1.0806266
248,116364,log0,2123,218,125,86,114,2,0,0,0,0,-1,255,0.6207996,0.86315393,0.5723332,-0.357316,0.8163899,1.0812294
249,116404,log0,2124,219,126,86,103,1,0,0,0,0,-1,255,0.5933562,0.8599476,0.5722311,-0.35640842,0.8173178,1.0814581
250,116444,log0,2125,220,126,87,103,2,0,0,0,0,-1,255,0.5600437,0.8572486,0.57117367,-0.35751832,0.81762886,1.0816042
251,116484,log0,2126,221,127,87,104,1,0,0,0,0,-1,255,0.5410367,0.8555607,0.57037354,-0.3569834,0.8169977,1.0818081
252,116524,log0,2126,221,127,87,104,1,0,0,0,0,-1,255,0.51696914,0.85349447,0.56902975,-0.3562252,0.8143712,1.081719
253,116564,log0,2127,222,127,88,103,2,0,0,0,0,-1,255,0.49957544,0.8525425,0.56838673,-0.3553686,0.812385,1.0815709
254,116604,log0,2128,223,127,89,104,2,0,0,0,0,-1,255,0.4717392,0.8514595,0.56617135,-0.3555744,0.8082951,1.0822024
255,116644,log0,2129,224,128,89,90,1,0,0,0,0,-1,255,0.45054594,0.8510764,0.56381816,-0.35505393,0.8040778,1.0820419
256,116684,log0,2130,225,128,90,91,2,0,0,0,0,-1,255,0.42661855,0.84988874,0.5615303,-0.3555409,0.79847556,1.0821534
257,116724,log0,2131,226,129,90,86,1,0,0,0,0,-1,255,0.41302088,0.8494556,0.56005436,-0.3571838,0.7943416,1.0814128
258,116764,log0,2131,226,129,90,86,1,0,0,0,0,-1,255,0.3961208,0.84896487,0.55832547,-0.3569483,0.7899972,1.0817424
259,116804,log0,2132,227,129,91,86,2,0,0,0,0,-1,255,0.38056388,0.848584,0.55673677,-0.35753813,0.7850346,1.0811588
260,116844,log0,2133,228,130,91,88,1,0,0,0,0,-1,255,0.36695978,0.84736615,0.55547357,-0.35939756,0.7796853,1.081662
261,116884,log0,2134,229,130,92,87,2,0,0,0,0,-1,255,0.35414523,0.846613,0.5540301,-0.35813406,0.7756604,1.0809641
262,116924,log0,2135,230,131,92,82,1,0,0,0,0,-1,255,0.34361768,0.8451637,0.55348533,-0.359553,0.77219236,1.0811093
263,116964,log0,2135,230,131,92,82,1,0,0,0,0,-1,255,0.33392105,0.8439867,0.5524137,-0.35762355,0.7688914,1.0806825
264,117004,log0,2136,231,131,93,81,2,0,0,0,0,-1,255,0.32624847,0.84216195,0.55202186,-0.35918134,0.7661904,1.0810457
265,117044,log0,2137,232,132,93,80,1,0,0,0,0,-1,255,0.32459033,0.84164894,0.55176127,-0.3598727,0.76615334,1.0811368
266,117084,log0,2138,233,133,93,82,1,0,0,0,0,-1,255,0.31466737,0.8376909,0.5500037,-0.35900217,0.7634556,1.0803499
267,117124,log0,2139,234,134,93,81,1,0,0,0,0,-1,255,0.3112996,0.83515537,0.54971415,-0.35893363,0.76304287,1.0799782
268,117164,log0,2139,234,134,93,81,1,0,0,0,0,-1,255,0.30919516,0.8340443,0.54919696,-0.3589427,0.7624594,1.0796396
269,117204,log0,2140,235,134,94,80,2,0,0,0,0,-1,255,0.3080422,0.83033746,0.5482335,-0.35807306,0.763213,1.0792384
270,117244,log0,2141,236,135,94,77,1,0,0,0,0,-1,255,0.30850932,0.8278734,0.5474643,-0.35573488,0.7639787,1.0787635
271,117284,log0,2142,237,135,95,79,2,0,0,0,0,-1,255,0.31026596,0.8252377,0.54669577,-0.3566898,0.7663475,1.0780362
272,117324,log0,2143,238,136,95,74,1,0,0,0,0,-1,255,0.31287408,0.823196,0.5457898,-0.35587332,0.76896477,1.0777209
273,117364,log0,2143,238,136,95,74,1,0,0,0,0,-1,255,0.3167224,0.8212018,0.5449001,-0.35415956,0.7716239,1.0773426
274,117404,log0,2144,239,137,95,80,1,0,0,0,0,-1,255,0.3223998,0.81873065,0.5443821,-0.35426742,0.7740764,1.077164
275,117444,log0,2145,240,137,96,80,2,0,0,0,0,-1,255,0.32841024,0.81751746,0.5433502,-0.3544598,0.7761875,1.0771872
276,117484,log0,2146,241,138,96,78,1,0,0,0,0,-1,255,0.335388,0.8169055,0.54267275,-0.35352188,0.7788694,1.0769812
277,117524,log0,2147,242,139,96,79,1,0,0,0,0,-1,255,0.34423426,0.81571203,0.5423061,-0.3530587,0.78009665,1.0770377
278,117564,log0,2147,242,139,96,79,1,0,0,0,0,-1,255,0.35349163,0.81622326,0.54171425,-0.35282618,0.78248215,1.07678
279,117604,log0,2148,243,139,97,81,2,0,0,0,0,-1,255,0.36450163,0.81619203,0.54144704,-0.35267606,0.78327936,1.0765634
280,117644,log0,2149,244,140,97,79,1,0,0,0,0,-1,255,0.37628046,0.81694454,0.540665,-0.3525107,0.78367597,1.0763243
281,117684,log0,2150,245,141,97,83,1,0,0,0,0,-1,255,0.38919,0.8182335,0.5405799,-0.35173073,0.7838602,1.0754981
282,117724,log0,2151,246,141,98,83,2,0,0,0,0,-1,255,0.4037692,0.8190559,0.5400345,-0.35099328,0.7824276,1.0750866
283,117764,log0,2151,246,141,98,83,2,0,0,0,0,-1,255,0.419056,0.82044274,0.5396601,-0.35120252,0.78017294,1.0742645
284,117804,log0,2152,247,142,98,83,1,0,0,0,0,-1,255,0.43588948,0.8226982,0.53950113,-0.3501753,0.77683616,1.0728705
285,117844,log0,2153,248,143,98,90,1,0,0,0,0,-1,255,0.4538966,0.82484,0.5392996,-0.35070434,0.773281,1.0721494
286,117884,log0,2154,249,143,99,91,2,0,0,0,0,-1,255,0.47356105,0.8267398,0.5386939,-0.35264623,0.7689515,1.0705991
287,117924,log0,2155,250,144,99,91,1,0,0,0,0,-1,255,0.49450743,0.8290686,0.53823435,-0.3533789,0.7646015,1.0695777
288,117964,log0,2155,250,144,99,91,1,0,0,0,0,-1,255,0.5171068,0.8311305,0.5379119,-0.35477775,0.7596019,1.0686425
289,118004,log0,2156,251,144,100,92,2,0,0,0,0,-1,255,0.5408489,0.833258,0.53671926,-0.35546947,0.754168,1.0680146
290,118044,log0,2157,252,145,100,97,1,0,0,0,0,-1,255,0.5731245,0.83549064,0.53591144,-0.354608,0.748841,1.0667665
291,118084,log0,2158,253,146,100,100,1,0,0,0,0,-1,255,0.59356195,0.8367125,0.5353315,-0.35356274,0.74469095,1.0664265
292,118124,log0,2159,254,146,101,100,2,0,0,0,0,-1,255,0.6217879,0.8380624,0.5339324,-0.35373586,0.740244,1.0663946
293,118164,log0,2159,254,146,101,100,2,0,0,0,0,-1,255,0.6516798,0.8394627,0.5330736,-0.35527393,0.7362192,1.0663913
294,118204,log0,2160,255,147,101,106,1,0,0,0,0,-1,255,0.682919,0.8405582,0.5321239,-0.3538705,0.7331976,1.0667138
295,118244,log0,2161,256,148,101,111,1,0,0,0,0,-1,255,0.7157488,0.841497,0.5316516,-0.35415128,0.73065734,1.0677563
296,118284,log0,2162,257,149,101,113,1,0,0,0,0,-1,255,0.7496645,0.84259,0.5307317,-0.35345498,0.7292383,1.0680845
297,118324,log0,2163,258,149,102,114,2,0,0,0,0,-1,255,0.78496987,0.84350884,0.53032297,-0.3532631,0.7284638,1.0683372
298,118364,log0,2163,258,149,102,114,2,0,0,0,0,-1,255,0.83047307,0.84536326,0.5295968,-0.35344416,0.728973,1.069077
299,118404,log0,2164,259,150,102,118,1,0,0,0,0,-1,255,0.85859686,0.8467895,0.5290398,-0.35295388,0.7304299,1.069233
300,118444,log0,2165,260,151,102,126,1,0,0,0,0,-1,255,0.90611196,0.8492312,0.5276852,-0.35408688,0.7322402,1.0689447
301,118484,log0,2166,261,151,103,129,2,0,0,0,0,-1,255,0.92614776,0.85001415,0.5277227,-0.35319844,0.73462135,1.0688354
302,118524,log0,2167,262,152,103,133,1,0,0,0,0,-1,255,0.97594416,0.8536898,0.52635115,-0.35206828,0.7385941,1.0682107
303,118564,log0,2167,262,152,103,133,1,0,0,0,0,-1,255,1.0174114,0.8556425,0.5258471,-0.3508584,0.74236256,1.06755
304,118604,log0,2168,263,153,103,141,1,0,0,0,0,-1,255,1.0571982,0.85930526,0.52426106,-0.34957176,0.7461385,1.0668781
305,118644,log0,2169,264,154,103,143,1,0,0,0,0,-1,255,1.1008817,0.8629306,0.52393985,-0.35110632,0.75164723,1.0665853
306,118684,log0,2170,265,154,104,145,2,0,0,0,0,-1,255,1.1524645,0.87130994,0.5210703,-0.35179225,0.75748193,1.066115
307,118724,log0,2171,266,155,104,156,1,0,0,0,0,-1,255,1.1870024,0.8707297,0.5228631,-0.3505338,0.760884,1.0656828
308,118764,log0,2171,266,155,104,156,1,0,0,0,0,-1,255,1.2409387,0.8761139,0.52231145,-0.34815732,0.76603776,1.0653882
309,118804,log0,2172,267,156,104,161,1,0,0,0,0,-1,255,1.2724509,0.87981206,0.5217908,-0.34859252,0.7687357,1.0654804
310,118844,log0,2173,268,156,105,163,2,0,0,0,0,-1,255,1.3158269,0.8843369,0.52135366,-0.3503256,0.7730199,1.0653514
311,118884,log0,2174,269,157,105,170,1,0,0,0,0,-1,255,1.3577803,0.8887226,0.52129567,-0.35026902,0.776219,1.0656406
312,118924,log0,2175,270,157,106,174,2,0,0,0,0,-1,255,1.4001515,0.8930857,0.5209152,-0.34946087,0.7782953,1.0655087
313,118964,log0,2175,270,157,106,174,2,0,0,0,0,-1,255,1.440052,0.89729017,0.5206744,-0.3492176,0.77971494,1.0657185
314,119004,log0,2176,271,158,106,182,1,0,0,0,0,-1,255,1.4505181,0.89812344,0.5208601,-0.34958822,0.780132,1.0661926
315,119044,log0,2177,272,159,106,184,1,0,0,0,0,-1,255,1.5330048,0.903969,0.5215558,-0.35062265,0.7798187,1.0662423
316,119084,log0,2178,273,159,107,185,2,0,0,0,0,-1,255,1.5613959,0.9054389,0.52174866,-0.35090864,0.7793674,1.0658971
317,119124,log0,2179,274,160,107,196,1,0,0,0,0,-1,255,1.5982996,0.90857446,0.52082205,-0.35193115,0.7772734,1.0661126
318,119164,log0,2179,274,160,107,196,1,0,0,0,0,-1,255,1.6351625,0.91042,0.5200893,-0.35221544,0.7754175,1.0663663
319,119204,log0,2180,275,161,107,202,1,0,0,0,0,-1,255,1.6717886,0.9114215,0.5194577,-0.3528413,0.7722195,1.0665836
320,119244,log0,2181,276,161,108,204,2,0,0,0,0,-1,255,1.7150058,0.91262686,0.51864105,-0.35620493,0.76773787,1.0670304
321,119284,log0,2182,277,162,108,206,1,0,0,0,0,-1,255,1.7396281,0.9130096,0.5175553,-0.35614467,0.76319134,1.0669037
322,119324,log0,2183,278,162,109,208,2,0,0,0,0,-1,255,1.7726167,0.91203195,0.517474,-0.35709363,0.75922996,1.0670346
323,119364,log0,2183,278,162,109,208,2,0,0,0,0,-1,255,1.8103484,0.9115741,0.5157725,-0.35628816,0.75330484,1.0663679
324,119404,log0,2184,279,163,109,217,1,0,0,0,0,-1,255,1.8389596,0.91187215,0.51385283,-0.35673702,0.7482855,1.0664488
325,119444,log0,2185,280,163,110,221,2,0,0,0,0,-1,255,1.8593184,0.91129833,0.51264125,-0.35687423,0.74484885,1.0661808
326,119484,log0,2186,281,164,110,226,1,0,0,0,0,-1,255,1.8847672,0.9110428,0.51090556,-0.35546082,0.7403597,1.0653092
327,119524,log0,2187,282,165,110,228,1,0,0,0,0,-1,255,1.9084744,0.91065574,0.5091699,-0.35614341,0.7365164,1.0650842
328,119564,log0,2187,282,165,110,228,1,0,0,0,0,-1,255,1.9298817,0.9105809,0.5070708,-0.35421538,0.73224187,1.0646569
329,119604,log0,2188,283,165,111,228,2,0,0,0,0,-1,255,1.9558061,0.909573,0.50570476,-0.3535123,0.7288344,1.0642024
330,119644,log0,2189,284,165,112,228,2,0,0,0,0,-1,255,1.9692986,0.90961915,0.5043302,-0.35291988,0.7275619,1.0640829
331,119684,log0,2190,285,166,112,233,1,0,0,0,0,-1,255,1.9865309,0.90893054,0.5029002,-0.35033935,0.7260538,1.0634483
332,119724,log0,2191,286,167,112,239,1,0,0,0,0,-1,255,2.0052013,0.9094607,0.50076735,-0.34990886,0.7247231,1.0632315
333,119764,log0,2191,286,167,112,239,1,0,0,0,0,-1,255,2.0183787,0.9092903,0.49898687,-0.34906238,0.7246811,1.0623313
334,119804,log0,2192,287,167,113,239,2,0,0,0,0,-1,255,2.0296612,0.91026765,0.4966974,-0.3490695,0.7256019,1.0616558
335,119844,log0,2193,288,168,113,243,1,0,0,0,0,-1,255,2.0373597,0.9106374,0.49554375,-0.3508766,0.7272094,1.0614868
336,119884,log0,2194,289,168,114,243,2,0,0,0,0,-1,255,2.0466146,0.91144305,0.49391523,-0.34910145,0.72863466,1.0602555
337,119924,log0,2195,290,169,114,244,1,0,0,0,0,-1,255,-0.35798144,0.7213291,1.0659957,,,
338,119964,log0,2196,291,169,115,244,2,0,0,0,0,-1,255,2.0594049,0.9130756,0.49096048,-0.3509306,0.7340868,1.0595118
339,120004,log0,2196,291,169,115,244,2,0,0,0,0,-1,255,2.0608356,0.91407186,0.49134004,-0.35100597,0.73497695,1.0592543
340,120044,log0,2197,292,169,116,244,2,0,0,0,0,-1,255,2.0664003,0.9159327,0.48878202,-0.34960774,0.7394478,1.0583662
341,120084,log0,2198,293,170,116,246,1,0,0,0,0,-1,255,2.0667405,0.9156631,0.4893043,-0.35121766,0.7398464,1.0588938
342,120124,log0,2199,294,171,116,247,1,0,0,0,0,-1,255,2.0700934,0.9185074,0.48721766,-0.35045254,0.7478987,1.0591565
343,120164,log0,2200,295,172,116,245,1,0,0,0,0,-1,255,2.0699992,0.9189678,0.48722953,-0.3508631,0.7485819,1.0594339
344,120204,log0,2200,295,172,116,245,1,0,0,0,0,-1,255,2.0681665,0.91909635,0.48751467,-0.35609975,0.7536259,1.060233
345,120244,log0,2201,296,172,117,248,2,0,0,0,0,-1,255,2.0644495,0.92074305,0.4883542,-0.35583988,0.7552011,1.0607779
346,120284,log0,2202,297,172,118,248,2,0,0,0,0,-1,255,2.0622592,0.92027336,0.48786294,-0.3570852,0.7563003,1.0611578
347,120324,log0,2203,298,173,118,246,1,0,0,0,0,-1,255,2.0581954,0.91985595,0.48882496,-0.35731804,0.7572968,1.0608411
348,120364,log0,2204,299,173,119,247,2,0,0,0,0,-1,255,2.0513525,0.9213301,0.4865718,-0.35828194,0.75759184,1.0610988
349,120404,log0,2204,299,173,119,247,2,0,0,0,0,-1,255,2.04566,0.9185558,0.490194,-0.3591882,0.75750434,1.0613261
350,120444,log0,2205,300,174,119,243,1,0,0,0,0,-1,255,2.0489147,0.91724396,0.48952338,-0.36065236,0.7563123,1.0616953
351,120484,log0,2206,301,175,119,246,1,0,0,0,0,-1,255,2.041264,0.91556114,0.4893689,-0.35926798,0.75512755,1.0616983
352,120524,log0,2207,302,175,120,246,2,0,0,0,0,-1,255,2.0204687,0.9122055,0.49188864,-0.361832,0.7525576,1.0616674
353,120564,log0,2208,303,176,120,242,1,0,0,0,0,-1,255,2.0105255,0.90948117,0.49277192,-0.36152092,0.7504102,1.0620989
354,120604,log0,2208,303,176,120,242,1,0,0,0,0,-1,255,1.9993464,0.906337,0.49392936,-0.36080572,0.7466698,1.061457
355,120644,log0,2209,304,176,120,242,1,0,0,0,0,-1,255,1.9879049,0.90369445,0.49478444,-0.36143115,0.7441293,1.0616301
356,120684,log0,2210,305,176,121,243,2,0,0,0,0,-1,255,1.9810625,0.9029855,0.49459338,-0.36154225,0.7427639,1.0616323
357,120724,log0,2211,306,177,121,241,1,0,0,0,0,-1,255,1.9644419,0.89822525,0.49595702,-0.36269265,0.739012,1.0613596
358,120764,log0,2212,307,177,122,239,2,0,0,0,0,-1,255,1.9492676,0.8951251,0.49647853,-0.36478674,0.7365231,1.0613973
359,120804,log0,2213,308,178,122,234,1,0,0,0,0,-1,255,1.9282303,0.891079,0.49706244,-0.36366126,0.73399186,1.0604985
360,120844,log0,2213,308,178,122,234,1,0,0,0,0,-1,255,1.9232113,0.89091474,0.49650496,-0.3635164,0.7337792,1.0604277
361,120884,log0,2214,309,178,123,234,2,0,0,0,0,-1,255,1.8883009,0.88491976,0.49831423,-0.36049163,0.7309258,1.0606563
362,120924,log0,2215,310,179,123,230,1,0,0,0,0,-1,255,1.8827401,0.8839682,0.49584034,-0.36083308,0.73067933,1.0609788
363,120964,log0,2216,311,179,124,230,2,0,0,0,0,-1,255,1.8432521,0.88009924,0.49612466,-0.36016175,0.73115146,1.0609502
364,121004,log0,2216,311,179,124,230,2,0,0,0,0,-1,255,-0.3649927,0.73146373,1.0618225,,,
365,121044,log0,2217,312,180,124,224,1,0,0,0,0,-1,255,-0.36402518,0.73212546,1.0614543,,,
366,121084,log0,2218,313,180,125,224,2,0,0,0,0,-1,255,1.7777731,0.8592796,0.4985146,-0.35812318,0.7344273,1.0612898
367,121124,log0,2219,314,181,125,220,1,0,0,0,0,-1,255,1.7492794,0.8554734,0.49989745,-0.35649353,0.7367547,1.0610093
368,121164,log0,2220,315,181,126,219,2,0,0,0,0,-1,255,1.7211916,0.8507335,0.4998928,-0.35610607,0.7393352,1.0603487
369,121204,log0,2221,316,182,126,215,1,0,0,0,0,-1,255,1.6835521,0.86846817,0.49843112,-0.35670608,0.741769,1.0603242
370,121244,log0,2221,316,182,126,215,1,0,0,0,0,-1,255,1.6502848,0.8679091,0.4984775,-0.35364592,0.74530953,1.0595815
371,121284,log0,2222,317,183,126,210,1,0,0,0,0,-1,255,1.6182903,0.8650586,0.5007464,-0.3534822,0.74784,1.0591646
372,121324,log0,2223,318,183,127,206,2,0,0,0,0,-1,255,1.5737948,0.8637933,0.5011583,-0.3522807,0.75128865,1.0586665
373,121364,log0,2224,319,184,127,195,1,0,0,0,0,-1,255,1.5490156,0.86189604,0.50324166,-0.35193357,0.75381726,1.058605
374,121404,log0,2224,319,184,127,195,1,0,0,0,0,-1,255,1.5116208,0.86072797,0.50375116,-0.35315382,0.7548417,1.0588646
375,121445,log0,2225,320,184,128,195,2,0,0,0,0,-1,255,1.4658619,0.85835254,0.5057812,-0.35128245,0.7582849,1.0586739
376,121484,log0,2226,321,185,128,195,1,0,0,0,0,-1,255,1.4311738,0.85170317,0.51041263,-0.35257676,0.75832075,1.0591366
377,121524,log0,2227,322,186,128,189,1,0,0,0,0,-1,255,1.4010625,0.85422736,0.509128,-0.34960857,0.7591294,1.0581928
378,121564,log0,2228,323,186,129,186,2,0,0,0,0,-1,255,1.3617442,0.8518055,0.5108486,-0.34991845,0.7595559,1.0585616
379,121604,log0,2228,323,186,129,186,2,0,0,0,0,-1,255,1.3228291,0.849566,0.51264215,-0.3501574,0.7590132,1.0583584
380,121644,log0,2229,324,187,129,174,1,0,0,0,0,-1,255,1.2736436,0.845643,0.51533324,-0.35263547,0.7577459,1.0580126
381,121684,log0,2230,325,188,129,176,1,0,0,0,0,-1,255,1.243581,0.84318954,0.5165716,-0.35298675,0.7562497,1.0578216
382,121724,log0,2231,326,189,129,168,1,0,0,0,0,-1,255,1.2054453,0.83934337,0.51984257,-0.35249087,0.75364405,1.0573834
383,121765,log0,2231,326,189,129,168,1,0,0,0,0,-1,255,1.1747552,0.83708173,0.5212246,-0.3529398,0.7518891,1.0568058
384,121804,log0,2232,327,190,129,157,1,0,0,0,0,-1,255,1.162865,0.8372933,0.5212355,-0.35366896,0.7510174,1.056812
385,121844,log0,2233,328,190,130,155,2,0,0,0,0,-1,255,1.061431,0.8284404,0.52639395,-0.35466248,0.74151844,1.0551852
386,121884,log0,2234,329,190,131,155,2,0,0,0,0,-1,255,1.0308301,0.8264591,0.5276558,-0.35414478,0.7390034,1.0552872
387,121924,log0,2235,330,191,131,144,1,0,0,0,0,-1,255,1.0027997,0.82328063,0.53001475,-0.3534926,0.7360807,1.0546756
388,121964,log0,2235,330,191,131,144,1,0,0,0,0,-1,255,0.96344626,0.82030535,0.53205013,-0.35280734,0.73235667,1.0543809
389,122004,log0,2236,331,191,132,145,2,0,0,0,0,-1,255,0.9342947,0.8187107,0.53284097,-0.35068673,0.72966707,1.0543472
390,122044,log0,2237,332,192,132,137,1,0,0,0,0,-1,255,0.8864442,0.81567115,0.53565013,-0.34846786,0.7250151,1.0537342
391,122084,log0,2238,333,193,132,131,1,0,0,0,0,-1,255,0.84954727,0.8136266,0.5375286,-0.34650028,0.721291,1.0536555
392,122124,log0,2239,334,193,133,130,2,0,0,0,0,-1,255,0.8128248,0.8122158,0.5389538,-0.34531963,0.7185808,1.054119
393,122164,log0,2239,334,193,133,130,2,0,0,0,0,-1,255,,,,-0.34291807,0.7168352,1.0535107
394,122204,log0,2240,335,194,133,118,1,0,0,0,0,-1,255,0.7255423,0.8067627,0.54691046,-0.33903837,0.7143568,1.0533543
395,122244,log0,2241,336,195,133,116,1,0,0,0,0,-1,255,0.6837004,0.797054,0.54866606,-0.33613512,0.71316165,1.0525799
396,122284,log0,2242,337,195,134,116,2,0,0,0,0,-1,255,0.67487776,0.8083135,0.54315287,-0.33401126,0.71260285,1.0522057
397,122324,log0,2243,338,196,134,110,1,0,0,0,0,-1,255,0.6412998,0.8082393,0.54295796,-0.33128852,0.71302676,1.0516629
398,122364,log0,2243,338,196,134,110,1,0,0,0,0,-1,255,0.60475504,0.8065613,0.54463625,-0.32867545,0.71440583,1.0513864
399,122404,log0,2244,339,197,134,104,1,0,0,0,0,-1,255,0.581773,0.8065917,0.54414344,-0.3275741,0.7148018,1.0508097
400,122444,log0,2245,340,197,135,103,2,0,0,0,0,-1,255,0.5474015,0.8047712,0.5448575,-0.3250645,0.716622,1.0503724
401,122484,log0,2246,341,198,135,97,1,0,0,0,0,-1,255,0.5270605,0.80399287,0.5444907,-0.32227373,0.7189025,1.0508238
402,122524,log0,2247,342,198,136,97,2,0,0,0,0,-1,255,0.5019944,0.8024982,0.54425865,-0.32208845,0.72063017,1.0506556
403,122564,log0,2247,342,198,136,97,2,0,0,0,0,-1,255,0.4724228,0.80031115,0.5435439,-0.32176057,0.72363,1.0501701
404,122604,log0,2248,343,199,136,91,1,0,0,0,0,-1,255,0.45039544,0.79831827,0.54232264,-0.32197523,0.726661,1.0505445
405,122644,log0,2249,344,199,137,92,2,0,0,0,0,-1,255,0.43009198,0.7961766,0.54129934,-0.32137722,0.7288484,1.0502913
406,122684,log0,2250,345,200,137,82,1,0,0,0,0,-1,255,0.41594,0.7942461,0.54054046,-0.32106146,0.73070246,1.0504144
407,122724,log0,2251,346,200,138,83,2,0,0,0,0,-1,255,0.39782277,0.7924331,0.53910404,-0.3234795,0.73214024,1.0507215
408,122764,log0,2251,346,200,138,83,2,0,0,0,0,-1,255,0.3813912,0.7898974,0.53787535,-0.32576847,0.7339761,1.0508454
409,122804,log0,2252,347,201,138,82,1,0,0,0,0,-1,255,0.36273015,0.7871698,0.53647774,-0.32716104,0.7361628,1.0509913
410,122844,log0,2253,348,201,139,82,2,0,0,0,0,-1,255,0.34986097,0.7845692,0.5355972,-0.32974073,0.7364581,1.0516602
411,122884,log0,2254,349,202,139,80,1,0,0,0,0,-1,255,0.33779866,0.7826573,0.53468585,-0.33239406,0.7360163,1.0521667
412,122924,log0,2255,350,202,140,81,2,0,0,0,0,-1,255,0.3275425,0.7804151,0.53415585,-0.33349296,0.73573726,1.0528451
413,122964,log0,2255,350,202,140,81,2,0,0,0,0,-1,255,0.32062164,0.77936226,0.5342669,-0.33510894,0.7352721,1.0533594
414,123004,log0,2256,351,203,140,79,1,0,0,0,0,-1,255,0.31239578,0.7782772,0.5336774,-0.33715135,0.73353356,1.0533942
415,123044,log0,2257,352,204,140,79,1,0,0,0,0,-1,255,0.3059597,0.77738774,0.5334234,-0.33943507,0.7315724,1.0533595
416,123084,log0,2258,353,205,140,80,1,0,0,0,0,-1,255,0.2992633,0.77633756,0.53320354,-0.34232748,0.7286318,1.0524888
417,123124,log0,2259,354,205,141,79,2,0,0,0,0,-1,255,0.29609975,0.7759197,0.5333569,-0.3417009,0.72587466,1.0516558
418,123164,log0,2259,354,205,141,79,2,0,0,0,0,-1,255,0.29422417,0.7759801,0.53353024,-0.34153846,0.72317564,1.0507829
419,123204,log0,2260,355,206,141,79,1,0,0,0,0,-1,255,0.29337364,0.77624327,0.5330086,-0.34074402,0.7210459,1.0498092
420,123244,log0,2261,356,207,141,77,1,0,0,0,0,-1,255,0.29473293,0.77693367,0.53321517,-0.34181002,0.7180541,1.0487509
421,123284,log0,2262,357,207,142,76,2,0,0,0,0,-1,255,0.29678473,0.7779881,0.53299814,-0.33743435,0.71560967,1.047435
422,123324,log0,2263,358,207,143,77,2,0,0,0,0,-1,255,0.30042326,0.7789264,0.5328241,-0.33269808,0.71278995,1.0465808
423,123364,log0,2263,358,207,143,77,2,0,0,0,0,-1,255,0.30388284,0.779783,0.532749,-0.33164674,0.7115124,1.0459216
424,123404,log0,2264,359,208,143,76,1,0,0,0,0,-1,255,0.31007087,0.78031796,0.5325803,-0.3268508,0.71002805,1.0452114
425,123444,log0,2265,360,209,143,71,1,0,0,0,0,-1,255,0.31977323,0.78115,0.5326603,-0.3220033,0.70899713,1.0443159
426,123484,log0,2266,361,210,143,75,1,0,0,0,0,-1,255,0.32849604,0.78198004,0.5321286,-0.31753826,0.7083433,1.0448922
427,123524,log0,2267,362,210,144,76,2,0,0,0,0,-1,255,0.3362776,0.78211325,0.53200275,-0.314276,0.7087803,1.0445062
428,123564,log0,2268,363,211,144,70,1,0,0,0,0,-1,255,0.35040855,0.7830996,0.531363,-0.30833054,0.7090648,1.045386
429,123604,log0,2268,363,211,144,70,1,0,0,0,0,-1,255,0.36397296,0.78262794,0.5311511,-0.30521244,0.7107378,1.0464156
430,123644,log0,2268,363,211,144,70,1,0,0,0,0,-1,255,0.37436375,0.7833404,0.5302962,-0.30307448,0.71200895,1.0467228
431,123684,log0,2270,364,211,145,71,2,0,0,0,0,-1,255,0.39041117,0.7826855,0.52965295,-0.3022776,0.7142068,1.0471901
432,123724,log0,2271,365,212,145,80,1,0,0,0,0,-1,255,0.40772235,0.78242725,0.5290507,-0.30106866,0.7167764,1.0477122
433,123764,log0,2272,366,213,145,77,1,0,0,0,0,-1,255,0.4311344,0.7820436,0.52763724,-0.30080298,0.71986705,1.0485023
434,123804,log0,2272,366,213,145,77,1,0,0,0,0,-1,255,0.45178387,0.78172046,0.5265949,-0.30161393,0.72248536,1.0488993
435,123844,log0,2273,367,214,145,86,1,0,0,0,0,-1,255,0.45754814,0.78086954,0.5263435,-0.3018912,0.72305405,1.0490046
436,123884,log0,2274,368,214,146,86,2,0,0,0,0,-1,255,0.5099868,0.7810111,0.52398795,-0.3075002,0.72942346,1.0493374
437,123924,log0,2275,369,215,146,83,1,0,0,0,0,-1,255,0.5165132,0.7805333,0.52362424,-0.30829224,0.7300769,1.0489353
438,123964,log0,2276,370,216,146,94,1,0,0,0,0,-1,255,0.606931,0.7817821,0.5199684,-0.32217115,0.73621947,1.0501885
439,124004,log0,2276,370,216,146,94,1,0,0,0,0,-1,255,0.6144881,0.78187263,0.519706,-0.32356852,0.73639023,1.0500702
440,124044,log0,2277,371,217,146,97,1,0,0,0,0,-1,255,0.63012815,0.7823327,0.51975864,-0.32558694,0.7370245,1.0502411
441,124084,log0,2278,372,218,146,95,1,0,0,0,0,-1,255,0.6377756,0.78249097,0.5190748,-0.32603312,0.736866,1.0502659
442,124124,log0,2279,373,219,146,104,1,0,0,0,0,-1,255,0.6700131,0.78380483,0.518672,-0.3339741,0.73680824,1.0514874
443,124164,log0,2280,374,219,147,105,2,0,0,0,0,-1,255,0.69457227,0.7852075,0.5180078,-0.33689487,0.73716235,1.0517472
444,124204,log0,2280,374,219,147,105,2,0,0,0,0,-1,255,0.73741615,0.78789216,0.51751894,-0.3401351,0.73675674,1.0516667
445,124244,log0,2281,375,220,147,108,1,0,0,0,0,-1,255,0.74602276,0.78896016,0.5176157,-0.34101912,0.736766,1.0516033
446,124284,log0,2282,376,220,148,109,2,0,0,0,0,-1,255,0.8000412,0.7937475,0.51723874,-0.3456987,0.7347483,1.0523076
447,124324,log0,2283,377,221,148,117,1,0,0,0,0,-1,255,0.8373602,0.79758537,0.5176057,-0.34829077,0.7320593,1.0524628
448,124364,log0,2284,378,222,148,121,1,0,0,0,0,-1,255,0.8759036,0.8015499,0.51783615,-0.34710413,0.7304237,1.053101
449,124404,log0,2285,379,222,149,123,2,0,0,0,0,-1,255,0.9249835,0.80753016,0.517193,-0.34866792,0.72783774,1.0533768
450,124444,log0,2285,379,222,149,123,2,0,0,0,0,-1,255,0.9656667,0.8116107,0.5173657,-0.34846553,0.72611135,1.0536262
451,124484,log0,2286,380,223,149,135,1,0,0,0,0,-1,255,0.9962306,0.8157837,0.5168287,-0.3460872,0.7241674,1.0537018
452,124524,log0,2287,381,223,150,137,2,0,0,0,0,-1,255,1.0490137,0.82096195,0.51650554,-0.34369075,0.72213346,1.0534053
453,124564,log0,2288,382,224,150,140,1,0,0,0,0,-1,255,1.0586125,0.8225918,0.5158046,-0.341481,0.72137743,1.0531499
454,124604,log0,2289,383,224,151,144,2,0,0,0,0,-1,255,1.1243768,0.8283591,0.51596963,-0.33485994,0.7199368,1.0526937
455,124644,log0,2289,383,224,151,144,2,0,0,0,0,-1,255,1.1567444,0.8309807,0.51596576,-0.3309478,0.71949106,1.0525454
456,124684,log0,2290,384,225,151,152,1,0,0,0,0,-1,255,-0.32952166,0.7200362,1.0528537,,,
457,124724,log0,2291,385,225,152,153,2,0,0,0,0,-1,255,1.2543969,0.83874303,0.5146372,-0.31962773,0.7209049,1.0517145
458,124764,log0,2292,386,226,152,161,1,0,0,0,0,-1,255,1.2985033,0.8402848,0.5148065,-0.31312352,0.7220467,1.0518935
459,124804,log0,2293,387,226,153,164,2,0,0,0,0,-1,255,,,,-0.30623412,0.7250799,1.0509176
460,124844,log0,2293,387,226,153,164,2,0,0,0,0,-1,255,,,,-0.30553988,0.72584206,1.0511703
461,124884,log0,2294,388,227,153,173,1,0,0,0,0,-1,255,1.4392169,0.8494216,0.5118136,-0.298776,0.7315384,1.0505953
462,124924,log0,2295,389,228,153,176,1,0,0,0,0,-1,255,1.4697429,0.8508949,0.51106715,-0.29526353,0.7342942,1.0512193
463,124964,log0,2296,390,228,154,177,2,0,0,0,0,-1,255,1.5205797,0.85387814,0.50971174,-0.2927841,0.7389806,1.0510755
464,125004,log0,2297,391,229,154,187,1,0,0,0,0,-1,255,1.5623909,0.8528914,0.5103809,-0.29302534,0.7440371,1.0516328
465,125044,log0,2297,391,229,154,187,1,0,0,0,0,-1,255,1.5917052,0.8538538,0.5099336,-0.29273877,0.7469133,1.0521891
466,125084,log0,2298,392,229,155,190,2,0,0,0,0,-1,255,1.6405171,0.8554625,0.50950694,-0.29402822,0.75294775,1.0528966
467,125124,log0,2299,393,229,156,190,2,0,0,0,0,-1,255,1.6777703,0.8576081,0.5082988,-0.29752177,0.7563592,1.0531691
468,125164,log0,2300,394,230,156,199,1,0,0,0,0,-1,255,1.6966059,0.85858035,0.5081898,-0.29846862,0.758561,1.0533323
469,125204,log0,2301,395,230,157,201,2,0,0,0,0,-1,255,1.7321147,0.86097556,0.5071648,-0.30230474,0.761873,1.0540946
470,125244,log0,2301,395,230,157,201,2,0,0,0,0,-1,255,1.7754145,0.8631207,0.5059567,-0.305955,0.7652661,1.0538442
471,125284,log0,2302,396,231,157,207,1,0,0,0,0,-1,255,1.8073303,0.86648524,0.50489914,-0.31061932,0.76688457,1.0540525
472,125324,log0,2303,397,231,158,209,2,0,0,0,0,-1,255,1.8149854,0.86703867,0.50469565,-0.31179452,0.7676968,1.0543709
473,125364,log0,2304,398,231,159,210,2,0,0,0,0,-1,255,1.8691516,0.8715597,0.5029178,-0.31887093,0.76940155,1.0534695
474,125404,log0,2305,399,232,159,222,1,0,0,0,0,-1,255,1.8954656,0.87380815,0.5019622,-0.32497507,0.7699813,1.0530754
475,125444,log0,2305,399,232,159,222,1,0,0,0,0,-1,255,1.9206291,0.8766732,0.5003581,-0.32831514,0.76969993,1.0532092
476,125484,log0,2306,400,233,159,223,1,0,0,0,0,-1,255,1.9434063,0.8798174,0.4989805,-0.33285823,0.7681862,1.0526831
477,125524,log0,2307,401,233,160,225,2,0,0,0,0,-1,255,1.9785976,0.88417107,0.49538067,-0.33843744,0.76724774,1.0528047
478,125564,log0,2308,402,234,160,231,1,0,0,0,0,-1,255,1.9923861,0.88641435,0.4942171,-0.34261963,0.76605034,1.0530028
479,125604,log0,2309,403,234,161,234,2,0,0,0,0,-1,255,2.003142,0.8891612,0.4939069,-0.34299707,0.76333797,1.0526901
480,125644,log0,2309,403,234,161,234,2,0,0,0,0,-1,255,2.0173376,0.89156157,0.49208522,-0.3427908,0.7610774,1.0524322
481,125684,log0,2310,404,235,161,237,1,0,0,0,0,-1,255,2.0259356,0.894103,0.49050516,-0.34345782,0.75937974,1.0518526
482,125724,log0,2311,405,235,162,238,2,0,0,0,0,-1,255,2.0387733,0.8970913,0.48901498,-0.3446361,0.7568341,1.05277
483,125764,log0,2312,406,236,162,240,1,0,0,0,0,-1,255,2.0473347,0.8989187,0.48770323,-0.34236974,0.75483507,1.0522416
484,125804,log0,2313,407,237,162,243,1,0,0,0,0,-1,255,-0.34408644,0.7535227,1.0531728,,,
485,125844,log0,2313,407,237,162,243,1,0,0,0,0,-1,255,2.0670936,0.9045584,0.4817264,-0.3329905,0.7514013,1.0520651
486,125884,log0,2314,408,238,162,241,1,0,0,0,0,-1,255,2.0674548,0.9104842,0.47675323,-0.3296635,0.75044554,1.0520124
487,125924,log0,2315,409,238,163,242,2,0,0,0,0,-1,255,2.0649261,0.90600765,0.4833166,-0.32565242,0.7505612,1.0521283
488,125964,log0,2316,410,239,163,245,1,0,0,0,0,-1,255,2.0654283,0.906363,0.48360217,-0.3218001,0.7504623,1.0523126
489,126004,log0,2317,411,239,164,244,2,0,0,0,0,-1,255,2.0660694,0.90729296,0.4831172,-0.314854,0.75096565,1.0521263
490,126044,log0,2317,411,239,164,244,2,0,0,0,0,-1,255,2.065555,0.90852374,0.48269802,-0.3085939,0.7516435,1.0520126
491,126084,log0,2318,412,240,164,245,1,0,0,0,0,-1,255,2.073551,0.9098092,0.48104236,-0.30456066,0.7533642,1.0522487
492,126124,log0,2319,413,241,164,245,1,0,0,0,0,-1,255,2.061533,0.9095298,0.48346043,-0.29848766,0.75494725,1.0523076
493,126164,log0,2320,414,242,164,241,1,0,0,0,0,-1,255,2.0690475,0.9097575,0.4811497,-0.29664987,0.7558206,1.052417
494,126204,log0,2321,415,242,165,240,2,0,0,0,0,-1,255,2.0568256,0.9088834,0.48437017,-0.29196167,0.75709575,1.0523304
495,126244,log0,2321,415,242,165,240,2,0,0,0,0,-1,255,2.0533845,0.9090939,0.485301,-0.29234236,0.758557,1.0528655
496,126284,log0,2322,416,243,165,242,1,0,0,0,0,-1,255,2.0493965,0.90938455,0.4858822,-0.28829986,0.76137906,1.0521582
497,126324,log0,2323,417,243,166,243,2,0,0,0,0,-1,255,2.043894,0.9086628,0.4867017,-0.287042,0.76310545,1.0521637
498,126364,log0,2324,418,244,166,240,1,0,0,0,0,-1,255,2.0382156,0.90869206,0.4873985,-0.28707474,0.7649746,1.0520409
499,126404,log0,2325,419,244,167,240,2,0,0,0,0,-1,255,2.033336,0.9091929,0.48784956,-0.28883484,0.76599634,1.0518392
500,126444,log0,2325,419,244,167,240,2,0,0,0,0,-1,255,2.0298107,0.9074587,0.4890048,-0.28970298,0.7676147,1.0518146
501,126484,log0,2326,420,245,167,238,1,0,0,0,0,-1,255,2.022728,0.9096563,0.48812056,-0.2921297,0.76783913,1.0513649
502,126524,log0,2327,421,245,168,238,2,0,0,0,0,-1,255,2.015741,0.9068973,0.49034587,-0.2966699,0.767904,1.0514239
503,126564,log0,2328,422,246,168,235,1,0,0,0,0,-1,255,2.0083795,0.906206,0.490821,-0.30058685,0.7667334,1.0516857
504,126604,log0,2329,423,247,168,236,1,0,0,0,0,-1,255,2.0029113,0.90531373,0.49141204,-0.30210882,0.7666576,1.0512738
505,126644,log0,2329,423,247,168,236,1,0,0,0,0,-1,255,1.9925389,0.90460604,0.49162406,-0.3063438,0.76470685,1.0509667
506,126684,log0,2330,424,247,169,235,2,0,0,0,0,-1,255,1.9834344,0.9035747,0.49230346,-0.30987552,0.76244205,1.0515529
507,126724,log0,2331,425,248,169,232,1,0,0,0,0,-1,255,1.972599,0.90313524,0.49217325,-0.31067544,0.7593766,1.0515795
508,126764,log0,2332,426,248,170,232,2,0,0,0,0,-1,255,1.9619535,0.9013871,0.493382,-0.31392354,0.7562197,1.0521073
509,126804,log0,2333,427,249,170,232,1,0,0,0,0,-1,255,1.9489841,0.9008075,0.49318835,-0.3157264,0.75325036,1.0521796
510,126844,log0,2334,428,249,171,231,2,0,0,0,0,-1,255,1.9396459,0.8990103,0.49416992,-0.31667793,0.7509737,1.0528724
511,126884,log0,2334,428,249,171,231,2,0,0,0,0,-1,255,1.9214278,0.89715594,0.49498728,-0.31752712,0.7467118,1.0529642
512,126924,log0,2335,429,250,171,225,1,0,0,0,0,-1,255,1.9096025,0.8960535,0.49512944,-0.31795904,0.74484044,1.0529696
513,126964,log0,2336,430,251,171,225,1,0,0,0,0,-1,255,1.8881923,0.8935906,0.496,-0.31752026,0.741206,1.0527912
514,127004,log0,2337,431,251,172,226,2,0,0,0,0,-1,255,1.8703425,0.8907692,0.4973926,-0.3174845,0.7381101,1.0533224
515,127044,log0,2338,432,251,173,226,2,0,0,0,0,-1,255,1.8547206,0.88963175,0.49718615,-0.31662938,0.73660976,1.0525738
516,127084,log0,2338,432,251,173,226,2,0,0,0,0,-1,255,1.828037,0.8868267,0.49793717,-0.31286168,0.734276,1.052584
517,127124,log0,2339,433,252,173,220,1,0,0,0,0,-1,255,1.8108392,0.8846806,0.49835107,-0.31003478,0.73295075,1.0525951
518,127164,log0,2340,434,253,173,217,1,0,0,0,0,-1,255,1.786652,0.88180566,0.49875957,-0.30788782,0.7324743,1.0528152
519,127204,log0,2341,435,254,173,216,1,0,0,0,0,-1,255,1.7612706,0.8782596,0.4996871,-0.30557165,0.7323852,1.0531182
520,127244,log0,2341,435,254,173,216,1,0,0,0,0,-1,255,1.7264891,0.8752759,0.49935234,-0.30292064,0.73314697,1.0529865
521,127284,log0,2342,436,255,173,213,1,0,0,0,0,-1,255,1.6978738,0.8720265,0.49986404,-0.30147064,0.73461026,1.052831
522,127324,log0,2343,437,256,173,207,1,0,0,0,0,-1,255,1.6675692,0.8689664,0.499783,-0.29728276,0.7376787,1.0537208
523,127364,log0,2344,438,256,174,205,2,0,0,0,0,-1,255,1.6367178,0.8656449,0.50024617,-0.2957701,0.7385731,1.0528032
524,127404,log0,2345,439,257,174,199,1,0,0,0,0,-1,255,1.6128991,0.86205345,0.50161594,-0.29568675,0.7407856,1.0529156
525,127444,log0,2345,439,257,174,199,1,0,0,0,0,-1,255,1.5706158,0.8590945,0.5012237,-0.2946566,0.7442993,1.0533147
526,127484,log0,2346,440,258,174,196,1,0,0,0,0,-1,255,1.5382736,0.8547044,0.5031757,-0.29810038,0.7470363,1.0541126
527,127524,log0,2347,441,259,174,195,1,0,0,0,0,-1,255,1.5036285,0.85086447,0.50432545,-0.296898,0.75097245,1.0540438
528,127564,log0,2348,442,260,174,193,1,0,0,0,0,-1,255,1.4661695,0.8498329,0.5032334,-0.29976916,0.75379425,1.0543177
529,127604,log0,2349,443,261,174,183,1,0,0,0,0,-1,255,1.4313669,0.8426897,0.5067404,-0.30119625,0.7575697,1.0539649
530,127644,log0,2349,443,261,174,183,1,0,0,0,0,-1,255,,,,-0.30374297,0.76018345,1.0539185
531,127684,log0,2350,444,261,175,182,2,0,0,0,0,-1,255,1.35107,0.8467075,0.50174767,-0.3093221,0.7631478,1.0542759
532,127724,log0,2351,445,261,176,182,2,0,0,0,0,-1,255,1.3178291,0.83453596,0.5082255,-0.31180525,0.76483923,1.0537096
533,127764,log0,2352,446,262,176,177,1,0,0,0,0,-1,255,1.2916672,0.82763785,0.51145756,-0.3125896,0.76606494,1.0534825
534,127804,log0,2353,447,263,176,168,1,0,0,0,0,-1,255,1.2537947,0.8238975,0.51301664,-0.3190812,0.7670146,1.0539725
535,127844,log0,2354,448,263,177,164,2,0,0,0,0,-1,255,1.2174063,0.82001084,0.5149651,-0.32067117,0.76853055,1.0537202
536,127884,log0,2354,448,263,177,164,2,0,0,0,0,-1,255,1.2080576,0.8186361,0.51556766,-0.32034218,0.7680085,1.0537628
537,127924,log0,2355,449,264,177,157,1,0,0,0,0,-1,255,0.964019,0.7993574,0.52614546,-0.330588,0.75862753,1.0550741
538,127964,log0,2356,450,265,177,152,1,0,0,0,0,-1,255,0.9550963,0.79910594,0.5266799,-0.3306407,0.75816643,1.0550101
539,128004,log0,2357,451,265,178,153,2,0,0,0,0,-1,255,0.90188533,0.7977166,0.5284581,-0.3293322,0.7543903,1.0537143
540,128044,log0,2357,451,265,178,153,2,0,0,0,0,-1,255,0.7773355,0.7966754,0.53314584,-0.31369182,0.74391204,1.0499572
541,128084,log0,2358,452,266,178,146,1,0,0,0,0,-1,255,0.7697461,0.79628766,0.5334452,-0.31221598,0.74366575,1.0500516
542,128124,log0,2359,453,266,179,142,2,0,0,0,0,-1,255,0.6006608,0.7950445,0.53695285,-0.28588876,0.7414941,1.049706
543,128164,log0,2360,454,267,179,137,1,0,0,0,0,-1,255,0.5487619,0.7926231,0.5369588,-0.28140882,0.74549115,1.0501583
544,128204,log0,2361,455,268,179,129,1,0,0,0,0,-1,255,0.5345899,0.792048,0.5362688,-0.28175244,0.7468545,1.050443
545,128244,log0,2361,455,268,179,129,1,0,0,0,0,-1,255,0.5311802,0.7910512,0.5366767,-0.28128037,0.74757284,1.0503191
546,128284,log0,2362,456,268,180,125,2,0,0,0,0,-1,255,0.52233034,0.7902007,0.5362064,-0.28252393,0.7488679,1.050311
547,128324,log0,2363,457,269,180,121,1,0,0,0,0,-1,255,0.5176404,0.7902198,0.5356652,-0.2830106,0.7497533,1.0502851
548,128364,log0,2364,458,270,180,118,1,0,0,0,0,-1,255,0.5141739,0.78946656,0.53591627,-0.2832493,0.7503236,1.0503532
549,128404,log0,2365,459,271,180,111,1,0,0,0,0,-1,255,0.50677633,0.7880945,0.5354997,-0.28543317,0.7508103,1.0503287
550,128444,log0,2365,459,271,180,111,1,0,0,0,0,-1,255,0.5027165,0.78806204,0.5363363,-0.28659824,0.75197995,1.0503203
551,128484,log0,2366,460,272,180,109,1,0,0,0,0,-1,255,0.49924064,0.7872896,0.53528583,-0.28599328,0.7527453,1.0501088
552,128524,log0,2367,461,272,181,104,2,0,0,0,0,-1,255,0.49584892,0.7868831,0.5353328,-0.28665048,0.75311583,1.050065
553,128564,log0,2368,462,273,181,98,1,0,0,0,0,-1,255,0.49256212,0.7861518,0.53502375,-0.28630552,0.7534626,1.0498612
554,128604,log0,2369,463,274,181,100,1,0,0,0,0,-1,255,0.48910475,0.7857166,0.5347783,-0.28804627,0.7536194,1.0500896
555,128644,log0,2369,463,274,181,100,1,0,0,0,0,-1,255,0.48608872,0.7849536,0.5347662,-0.28861466,0.7543429,1.0501069
556,128684,log0,2370,464,274,182,100,2,0,0,0,0,-1,255,0.4830316,0.78430474,0.534635,-0.28966135,0.75461394,1.0499822
557,128724,log0,2371,465,275,182,88,1,0,0,0,0,-1,255,0.47956076,0.7842149,0.5341339,-0.2901212,0.7550745,1.0498883
558,128764,log0,2372,466,275,183,89,2,0,0,0,0,-1,255,0.47675577,0.7834326,0.5339249,-0.29187688,0.7563993,1.0494908
559,128804,log0,2373,467,275,184,89,2,0,0,0,0,-1,255,0.47383142,0.7828663,0.5334087,-0.2923066,0.7568399,1.0493733
560,128844,log0,2373,467,275,184,89,2,0,0,0,0,-1,255,0.47123152,0.7819217,0.53337705,-0.29433948,0.7564005,1.0495346
561,128884,log0,2374,468,276,184,86,1,0,0,0,0,-1,255,0.46858266,0.78126884,0.53333944,-0.2960493,0.7570934,1.0494616
562,128924,log0,2375,469,277,184,88,1,0,0,0,0,-1,255,0.46370018,0.7798177,0.53289956,-0.29768547,0.7584321,1.0494019
563,128964,log0,2376,470,278,184,88,1,0,0,0,0,-1,255,0.4549886,0.7770212,0.5319293,-0.3062834,0.7600186,1.0490569
564,129004,log0,2376,470,278,184,88,1,0,0,0,0,-1,255,0.4468423,0.7749556,0.5303034,-0.3130414,0.76134807,1.0491686
565,129044,log0,2377,471,279,184,87,1,0,0,0,0,-1,255,0.44166142,0.7729419,0.5293221,-0.31328914,0.7607235,1.0485076
566,129084,log0,2378,472,279,185,89,2,0,0,0,0,-1,255,0.4355513,0.7702469,0.528109,-0.3230645,0.7608027,1.048578
567,129124,log0,2379,473,280,185,81,1,0,0,0,0,-1,255,0.4313001,0.76825464,0.52640814,-0.3272225,0.75964123,1.0489488
568,129164,log0,2380,474,281,185,83,1,0,0,0,0,-1,255,0.42930147,0.7659084,0.52571386,-0.33181638,0.7584035,1.0492973
569,129204,log0,2380,474,281,185,83,1,0,0,0,0,-1,255,0.42764887,0.7640742,0.52434546,-0.33608162,0.7561853,1.0492942
570,129244,log0,2381,475,281,186,85,2,0,0,0,0,-1,255,0.4276267,0.7623432,0.52333874,-0.33846146,0.75397193,1.0498366
571,129284,log0,2382,476,281,187,88,2,0,0,0,0,-1,255,0.42823562,0.76098514,0.52217185,-0.34220728,0.751901,1.050744
572,129324,log0,2383,477,282,187,83,1,0,0,0,0,-1,255,0.43031487,0.7598768,0.5209815,-0.34179792,0.74831706,1.0510807
573,129364,log0,2384,478,282,188,83,2,0,0,0,0,-1,255,0.43321317,0.7589888,0.52007544,-0.34247354,0.74573636,1.0512938
574,129404,log0,2384,478,282,188,83,2,0,0,0,0,-1,255,0.4367494,0.7584186,0.5196567,-0.34201035,0.74332255,1.0512328
575,129444,log0,2385,479,283,188,84,1,0,0,0,0,-1,255,0.44294864,0.75833935,0.51846683,-0.34106657,0.73986495,1.0506124
576,129484,log0,2386,480,284,188,89,1,0,0,0,0,-1,255,0.45020574,0.75762254,0.51834345,-0.33901367,0.73699373,1.0502576
577,129524,log0,2387,481,285,188,91,1,0,0,0,0,-1,255,0.4568425,0.75889176,0.517676,-0.33454338,0.7338074,1.0491251
578,129564,log0,2388,482,286,188,85,1,0,0,0,0,-1,255,0.45908108,0.7590965,0.51776785,-0.33421436,0.73393315,1.0491445
579,129604,log0,2388,482,286,188,85,1,0,0,0,0,-1,255,0.4758684,0.7599192,0.5172071,-0.32838207,0.7301434,1.0482353
580,129644,log0,2389,483,286,189,89,2,0,0,0,0,-1,255,0.4865154,0.7617039,0.51729745,-0.32280204,0.7283988,1.0475918
581,129684,log0,2390,484,287,189,86,1,0,0,0,0,-1,255,0.4922721,0.7622418,0.51728505,-0.32006466,0.72882015,1.0471488
582,129724,log0,2391,485,287,190,90,2,0,0,0,0,-1,255,0.50743145,0.7647537,0.5172936,-0.31486288,0.7277819,1.0466739
583,129764,log0,2392,486,288,190,91,1,0,0,0,0,-1,255,0.5218511,0.766645,0.51733613,-0.3093397,0.728295,1.0468893
584,129804,log0,2393,487,288,191,94,2,0,0,0,0,-1,255,0.5407007,0.76916283,0.5178709,-0.30413735,0.7290315,1.0468799
585,129844,log0,2393,487,288,191,94,2,0,0,0,0,-1,255,0.5579433,0.7705755,0.51882786,-0.3003467,0.7294672,1.047507
586,129884,log0,2394,488,289,191,92,1,0,0,0,0,-1,255,0.5756779,0.7727151,0.5190172,-0.29933977,0.7314052,1.047779
587,129924,log0,2395,489,289,192,91,2,0,0,0,0,-1,255,0.5942508,0.774738,0.51608175,-0.29623243,0.73268265,1.0484595
588,129964,log0,2395,489,289,192,91,2,0,0,0,0,-1,255,0.6153596,0.77620536,0.5191954,-0.2947397,0.73397964,1.0486209
589,130004,log0,2397,490,290,192,95,1,0,0,0,0,-1,255,0.63837194,0.7771003,0.5196823,-0.29477233,0.7349384,1.0489541
590,130044,log0,2397,490,290,192,95,1,0,0,0,0,-1,255,0.6618732,0.77877766,0.5196921,-0.29628488,0.7367167,1.0492189
591,130084,log0,2398,491,290,193,99,2,0,0,0,0,-1,255,0.68676895,0.7802554,0.51929575,-0.2983092,0.7385056,1.0495042
592,130124,log0,2399,492,291,193,103,1,0,0,0,0,-1,255,0.71351165,0.78151494,0.51887524,-0.30111733,0.73956823,1.0494345
593,130164,log0,2400,493,291,194,104,2,0,0,0,0,-1,255,0.7416453,0.7823928,0.5178326,-0.3068693,0.7396844,1.0494517
594,130204,log0,2401,494,292,194,111,1,0,0,0,0,-1,255,0.7561787,0.783161,0.5176299,-0.30894944,0.7398657,1.0495629
595,130244,log0,2401,494,292,194,111,1,0,0,0,0,-1,255,0.80196196,0.7847147,0.516128,-0.3141356,0.74076617,1.0494971
596,130284,log0,2402,495,293,194,117,1,0,0,0,0,-1,255,0.83448285,0.7854593,0.5144395,-0.3182028,0.7394868,1.0499516
597,130324,log0,2402,495,293,194,117,1,0,0,0,0,-1,255,0.86943763,0.786787,0.5135002,-0.324062,0.7395674,1.0505997
598,130364,log0,2404,496,293,195,117,2,0,0,0,0,-1,255,0.8957255,0.78795695,0.5128659,-0.3268052,0.73826885,1.0507144
599,130404,log0,2405,497,294,195,129,1,0,0,0,0,-1,255,0.9413317,0.78952587,0.51123554,-0.33221826,0.73629695,1.0517721
600,130444,log0,2405,497,294,195,129,1,0,0,0,0,-1,255,0.978024,0.79256237,0.5096651,-0.33489382,0.7350866,1.0527091
601,130484,log0,2406,498,294,196,129,2,0,0,0,0,-1,255,1.0179657,0.7942873,0.5087454,-0.33867878,0.7327234,1.0534618
602,130524,log0,2407,499,295,196,137,1,0,0,0,0,-1,255,1.0581015,0.7970477,0.5079921,-0.33964747,0.73069966,1.0545313
603,130564,log0,2408,500,296,196,144,1,0,0,0,0,-1,255,1.0771275,0.8187093,0.4984249,-0.34232578,0.7286256,1.0553392
604,130604,log0,2409,501,297,196,149,1,0,0,0,0,-1,255,1.128003,0.8243463,0.49712154,-0.34223598,0.726467,1.0553671
605,130644,log0,2409,501,297,196,149,1,0,0,0,0,-1,255,1.1702397,0.8073245,0.505036,-0.3412311,0.7247814,1.0551955
606,130684,log0,2410,502,298,196,152,1,0,0,0,0,-1,255,1.2126137,0.81158483,0.50470287,-0.34007472,0.7223447,1.0553498
607,130724,log0,2411,503,299,196,161,1,0,0,0,0,-1,255,1.2661482,0.8173446,0.50414056,-0.33799937,0.72046727,1.0557691
608,130764,log0,2412,504,299,197,161,2,0,0,0,0,-1,255,1.3092805,0.82213014,0.50390095,-0.3360383,0.719189,1.055369
609,130804,log0,2413,505,300,197,170,1,0,0,0,0,-1,255,1.3528531,0.82773864,0.50388706,-0.3337922,0.7179678,1.055095
610,130844,log0,2413,505,300,197,170,1,0,0,0,0,-1,255,1.3938522,0.8340553,0.5034337,-0.33070114,0.717802,1.0544783
611,130884,log0,2414,506,300,198,171,2,0,0,0,0,-1,255,1.4387763,0.83817255,0.5044569,-0.32650462,0.7167967,1.053763
612,130924,log0,2415,507,301,198,177,1,0,0,0,0,-1,255,1.4793692,0.844144,0.50433135,-0.32519576,0.7177242,1.0535712
613,130964,log0,2416,508,302,198,186,1,0,0,0,0,-1,255,1.5212164,0.84825826,0.5056479,-0.3210914,0.71861374,1.0524663
614,131004,log0,2417,509,302,199,187,2,0,0,0,0,-1,255,1.5621879,0.8546149,0.5056752,-0.31730634,0.7202818,1.0519986
615,131044,log0,2417,509,302,199,187,2,0,0,0,0,-1,255,1.601915,0.8597274,0.5060547,-0.3149851,0.72179157,1.051474
616,131084,log0,2418,510,303,199,193,1,0,0,0,0,-1,255,1.6410451,0.86460507,0.5065618,-0.3120144,0.7234425,1.0513034
617,131124,log0,2419,511,303,200,194,2,0,0,0,0,-1,255,1.6699035,0.8681851,0.5068187,-0.31233487,0.72484446,1.0506061
618,131164,log0,2420,512,304,200,204,1,0,0,0,0,-1,255,1.6794049,0.8690706,0.50718075,-0.31262887,0.7260274,1.0513142
619,131204,log0,2421,513,305,200,206,1,0,0,0,0,-1,255,1.770626,0.87914294,0.5074961,-0.3126284,0.7329251,1.0501647
620,131244,log0,2421,513,305,200,206,1,0,0,0,0,-1,255,1.7805618,0.87889,0.5081104,-0.31422248,0.7329784,1.0505481
621,131284,log0,2422,514,305,201,207,2,0,0,0,0,-1,255,1.9680395,0.89141595,0.5042483,-0.34131804,0.7447282,1.0487827
622,131324,log0,2423,515,306,201,220,1,0,0,0,0,-1,255,1.9733187,0.89181477,0.50391555,-0.3441074,0.74433553,1.0491679
623,131364,log0,2424,516,307,201,222,1,0,0,0,0,-1,255,1.9790783,0.8923829,0.5031557,-0.34631225,0.7446668,1.0492415
624,131404,log0,2425,517,307,202,222,2,0,0,0,0,-1,255,1.9841521,0.8923508,0.5033555,-0.34586132,0.74426824,1.048719
625,131444,log0,2425,517,307,202,222,2,0,0,0,0,-1,255,1.9943604,0.8929082,0.50241464,-0.3475465,0.7439066,1.0489981
626,131484,log0,2426,518,308,202,225,1,0,0,0,0,-1,255,2.0003211,0.89337325,0.5017029,-0.34925586,0.7432188,1.0492668
627,131524,log0,2427,519,309,202,230,1,0,0,0,0,-1,255,,,,-0.35021085,0.7436638,1.049545
628,131564,log0,2428,520,310,202,236,1,0,0,0,0,-1,255,2.0093725,0.8932189,0.50214267,-0.35180026,0.74351496,1.0492806
629,131604,log0,2429,521,310,203,238,2,0,0,0,0,-1,255,2.0188758,0.8929771,0.5010197,-0.35547554,0.74268425,1.0491701
630,131644,log0,2429,521,310,203,238,2,0,0,0,0,-1,255,2.039377,0.89443845,0.4985398,-0.360098,0.7401514,1.0495157
631,131684,log0,2430,522,311,203,244,1,0,0,0,0,-1,255,,,,-0.36617422,0.73787117,1.0497463
632,131724,log0,2431,523,312,203,246,1,0,0,0,0,-1,255,2.0671544,0.89567196,0.49613026,-0.36948174,0.7352662,1.0504197
633,131764,log0,2432,524,313,203,248,1,0,0,0,0,-1,255,2.078885,0.8958566,0.49453405,-0.36951205,0.7335002,1.0493748
634,131804,log0,2433,525,314,203,247,1,0,0,0,0,-1,255,2.086917,0.8963627,0.4928339,-0.37071088,0.7318057,1.049666
635,131844,log0,2433,525,314,203,247,1,0,0,0,0,-1,255,2.0925546,0.8981762,0.49263608,-0.37124562,0.729532,1.0499755
636,131884,log0,2434,526,314,204,247,2,0,0,0,0,-1,255,2.0945325,0.8975829,0.49165162,-0.3707016,0.72902507,1.0499009
637,131924,log0,2435,527,315,204,250,1,0,0,0,0,-1,255,2.0965338,0.8976453,0.49141797,-0.36974946,0.728329,1.0494177
638,131964,log0,2436,528,316,204,249,1,0,0,0,0,-1,255,2.112513,0.90187156,0.48758647,-0.36106896,0.7222728,1.0481651
639,132004,log0,2437,529,316,205,248,2,0,0,0,0,-1,255,2.1145406,0.9047716,0.4871856,-0.3574959,0.7212803,1.0484104
640,132044,log0,2437,529,316,205,248,2,0,0,0,0,-1,255,2.116408,0.90500355,0.48612085,-0.35356554,0.7218035,1.0481085
641,132084,log0,2438,530,317,205,252,1,0,0,0,0,-1,255,2.1170907,0.90727645,0.4843581,-0.34799564,0.72155035,1.0478959
642,132124,log0,2439,531,317,206,252,2,0,0,0,0,-1,255,2.1168659,0.90792924,0.4836877,-0.34534112,0.72205734,1.0483001
643,132164,log0,2440,532,317,207,252,2,0,0,0,0,-1,255,2.114773,0.910592,0.48365712,-0.34050903,0.7243834,1.04913
644,132204,log0,2441,533,318,207,247,1,0,0,0,0,-1,255,,,,-0.33619896,0.7266843,1.0494146
645,132244,log0,2441,533,318,207,247,1,0,0,0,0,-1,255,,,,-0.33159977,0.73029673,1.0496042
646,132284,log0,2442,534,319,207,251,1,0,0,0,0,-1,255,2.1055305,0.9109439,0.48206493,-0.32674536,0.73263943,1.0497308
647,132324,log0,2443,535,319,208,251,2,0,0,0,0,-1,255,2.1000123,0.91105634,0.48204827,-0.32358184,0.7358738,1.0505867
648,132364,log0,2444,536,319,209,251,2,0,0,0,0,-1,255,2.0958376,0.9096705,0.47951743,-0.3188213,0.7404782,1.0507362
649,132404,log0,2445,537,320,209,248,1,0,0,0,0,-1,255,,,,-0.31541392,0.7443476,1.0506111
650,132444,log0,2445,537,320,209,248,1,0,0,0,0,-1,255,2.0854475,0.90828747,0.47834104,-0.3143729,0.7470846,1.0510342
651,132484,log0,2446,538,320,210,248,2,0,0,0,0,-1,255,2.0791798,0.9060144,0.4804717,-0.3139071,0.7503692,1.0515537
652,132524,log0,2447,539,321,210,247,1,0,0,0,0,-1,255,2.0613842,0.902468,0.48385334,-0.31041983,0.751997,1.0514977
653,132564,log0,2448,540,321,211,247,2,0,0,0,0,-1,255,2.0518286,0.8997138,0.48391947,-0.31001738,0.75435233,1.0519898
654,132604,log0,2449,541,322,211,240,1,0,0,0,0,-1,255,2.035822,0.89766985,0.48444912,-0.31090763,0.7558486,1.0525134
655,132644,log0,2449,541,322,211,240,1,0,0,0,0,-1,255,2.0304337,0.89448494,0.48366818,-0.311408,0.7563249,1.0529482
656,132684,log0,2450,542,323,211,241,1,0,0,0,0,-1,255,2.0183914,0.8927241,0.48576128,-0.31235102,0.75573015,1.0536093
657,132724,log0,2451,543,323,212,240,2,0,0,0,0,-1,255,2.004895,0.8892088,0.4844588,-0.31453592,0.7548377,1.0539262
658,132764,log0,2452,544,324,212,235,1,0,0,0,0,-1,255,1.9898958,0.8866749,0.48534623,-0.31642845,0.7531975,1.0537727
659,132804,log0,2453,545,324,213,235,2,0,0,0,0,-1,255,1.9734151,0.88490987,0.48523077,-0.3198062,0.7507803,1.0537697
660,132844,log0,2453,545,324,213,235,2,0,0,0,0,-1,255,1.9548837,0.8836247,0.48550594,-0.31998938,0.7478769,1.0534751
661,132884,log0,2454,546,325,213,236,1,0,0,0,0,-1,255,1.9362949,0.8808632,0.4866821,-0.32055184,0.7439377,1.0532659
662,132924,log0,2455,547,326,213,232,1,0,0,0,0,-1,255,1.9149667,0.8795851,0.48727238,-0.32313576,0.7405246,1.052846
663,132964,log0,2456,548,327,213,229,1,0,0,0,0,-1,255,1.892179,0.8780278,0.48798925,-0.3233537,0.73577124,1.0521204
664,133004,log0,2457,549,327,214,229,2,0,0,0,0,-1,255,1.8737581,0.87767106,0.4882485,-0.32554457,0.73344076,1.0522035
665,133044,log0,2457,549,327,214,229,2,0,0,0,0,-1,255,1.8408687,0.87659067,0.48893827,-0.32344046,0.7278379,1.0510749
666,133084,log0,2458,550,328,214,220,1,0,0,0,0,-1,255,1.8129714,0.87556285,0.48943076,-0.32468972,0.72440314,1.0508792
667,133124,log0,2459,551,328,215,220,2,0,0,0,0,-1,255,1.7843962,0.8741567,0.4904229,-0.32184708,0.720532,1.0504621
668,133164,log0,2460,552,329,215,215,1,0,0,0,0,-1,255,1.7542304,0.87281287,0.4917592,-0.32081455,0.71744525,1.0498414
669,133204,log0,2461,553,330,215,214,1,0,0,0,0,-1,255,1.7233179,0.8707639,0.4934314,-0.31787053,0.71503836,1.0498713
670,133244,log0,2461,553,330,215,214,1,0,0,0,0,-1,255,1.6955758,0.8744825,0.4904632,-0.3171971,0.7139435,1.0503069
671,133284,log0,2462,554,331,215,211,1,0,0,0,0,-1,255,1.6551288,0.86769736,0.49532703,-0.31458506,0.71229607,1.0505364
672,133324,log0,2463,555,331,216,211,2,0,0,0,0,-1,255,1.6216269,0.8629863,0.4982658,-0.31203815,0.7119776,1.0506054
673,133364,log0,2464,556,331,217,210,2,0,0,0,0,-1,255,1.5861833,0.86161083,0.49887362,-0.308109,0.71212023,1.0506159
674,133404,log0,2465,557,332,217,197,1,0,0,0,0,-1,255,1.5518007,0.85832787,0.5010635,-0.30565843,0.71338207,1.0507483
675,133444,log0,2466,558,332,218,197,2,0,0,0,0,-1,255,1.5123688,0.86012304,0.49981695,-0.30341622,0.7153584,1.050747
676,133484,log0,2466,558,332,218,197,2,0,0,0,0,-1,255,1.4780693,0.85105073,0.50558746,-0.30366564,0.7176069,1.0522343
677,133524,log0,2467,559,333,218,188,1,0,0,0,0,-1,255,1.4427763,0.84672123,0.50858533,-0.29942697,0.72081643,1.0520077
678,133564,log0,2468,560,334,218,181,1,0,0,0,0,-1,255,1.4038013,0.8448024,0.5090197,-0.29983062,0.72338843,1.0530366
679,133604,log0,2469,561,335,218,175,1,0,0,0,0,-1,255,1.3669083,0.8402495,0.51167554,-0.2983602,0.72731525,1.053811
680,133644,log0,2470,562,336,218,173,1,0,0,0,0,-1,255,1.3301021,0.83381,0.5152912,-0.2966915,0.7298482,1.053847
681,133684,log0,2470,562,336,218,173,1,0,0,0,0,-1,255,1.2907609,0.8328077,0.5154919,-0.29932463,0.7340204,1.0544647
682,133724,log0,2471,563,337,218,167,1,0,0,0,0,-1,255,1.2547427,0.8263652,0.5192262,-0.29968747,0.7366054,1.0545973
683,133764,log0,2472,564,337,219,167,2,0,0,0,0,-1,255,1.2145008,0.82316566,0.5201144,-0.30104804,0.7393486,1.0541445
684,133804,log0,2473,565,338,219,157,1,0,0,0,0,-1,255,1.175548,0.82063013,0.52128583,-0.30275598,0.74184865,1.053763
685,133844,log0,2473,565,338,219,157,1,0,0,0,0,-1,255,1.1377602,0.8169315,0.5232828,-0.30409178,0.7437895,1.0526173
686,133884,log0,2473,565,338,219,157,1,0,0,0,0,-1,255,1.1018176,0.81332654,0.5256996,-0.30680636,0.7441622,1.0516756
687,133924,log0,2475,566,338,220,157,2,0,0,0,0,-1,255,1.0625256,0.8115489,0.5268264,-0.30831906,0.7447325,1.0506821
688,133964,log0,2476,567,339,220,142,1,0,0,0,0,-1,255,1.0272576,0.80911666,0.52904606,-0.3108881,0.7440781,1.0498327
689,134004,log0,2477,568,340,220,141,1,0,0,0,0,-1,255,0.9906859,0.8075763,0.5302593,-0.31387347,0.7442359,1.0487126
690,134044,log0,2477,568,340,220,141,1,0,0,0,0,-1,255,0.9553244,0.8066207,0.5316818,-0.31598568,0.7428689,1.0476601
691,134084,log0,2478,569,341,220,139,1,0,0,0,0,-1,255,0.9213636,0.8052042,0.5337037,-0.3172087,0.7401452,1.0475564
692,134124,log0,2479,570,342,220,132,1,0,0,0,0,-1,255,0.87227654,0.80452484,0.53555495,-0.32073495,0.7372894,1.0471718
693,134164,log0,2480,571,343,220,127,1,0,0,0,0,-1,255,0.86424273,0.8046533,0.53609896,-0.32140517,0.7363518,1.0473601
694,134204,log0,2481,572,343,221,127,2,0,0,0,0,-1,255,0.84076935,0.80430436,0.5371007,-0.3208423,0.73366386,1.0471356
695,134244,log0,2482,573,344,221,120,1,0,0,0,0,-1,255,0.7944043,0.80530196,0.53828955,-0.32229587,0.7301562,1.0476396
696,134284,log0,2482,573,344,221,120,1,0,0,0,0,-1,255,0.78780496,0.80510676,0.53866976,-0.32303458,0.72852004,1.0479547
697,134324,log0,2483,574,344,222,119,2,0,0,0,0,-1,255,0.638979,0.8074028,0.5428495,-0.3148011,0.7179662,1.0497271
698,134364,log0,2484,575,345,222,113,1,0,0,0,0,-1,255,0.63304365,0.80751884,0.5423234,-0.31405514,0.7175526,1.0495592
699,134404,log0,2485,576,346,222,109,1,0,0,0,0,-1,255,0.62770426,0.80743337,0.54258686,-0.3135206,0.7174961,1.0495149
700,134444,log0,2486,577,346,223,109,2,0,0,0,0,-1,255,0.6221908,0.8072667,0.54292804,-0.31291166,0.71723145,1.0495971
701,134484,log0,2486,577,346,223,109,2,0,0,0,0,-1,255,0.617115,0.80717623,0.54301757,-0.31339717,0.7170039,1.0499728
702,134524,log0,2487,578,347,223,101,1,0,0,0,0,-1,255,0.61130553,0.8073617,0.5426685,-0.31251892,0.7166948,1.0497509
703,134564,log0,2488,579,347,224,101,2,0,0,0,0,-1,255,0.59613776,0.80707186,0.54246545,-0.31183824,0.71725345,1.0502262
704,134604,log0,2489,580,348,224,98,1,0,0,0,0,-1,255,0.57746893,0.80549014,0.5423548,-0.30747363,0.71907043,1.0493922
705,134644,log0,2490,581,349,224,98,1,0,0,0,0,-1,255,0.55970806,0.80384177,0.54196995,-0.30517173,0.72088236,1.0493622
706,134684,log0,2490,581,349,224,98,1,0,0,0,0,-1,255,0.5430083,0.802158,0.5407552,-0.3061553,0.722086,1.0499998
707,134724,log0,2491,582,350,224,96,1,0,0,0,0,-1,255,0.5266856,0.8006108,0.53945696,-0.3045956,0.72503376,1.0493482
708,134764,log0,2492,583,351,224,95,1,0,0,0,0,-1,255,0.51729625,0.7979757,0.5390676,-0.30326042,0.72748077,1.0487477
709,134804,log0,2493,584,352,224,91,1,0,0,0,0,-1,255,0.5016032,0.7938051,0.53755987,-0.30171722,0.73209083,1.0478128
710,134844,log0,2493,584,352,224,91,1,0,0,0,0,-1,255,0.49255362,0.7920531,0.5360664,-0.30257922,0.73450446,1.0478772
711,134884,log0,2494,585,352,225,91,2,0,0,0,0,-1,255,0.48017135,0.7877687,0.5348481,-0.30423364,0.73926497,1.0477087
712,134924,log0,2494,585,352,225,91,2,0,0,0,0,-1,255,0.47126767,0.7846805,0.5335284,-0.30751583,0.74255097,1.0481148
713,134964,log0,2496,586,353,225,86,1,0,0,0,0,-1,255,0.46381012,0.7812002,0.532371,-0.30958062,0.7458424,1.0478345
714,135004,log0,2497,587,354,225,89,1,0,0,0,0,-1,255,0.45684302,0.77843857,0.5307703,-0.31185314,0.74882776,1.0478865
715,135044,log0,2497,587,354,225,89,1,0,0,0,0,-1,255,0.45297343,0.77591634,0.5301465,-0.31645468,0.7504279,1.0485389
716,135084,log0,2498,588,354,226,89,2,0,0,0,0,-1,255,0.44737333,0.77277535,0.52897406,-0.32033882,0.7533505,1.0485126
717,135124,log0,2499,589,355,226,85,1,0,0,0,0,-1,255,0.4440613,0.7702586,0.5276157,-0.3252459,0.7541666,1.0486274
718,135164,log0,2500,590,356,226,89,1,0,0,0,0,-1,255,0.44267547,0.767243,0.52704906,-0.32940802,0.755646,1.0487584
719,135204,log0,2501,591,357,226,87,1,0,0,0,0,-1,255,0.44156697,0.7658202,0.52632666,-0.33504668,0.75517905,1.049054
720,135244,log0,2501,591,357,226,87,1,0,0,0,0,-1,255,0.44129848,0.7649224,0.52542126,-0.33691326,0.7556628,1.0486934
721,135284,log0,2502,592,357,227,87,2,0,0,0,0,-1,255,0.44312143,0.76301795,0.5248164,-0.3411163,0.754255,1.04884
722,135324,log0,2503,593,358,227,86,1,0,0,0,0,-1,255,0.44555312,0.7624658,0.52416694,-0.34460732,0.7531106,1.0488052
723,135364,log0,2504,594,359,227,87,1,0,0,0,0,-1,255,0.4490622,0.7619164,0.5235231,-0.34818536,0.75161016,1.0492984
724,135404,log0,2504,594,359,227,87,1,0,0,0,0,-1,255,,,,-0.3499191,0.7491341,1.0493357
725,135444,log0,2504,594,359,227,87,1,0,0,0,0,-1,255,0.45324013,0.7605232,0.51853293,-0.3537944,0.7473021,1.0498105
726,135484,log0,2506,595,359,228,87,2,0,0,0,0,-1,255,0.46558002,0.7622042,0.5218716,-0.35212713,0.7444097,1.0500733
727,135524,log0,2507,596,360,228,91,1,0,0,0,0,-1,255,0.4758492,0.7629538,0.52111566,-0.35235593,0.74174243,1.0499921
728,135564,log0,2508,597,360,229,91,2,0,0,0,0,-1,255,0.48508722,0.7641071,0.51987046,-0.35013604,0.73842293,1.0496911
729,135604,log0,2509,598,361,229,92,1,0,0,0,0,-1,255,0.49604827,0.76555437,0.52005243,-0.3483046,0.73608726,1.0497918
730,135644,log0,2509,598,361,229,92,1,0,0,0,0,-1,255,0.50791276,0.7674661,0.51958334,-0.3483059,0.73422104,1.0501448
731,135684,log0,2510,599,361,230,92,2,0,0,0,0,-1,255,0.5208969,0.76900566,0.5190005,-0.34576216,0.7325648,1.0502106
732,135724,log0,2511,600,362,230,92,1,0,0,0,0,-1,255,0.53505754,0.7708143,0.51848173,-0.3427606,0.7308739,1.0505188
733,135764,log0,2512,601,362,231,93,2,0,0,0,0,-1,255,0.55415905,0.7732546,0.5176048,-0.33935386,0.72946286,1.0511299
734,135804,log0,2513,602,362,232,93,2,0,0,0,0,-1,255,0.571496,0.77509016,0.51761603,-0.3351869,0.7292925,1.0518787
735,135844,log0,2513,602,362,232,93,2,0,0,0,0,-1,255,0.5900836,0.77773076,0.52194273,-0.33296707,0.7287599,1.052411
736,135884,log0,2514,603,363,232,98,1,0,0,0,0,-1,255,0.60913736,0.77989787,0.52174854,-0.32909963,0.7293338,1.0529718
737,135924,log0,2515,604,363,233,98,2,0,0,0,0,-1,255,0.62943596,0.78208244,0.5213044,-0.32619223,0.7301689,1.0538341
738,135964,log0,2515,604,363,233,98,2,0,0,0,0,-1,255,0.64518034,0.783179,0.51629657,-0.32561743,0.73111624,1.0551779
739,136004,log0,2517,605,364,233,102,1,0,0,0,0,-1,255,0.662585,0.78462654,0.5163814,-0.32363722,0.73262316,1.0550897
740,136044,log0,2517,605,364,233,102,1,0,0,0,0,-1,255,0.69208,0.7880755,0.5160519,-0.32056153,0.7349415,1.0554075
741,136084,log0,2518,606,364,234,106,2,0,0,0,0,-1,255,0.71776813,0.78987926,0.51554996,-0.31935802,0.73605615,1.0557264
742,136124,log0,2519,607,365,234,110,1,0,0,0,0,-1,255,0.75097126,0.7934501,0.51518905,-0.3218829,0.738934,1.0555629
743,136164,log0,2520,608,365,235,114,2,0,0,0,0,-1,255,0.77239597,0.7950212,0.5151959,-0.3225808,0.74035805,1.0556821
744,136204,log0,2521,609,366,235,119,1,0,0,0,0,-1,255,0.8016624,0.79757565,0.51460093,-0.32126278,0.7413885,1.0552413
745,136244,log0,2521,609,366,235,119,1,0,0,0,0,-1,255,0.83219576,0.80040216,0.51489043,-0.3235026,0.74279237,1.0549592
746,136284,log0,2522,610,366,236,123,2,0,0,0,0,-1,255,0.86370385,0.8034308,0.51456547,-0.32611397,0.7437605,1.0543828
747,136324,log0,2523,611,367,236,122,1,0,0,0,0,-1,255,0.8963965,0.8073724,0.51380783,-0.3284698,0.74479824,1.0542943
748,136364,log0,2524,612,367,237,127,2,0,0,0,0,-1,255,0.9311221,0.8098808,0.5139802,-0.33155283,0.7449102,1.0540314
749,136404,log0,2525,613,368,237,129,1,0,0,0,0,-1,255,0.9665106,0.81334203,0.5137214,-0.33475927,0.7439176,1.053945
750,136444,log0,2525,613,368,237,129,1,0,0,0,0,-1,255,1.0027649,0.8172939,0.51312774,-0.33830085,0.74310124,1.0535754
751,136484,log0,2526,614,369,237,136,1,0,0,0,0,-1,255,1.0385047,0.8215694,0.51238215,-0.3406919,0.74211156,1.0536008
752,136524,log0,2527,615,369,238,140,2,0,0,0,0,-1,255,1.0773079,0.82534254,0.51189435,-0.34579146,0.7396197,1.0534503
753,136564,log0,2528,616,370,238,144,1,0,0,0,0,-1,255,1.1182238,0.82950026,0.51119286,-0.3482693,0.7372962,1.0528235
754,136604,log0,2529,617,371,238,152,1,0,0,0,0,-1,255,1.1578325,0.83416253,0.5103766,-0.3509274,0.734783,1.0526036
755,136644,log0,2529,617,371,238,152,1,0,0,0,0,-1,255,1.1983144,0.8393486,0.5090522,-0.35113573,0.731721,1.0516768
756,136684,log0,2530,618,372,238,155,1,0,0,0,0,-1,255,1.2301886,0.8420899,0.508867,-0.35352883,0.7284021,1.0515916
757,136724,log0,2531,619,373,238,161,1,0,0,0,0,-1,255,1.2700882,0.8476656,0.5074312,-0.35314202,0.72467387,1.0514457
758,136764,log0,2532,620,374,238,168,1,0,0,0,0,-1,255,-0.3462491,0.7185194,1.0505786,,,
759,136804,log0,2533,621,374,239,170,2,0,0,0,0,-1,255,,,,-0.35143426,0.71589595,1.0512094
760,136844,log0,2533,621,374,239,170,2,0,0,0,0,-1,255,,,,-0.34999943,0.7128488,1.0510944
761,136884,log0,2534,622,375,239,175,1,0,0,0,0,-1,255,1.4513971,0.86917824,0.50455534,-0.3461253,0.70915896,1.0507481
762,136924,log0,2535,623,376,239,185,1,0,0,0,0,-1,255,1.4937046,0.8742086,0.50369257,-0.3459944,0.7068646,1.0512216
763,136964,log0,2536,624,377,239,190,1,0,0,0,0,-1,255,1.5367266,0.8787278,0.503097,-0.3422386,0.7049127,1.0508134
764,137004,log0,2537,625,378,239,193,1,0,0,0,0,-1,255,1.5798094,0.8824311,0.5025521,-0.33809432,0.7028636,1.0507303
765,137044,log0,2537,625,378,239,193,1,0,0,0,0,-1,255,1.6321276,0.8879932,0.50163114,-0.33389938,0.70160156,1.0509163
766,137084,log0,2538,626,379,239,196,1,0,0,0,0,-1,255,1.6635296,0.88991284,0.5018179,-0.33115983,0.70121384,1.0504823
767,137124,log0,2539,627,380,239,203,1,0,0,0,0,-1,255,1.7043988,0.8947007,0.50057423,-0.3285351,0.7013397,1.0504957
768,137164,log0,2540,628,380,240,207,2,0,0,0,0,-1,255,1.7437257,0.8986075,0.5001773,-0.3255928,0.7020243,1.0503864
769,137204,log0,2540,628,380,240,207,2,0,0,0,0,-1,255,1.7833834,0.9013837,0.5002171,-0.32457897,0.7039357,1.0497978
770,137244,log0,2541,629,380,241,207,2,0,0,0,0,-1,255,1.7902873,0.9038446,0.499046,-0.32415617,0.70444715,1.0498211
771,137284,log0,2542,630,381,241,217,1,0,0,0,0,-1,255,1.801556,0.9040818,0.49953505,-0.3238188,0.70476013,1.0501832
772,137324,log0,2543,631,382,241,220,1,0,0,0,0,-1,255,1.8111297,0.90476197,0.49972287,-0.3234076,0.7047556,1.0501467
773,137364,log0,2544,632,382,242,221,2,0,0,0,0,-1,255,1.8382112,0.9070869,0.49884564,-0.32127085,0.706773,1.0500839
774,137404,log0,2544,632,382,242,221,2,0,0,0,0,-1,255,1.8466418,0.9085913,0.49885267,-0.32262743,0.706972,1.0501726
775,137444,log0,2544,632,382,242,221,2,0,0,0,0,-1,255,1.9936379,0.9233861,0.4947043,-0.3236803,0.72158027,1.050808
776,137484,log0,2546,633,382,243,223,2,0,0,0,0,-1,255,2.0000699,0.9239,0.49419683,-0.32301423,0.7220922,1.0505757
777,137524,log0,2547,634,383,243,237,1,0,0,0,0,-1,255,2.0371795,0.9275569,0.49337742,-0.328077,0.72628343,1.0509031
778,137564,log0,2548,635,384,243,238,1,0,0,0,0,-1,255,2.0533557,0.92946917,0.49248835,-0.33072025,0.7277594,1.050498
779,137604,log0,2548,635,384,243,238,1,0,0,0,0,-1,255,2.0735283,0.932159,0.4913327,-0.3338957,0.73021525,1.051017
780,137644,log0,2549,636,385,243,243,1,0,0,0,0,-1,255,2.0877435,0.93481976,0.49085385,-0.3378586,0.73095506,1.0509418
781,137684,log0,2550,637,385,244,245,2,0,0,0,0,-1,255,2.096663,0.93629587,0.4907276,-0.33738753,0.7349502,1.052229
782,137724,log0,2551,638,385,245,244,2,0,0,0,0,-1,255,2.1230145,0.9406913,0.4897526,-0.3464267,0.73302215,1.0504167
783,137764,log0,2552,639,386,245,245,1,0,0,0,0,-1,255,2.136443,0.9418605,0.4876819,-0.3523534,0.7330665,1.0503442
784,137804,log0,2552,639,386,245,245,1,0,0,0,0,-1,255,2.1484146,0.943521,0.485954,-0.35591662,0.7326099,1.0494969
785,137844,log0,2553,640,386,245,245,1,0,0,0,0,-1,255,2.157982,0.9453905,0.48532796,-0.36077446,0.7313026,1.0496377
786,137884,log0,2554,641,387,245,252,1,0,0,0,0,-1,255,,,,-0.36300623,0.73002917,1.0494018
787,137924,log0,2555,642,388,245,256,1,0,0,0,0,-1,255,2.1725197,0.94820124,0.48588127,-0.36359826,0.72930783,1.0491923
788,137964,log0,2556,643,388,246,256,2,0,0,0,0,-1,255,-0.36983404,0.727982,1.0509703,,,
789,138004,log0,2556,643,388,246,256,2,0,0,0,0,-1,255,,,,-0.36355656,0.72405577,1.0495298
790,138044,log0,2557,644,389,246,256,1,0,0,0,0,-1,255,,,,-0.3643241,0.7233148,1.0498552
791,138084,log0,2558,645,389,247,256,2,0,0,0,0,-1,255,2.1962638,0.9609221,0.4786966,-0.36030722,0.7207971,1.0500103
792,138124,log0,2559,646,390,247,255,1,0,0,0,0,-1,255,2.1901336,0.9488066,0.48595932,-0.35773653,0.71870476,1.050232
793,138164,log0,2560,647,391,247,256,1,0,0,0,0,-1,255,2.1901705,0.9479036,0.4863458,-0.35718676,0.7173657,1.0506009
794,138204,log0,2561,648,391,248,256,2,0,0,0,0,-1,255,2.189934,0.94681036,0.48702487,-0.3512102,0.71606076,1.0505775
795,138244,log0,2561,648,391,248,256,2,0,0,0,0,-1,255,2.188508,0.94536996,0.48763406,-0.34660077,0.71560556,1.0508742
796,138284,log0,2562,649,392,248,256,1,0,0,0,0,-1,255,2.1869996,0.942514,0.4879085,-0.34163943,0.7151431,1.0515984
797,138324,log0,2563,650,393,248,256,1,0,0,0,0,-1,255,,,,-0.33901784,0.71554804,1.052178
798,138364,log0,2564,651,394,248,257,1,0,0,0,0,-1,255,,,,-0.3362575,0.7157024,1.0524247
799,138404,log0,2565,652,395,248,256,1,0,0,0,0,-1,255,,,,-0.33451617,0.71657944,1.0535345
800,138444,log0,2565,652,395,248,256,1,0,0,0,0,-1,255,2.18039,0.9444837,0.48047614,-0.33070484,0.71777785,1.0550581
801,138484,log0,2566,653,395,249,258,2,0,0,0,0,-1,255,2.1656308,0.9319393,0.48935154,-0.32811654,0.7198261,1.0564922
802,138524,log0,2567,654,396,249,252,1,0,0,0,0,-1,255,,,,-0.32627565,0.7215242,1.0573858
803,138564,log0,2568,655,396,250,252,2,0,0,0,0,-1,255,,,,-0.3267627,0.72341806,1.0583838
804,138604,log0,2569,656,397,250,250,1,0,0,0,0,-1,255,,,,-0.32600653,0.7254027,1.0593005
805,138644,log0,2569,656,397,250,250,1,0,0,0,0,-1,255,,,,-0.32686895,0.72719246,1.0595793
806,138684,log0,2570,657,398,250,251,1,0,0,0,0,-1,255,,,,-0.3308159,0.7300536,1.0591034
807,138724,log0,2571,658,398,251,250,2,0,0,0,0,-1,255,,,,-0.33243814,0.7322925,1.0588642
808,138764,log0,2572,659,399,251,250,1,0,0,0,0,-1,255,2.0952063,0.9224695,0.48430002,-0.33682945,0.7336044,1.0585808
809,138804,log0,2573,660,400,251,247,1,0,0,0,0,-1,255,2.083385,0.9314872,0.47746307,-0.34062368,0.7355036,1.0574691
810,138844,log0,2573,660,400,251,247,1,0,0,0,0,-1,255,2.0595694,0.9255632,0.48389882,-0.345974,0.73733544,1.056657
811,138884,log0,2574,661,401,251,245,1,0,0,0,0,-1,255,2.0387712,0.9240453,0.48219043,-0.35193327,0.73846036,1.0563155
812,138924,log0,2575,662,402,251,242,1,0,0,0,0,-1,255,2.0117998,0.9238562,0.4803164,-0.35779384,0.7387747,1.05527
813,138964,log0,2576,663,403,251,242,1,0,0,0,0,-1,255,1.9942458,0.9243519,0.4795187,-0.35962003,0.73804283,1.0551522
814,139004,log0,2577,664,403,252,243,2,0,0,0,0,-1,255,1.9786788,0.9255261,0.47721452,-0.3636558,0.7375798,1.0551455
815,139044,log0,2577,664,403,252,243,2,0,0,0,0,-1,255,1.9525559,0.92675257,0.47654447,-0.3694563,0.7376627,1.0549026
816,139084,log0,2578,665,404,252,237,1,0,0,0,0,-1,255,1.9159926,0.9254037,0.47878426,-0.37224704,0.73522836,1.0546478
817,139124,log0,2579,666,404,253,235,2,0,0,0,0,-1,255,1.8855728,0.9260773,0.47909284,-0.37287086,0.73399436,1.0546504
818,139164,log0,2580,667,405,253,231,1,0,0,0,0,-1,255,1.8554304,0.9257041,0.48004854,-0.37175757,0.7281882,1.052213
819,139204,log0,2581,668,406,253,226,1,0,0,0,0,-1,255,1.8226783,0.9249194,0.48105863,-0.3729957,0.7294103,1.053805
820,139244,log0,2581,668,406,253,226,1,0,0,0,0,-1,255,1.7956345,0.9181486,0.4841118,-0.37119874,0.7269775,1.0530839
821,139284,log0,2582,669,406,254,225,2,0,0,0,0,-1,255,1.7650436,0.9209624,0.48545134,-0.37194693,0.7254451,1.0523591
822,139324,log0,2583,670,407,254,218,1,0,0,0,0,-1,255,1.7120851,0.9177375,0.48843503,-0.36618954,0.7218215,1.0515785
823,139364,log0,2584,671,408,254,214,1,0,0,0,0,-1,255,1.6833085,0.9160179,0.489401,-0.3630659,0.72082305,1.0507702
824,139404,log0,2585,672,408,255,213,2,0,0,0,0,-1,255,1.6466018,0.91249764,0.4919742,-0.35859385,0.71782607,1.049639
825,139444,log0,2585,672,408,255,213,2,0,0,0,0,-1,255,1.609244,0.90845644,0.49477702,-0.353497,0.7166059,1.0487343
826,139484,log0,2586,673,409,255,208,1,0,0,0,0,-1,255,1.571352,0.9036463,0.4986335,-0.347825,0.7150089,1.0477799
827,139524,log0,2587,674,410,255,201,1,0,0,0,0,-1,255,1.5225707,0.898599,0.5016533,-0.34093,0.71412283,1.046521
828,139564,log0,2588,675,411,255,196,1,0,0,0,0,-1,255,1.4935237,0.89529854,0.5039445,-0.33734354,0.7141542,1.0458859
829,139604,log0,2589,676,411,256,191,2,0,0,0,0,-1,255,1.4549683,0.88544494,0.5093885,-0.33260438,0.71446025,1.0457917
830,139644,log0,2589,676,411,256,191,2,0,0,0,0,-1,255,1.4133091,0.88483906,0.5096071,-0.3253033,0.7148478,1.0455399
831,139684,log0,2590,677,411,257,191,2,0,0,0,0,-1,255,,,,-0.32171294,0.7152308,1.0457128
832,139724,log0,2591,678,412,257,177,1,0,0,0,0,-1,255,1.3329691,0.87462956,0.5143309,-0.31837395,0.717083,1.0467386
833,139764,log0,2592,679,412,258,176,2,0,0,0,0,-1,255,1.2924727,0.86981046,0.51652575,-0.31553528,0.71884024,1.0477318
834,139804,log0,2593,680,413,258,167,1,0,0,0,0,-1,255,1.2553197,0.8638322,0.52021575,-0.3137987,0.7204415,1.0490505
835,139844,log0,2593,680,413,258,167,1,0,0,0,0,-1,255,1.21578,0.85885435,0.5225352,-0.3155978,0.7223931,1.0499784
836,139884,log0,2594,681,414,258,160,1,0,0,0,0,-1,255,1.1748527,0.85481477,0.5242684,-0.3156178,0.7240812,1.0510442
837,139924,log0,2595,682,414,259,158,2,0,0,0,0,-1,255,1.135543,0.8507929,0.52619284,-0.31643626,0.72561705,1.0513114
838,139964,log0,2596,683,415,259,150,1,0,0,0,0,-1,255,1.090272,0.8448727,0.5295474,-0.31889418,0.7276348,1.052094
839,140004,log0,2597,684,415,260,148,2,0,0,0,0,-1,255,1.0805978,0.84432274,0.5302078,-0.3191447,0.7281421,1.0520638
840,140044,log0,2597,684,415,260,148,2,0,0,0,0,-1,255,1.0699184,0.84343714,0.5304767,-0.32036608,0.72809523,1.0516384
841,140084,log0,2598,685,416,260,144,1,0,0,0,0,-1,255,0.99091846,0.8355404,0.53568417,-0.32757947,0.730481,1.0507517
842,140124,log0,2599,686,416,261,142,2,0,0,0,0,-1,255,0.9558578,0.83261,0.5371703,-0.33052573,0.73066705,1.0497963
843,140164,log0,2600,687,417,261,136,1,0,0,0,0,-1,255,0.9224829,0.8294668,0.53873014,-0.33369625,0.730504,1.0501556
844,140204,log0,2601,688,418,261,130,1,0,0,0,0,-1,255,0.9054279,0.82892066,0.5388346,-0.3361555,0.7297177,1.0499117
845,140244,log0,2601,688,418,261,130,1,0,0,0,0,-1,255,0.8983336,0.82730484,0.5397596,-0.33724964,0.7299183,1.0497996
846,140284,log0,2602,689,418,262,130,2,0,0,0,0,-1,255,0.8274701,0.8211751,0.5405373,-0.34347048,0.7274499,1.0503314
847,140324,log0,2603,690,418,263,130,2,0,0,0,0,-1,255,0.7989777,0.8173595,0.5410212,-0.34498364,0.7257545,1.0507181
848,140364,log0,2604,691,419,263,120,1,0,0,0,0,-1,255,0.76974046,0.8135697,0.53992486,-0.34939206,0.7248287,1.051886
