Ranging.distTo0,Ranging.truthDistTo0,Ranging.distTo1,Ranging.truthDistTo1,Ranging.distTo2,Ranging.truthDistTo2,Ranging.distTo7,Ranging.truthDistTo7
100,99.36579895019531,-1,-1.0,-1,-1.0,148,151.2071990966797
98,99.82388305664062,-1,-1.0,-1,-1.0,146,151.48666381835938
97,99.83250427246094,-1,-1.0,-1,-1.0,147,151.04920959472656
98,99.51931762695312,-1,-1.0,-1,-1.0,148,151.50439453125
101,99.88154602050781,-1,-1.0,-1,-1.0,149,151.34849548339844
100,100.18172454833984,-1,-1.0,-1,-1.0,148,151.47108459472656
99,99.68132781982422,-1,-1.0,-1,-1.0,149,151.466796875
99,100.15525817871094,-1,-1.0,-1,-1.0,148,151.5070037841797
96,99.85079193115234,-1,-1.0,-1,-1.0,148,151.51412963867188
96,100.16329193115234,-1,-1.0,-1,-1.0,149,151.51129150390625
99,100.16329193115234,-1,-1.0,-1,-1.0,144,151.36387634277344
99,100.40626525878906,-1,-1.0,-1,-1.0,152,151.98223876953125
94,100.16255950927734,-1,-1.0,-1,-1.0,149,151.3366241455078
94,99.85166931152344,-1,-1.0,-1,-1.0,152,151.68336486816406
98,99.84297943115234,-1,-1.0,-1,-1.0,151,151.36831665039062
97,100.08794403076172,-1,-1.0,-1,-1.0,147,151.79481506347656
104,99.72798156738281,-1,-1.0,-1,-1.0,152,152.0342254638672
103,99.36163330078125,-1,-1.0,-1,-1.0,152,151.49014282226562
95,100.3927001953125,-1,-1.0,-1,-1.0,150,151.3561248779297
95,100.1599349975586,-1,-1.0,-1,-1.0,150,151.83656311035156
95,100.1599349975586,-1,-1.0,-1,-1.0,150,151.64784240722656
96,100.16923522949219,-1,-1.0,-1,-1.0,152,151.49334716796875
91,99.92390441894531,-1,-1.0,-1,-1.0,149,151.8175048828125
92,99.70249938964844,-1,-1.0,-1,-1.0,152,151.44906616210938
102,99.71776580810547,-1,-1.0,-1,-1.0,154,151.44454956054688
104,100.16522979736328,-1,-1.0,-1,-1.0,151,151.44454956054688
100,100.16522979736328,-1,-1.0,-1,-1.0,151,151.44454956054688
101,99.841796875,-1,-1.0,-1,-1.0,149,151.35267639160156
97,99.6004409790039,-1,-1.0,-1,-1.0,152,151.3582763671875
96,99.37332153320312,-1,-1.0,-1,-1.0,152,151.3582763671875
99,99.5110855102539,-1,-1.0,-1,-1.0,151,151.17596435546875
100,99.56245422363281,-1,-1.0,-1,-1.0,147,151.0470428466797
98,99.83553314208984,-1,-1.0,-1,-1.0,150,151.4870147705078
98,99.60459899902344,-1,-1.0,-1,-1.0,151,151.2105255126953
100,99.93881225585938,-1,-1.0,-1,-1.0,149,151.05340576171875
100,99.93370056152344,-1,-1.0,-1,-1.0,150,151.7183074951172
99,99.93470001220703,-1,-1.0,-1,-1.0,151,151.4677276611328
97,99.60540008544922,-1,-1.0,-1,-1.0,146,152.29859924316406
95,100.17220306396484,-1,-1.0,-1,-1.0,148,151.16949462890625
96,99.60333251953125,-1,-1.0,-1,-1.0,151,151.48367309570312
98,99.88990783691406,-1,-1.0,-1,-1.0,152,151.48934936523438
96,99.8788070678711,-1,-1.0,-1,-1.0,152,151.4856719970703
100,99.9281234741211,-1,-1.0,-1,-1.0,146,151.4856719970703
100,99.94161987304688,-1,-1.0,-1,-1.0,150,151.48941040039062
96,99.69062805175781,-1,-1.0,-1,-1.0,149,151.48941040039062
97,100.1551742553711,-1,-1.0,-1,-1.0,149,151.11114501953125
99,100.17411804199219,-1,-1.0,-1,-1.0,148,152.11814880371094
98,99.91211700439453,-1,-1.0,-1,-1.0,151,152.1254425048828
103,99.91211700439453,-1,-1.0,-1,-1.0,148,151.7800750732422
102,99.86678314208984,-1,-1.0,-1,-1.0,147,152.02767944335938
94,100.18417358398438,-1,-1.0,-1,-1.0,151,151.57789611816406
94,100.18417358398438,-1,-1.0,-1,-1.0,152,151.7509002685547
98,99.95185852050781,-1,-1.0,-1,-1.0,147,151.50099182128906
98,99.96398162841797,-1,-1.0,-1,-1.0,148,151.50534057617188
97,99.68805694580078,-1,-1.0,-1,-1.0,146,151.73509216308594
95,99.70906066894531,-1,-1.0,-1,-1.0,144,151.73634338378906
95,99.7201156616211,-1,-1.0,-1,-1.0,148,151.76197814941406
96,99.8613510131836,-1,-1.0,-1,-1.0,145,151.76197814941406
100,99.87208557128906,-1,-1.0,-1,-1.0,149,151.88406372070312
100,99.95452880859375,-1,-1.0,-1,-1.0,152,151.88406372070312
97,99.83097076416016,-1,-1.0,-1,-1.0,149,151.88844299316406
97,99.84590148925781,-1,-1.0,-1,-1.0,151,151.64320373535156
100,100.07772064208984,-1,-1.0,-1,-1.0,151,151.49143981933594
99,100.38955688476562,-1,-1.0,-1,-1.0,154,151.6730194091797
100,100.38729095458984,-1,-1.0,-1,-1.0,153,151.66749572753906
100,99.86740112304688,-1,-1.0,-1,-1.0,146,151.8011474609375
100,99.63251495361328,-1,-1.0,-1,-1.0,144,151.37594604492188
99,100.17755126953125,-1,-1.0,-1,-1.0,148,151.77854919433594
102,99.70591735839844,-1,-1.0,-1,-1.0,152,151.47535705566406
99,100.17679595947266,-1,-1.0,-1,-1.0,147,151.0780792236328
99,99.89067077636719,-1,-1.0,-1,-1.0,151,151.4967041015625
99,100.18264770507812,-1,-1.0,-1,-1.0,149,151.4967041015625
99,100.19229125976562,-1,-1.0,-1,-1.0,152,151.4656219482422
98,100.18632507324219,-1,-1.0,-1,-1.0,147,151.5126953125
96,99.83121490478516,-1,-1.0,-1,-1.0,152,151.5054168701172
97,99.83121490478516,-1,-1.0,-1,-1.0,152,151.19932556152344
100,99.83821105957031,-1,-1.0,-1,-1.0,153,151.1576690673828
101,99.62820434570312,-1,-1.0,-1,-1.0,148,151.353271484375
93,99.9204330444336,-1,-1.0,-1,-1.0,151,151.353271484375
93,99.9204330444336,-1,-1.0,-1,-1.0,152,151.37742614746094
96,99.9204330444336,-1,-1.0,-1,-1.0,151,151.3551788330078
96,99.9204330444336,-1,-1.0,-1,-1.0,148,151.3551788330078
100,99.90843200683594,-1,-1.0,-1,-1.0,151,151.6627960205078
103,100.16326904296875,-1,-1.0,-1,-1.0,151,151.51661682128906
96,99.79582214355469,-1,-1.0,-1,-1.0,151,151.10989379882812
95,100.17030334472656,-1,-1.0,-1,-1.0,150,151.50311279296875
90,99.71382141113281,-1,-1.0,-1,-1.0,148,151.72264099121094
90,100.40998077392578,-1,-1.0,-1,-1.0,151,151.71737670898438
102,99.91999053955078,-1,-1.0,-1,-1.0,147,152.11622619628906
103,99.69059753417969,-1,-1.0,-1,-1.0,152,151.1212615966797
99,99.9295654296875,-1,-1.0,-1,-1.0,151,151.1212615966797
99,99.68699645996094,-1,-1.0,-1,-1.0,152,151.5028533935547
98,99.68699645996094,-1,-1.0,-1,-1.0,150,151.5028533935547
98,100.11721801757812,-1,-1.0,-1,-1.0,151,151.5028533935547
94,100.1116714477539,-1,-1.0,-1,-1.0,150,151.5028839111328
96,99.92365264892578,-1,-1.0,-1,-1.0,153,151.83079528808594
95,99.93561553955078,-1,-1.0,-1,-1.0,153,151.83029174804688
95,99.8348617553711,-1,-1.0,-1,-1.0,149,151.8212432861328
95,100.18135070800781,-1,-1.0,-1,-1.0,149,151.75718688964844
92,100.17938232421875,-1,-1.0,-1,-1.0,151,151.6747283935547
97,100.19624328613281,-1,-1.0,-1,-1.0,152,151.81787109375
94,99.95162200927734,-1,-1.0,-1,-1.0,151,151.8408203125
94,100.16442108154297,-1,-1.0,-1,-1.0,149,151.36752319335938
98,100.3628921508789,-1,-1.0,-1,-1.0,143,151.4224090576172
100,100.0715103149414,-1,-1.0,-1,-1.0,148,151.62216186523438
101,99.72311401367188,-1,-1.0,-1,-1.0,152,151.67678833007812
98,100.70359802246094,-1,-1.0,-1,-1.0,150,150.53076171875
98,102.44721221923828,-1,-1.0,-1,-1.0,146,151.01931762695312
97,102.56449890136719,-1,-1.0,-1,-1.0,150,149.5884552001953
95,104.94159698486328,-1,-1.0,-1,-1.0,148,149.89634704589844
100,104.95436096191406,-1,-1.0,-1,-1.0,146,150.69931030273438
99,104.95436096191406,-1,200.28224182128906,-1,223.06048583984375,148,150.31211853027344
100,107.27600860595703,-1,200.28224182128906,-1,224.26181030273438,149,149.759521484375
101,105.4271011352539,-1,202.522705078125,-1,222.0955810546875,149,152.9580078125
104,107.3602294921875,-1,202.522705078125,212,220.2621612548828,151,152.9580078125
104,106.75872039794922,209,204.711669921875,212,220.51824951171875,150,154.05758666992188
107,106.28685760498047,209,204.72866821289062,211,220.63807678222656,151,154.54136657714844
106,108.1075668334961,205,204.7677459716797,211,220.0607452392578,152,155.36849975585938
109,107.85549926757812,206,207.82066345214844,211,219.4422607421875,150,155.8034210205078
108,107.59874725341797,215,209.82949829101562,212,219.36973571777344,152,155.47592163085938
108,107.28349304199219,215,210.7252197265625,212,220.4699249267578,153,155.47592163085938
109,106.94612884521484,213,210.667724609375,212,222.53994750976562,151,155.04534912109375
102,106.63543701171875,213,210.667724609375,218,222.82972717285156,150,154.6444854736328
101,105.50179290771484,212,213.708984375,218,223.8226318359375,152,154.10791015625
103,104.14403533935547,213,214.82542419433594,216,224.02540588378906,150,151.5784454345703
102,104.25592803955078,215,215.4674072265625,217,225.1466522216797,151,151.8003692626953
106,101.97227478027344,216,214.8731231689453,218,227.0722198486328,149,149.6371307373047
104,100.76127624511719,215,214.3467559814453,220,228.90716552734375,147,148.55120849609375
97,99.74790954589844,213,213.77191162109375,221,230.83604431152344,147,147.14834594726562
95,98.73066711425781,215,212.0020294189453,221,231.25198364257812,146,144.5140838623047
101,97.87510681152344,214,212.16265869140625,224,234.77308654785156,143,145.67459106445312
102,98.72991943359375,213,211.78814697265625,226,235.07015991210938,141,143.14450073242188
97,98.72991943359375,212,211.78814697265625,225,235.06434631347656,144,143.14450073242188
96,98.72991943359375,209,211.78814697265625,227,235.063232421875,143,145.9423828125
98,98.72991943359375,208,209.4302215576172,229,235.06112670898438,142,147.14556884765625
99,102.2150650024414,211,208.2955322265625,230,242.2166290283203,138,147.14556884765625
106,104.18571472167969,210,207.8003387451172,228,241.7314910888672,137,141.80227661132812
108,105.2496566772461,210,205.8191375732422,229,241.737060546875,138,141.80227661132812
109,107.57498168945312,211,203.40972900390625,231,243.290771484375,139,141.80227661132812
110,109.4912338256836,209,203.94207763671875,232,247.14248657226562,139,141.80227661132812
109,113.14884948730469,209,202.2272491455078,235,246.43826293945312,140,141.11883544921875
109,113.91630554199219,209,200.31881713867188,235,245.84368896484375,141,142.92709350585938
113,114.66387939453125,210,200.19818115234375,233,246.08091735839844,143,142.3926239013672
115,114.88509368896484,206,199.98922729492188,233,246.07366943359375,143,143.40353393554688
115,116.4729995727539,206,199.98922729492188,232,245.07684326171875,144,143.2444610595703
115,115.65283966064453,204,196.51805114746094,232,242.86203002929688,144,143.74026489257812
119,114.1713638305664,196,194.56903076171875,228,240.10108947753906,143,142.8118896484375
120,112.61856079101562,195,193.57655334472656,228,239.2810821533203,140,142.5298309326172
123,116.07781219482422,196,193.57655334472656,227,239.21600341796875,140,142.371337890625
123,113.06592559814453,199,190.23350524902344,227,235.9297332763672,137,142.98439025878906
128,113.45521545410156,200,189.590576171875,224,233.69461059570312,136,143.1847381591797
129,111.85029602050781,195,197.2027130126953,224,233.0128936767578,139,142.4857635498047
123,111.83435821533203,194,195.2546844482422,224,229.4326171875,140,140.91458129882812
121,111.70470428466797,195,196.1808624267578,224,229.49630737304688,141,140.1435546875
122,113.3758316040039,194,197.0386505126953,218,228.79354858398438,142,140.14871215820312
121,111.6225814819336,189,195.6383056640625,219,227.85948181152344,138,138.3174285888672
123,113.74826049804688,190,195.6383056640625,220,227.85948181152344,136,138.800537109375
120,114.18533325195312,206,195.56959533691406,220,227.85948181152344,133,139.24623107910156
120,111.21283721923828,205,190.40762329101562,216,225.4343719482422,134,134.47666931152344
116,110.15811920166016,200,189.0304718017578,216,224.56434631347656,129,133.2294464111328
116,110.63855743408203,199,187.2270050048828,213,225.61178588867188,127,131.61753845214844
116,109.06696319580078,197,185.36941528320312,213,225.53170776367188,127,130.97596740722656
113,107.58172607421875,197,184.66371154785156,209,225.64016723632812,125,128.75938415527344
113,109.50555419921875,198,185.54421997070312,209,226.4324951171875,125,127.33918762207031
112,107.22644805908203,198,183.6121826171875,209,225.60484313964844,127,124.65248107910156
112,107.22644805908203,198,184.9804229736328,210,227.81576538085938,124,123.75398254394531
107,103.6884994506836,198,183.3380889892578,207,226.37547302246094,121,120.16770935058594
108,103.29882049560547,199,187.11216735839844,207,227.7985382080078,122,118.63794708251953
109,100.78144073486328,199,188.3321990966797,205,227.08802795410156,121,114.51224517822266
108,100.21012115478516,205,188.0048065185547,205,227.9083709716797,120,121.36553955078125
107,97.21979522705078,205,189.52951049804688,205,227.75779724121094,120,120.55633544921875
107,96.46636199951172,208,191.8668975830078,205,227.343505859375,120,118.98036193847656
107,94.51203155517578,208,193.3773956298828,201,225.7627410888672,121,123.92819213867188
106,94.51203155517578,210,193.49099731445312,200,225.7627410888672,123,124.10099792480469
91,92.0491943359375,210,193.49099731445312,201,225.73980712890625,126,124.10099792480469
88,89.87561798095703,209,195.63946533203125,203,223.48263549804688,127,124.10099792480469
85,88.54651641845703,209,194.81021118164062,198,221.6231231689453,123,127.3993148803711
84,88.54651641845703,208,195.8098602294922,197,221.6231231689453,126,128.80160522460938
89,88.28263854980469,207,197.07772827148438,202,219.53005981445312,126,131.47218322753906
89,86.28812408447266,206,196.22303771972656,202,217.9442138671875,125,133.06922912597656
92,86.33484649658203,208,194.72421264648438,201,216.24874877929688,133,133.01629638671875
92,87.31082153320312,205,196.28695678710938,201,215.45944213867188,134,135.65432739257812
89,88.4049072265625,205,194.52003479003906,200,215.08627319335938,134,137.58677673339844
87,91.44597625732422,214,195.26004028320312,201,214.5478973388672,137,137.37037658691406
90,91.92561340332031,214,195.26004028320312,203,215.35302734375,139,135.72021484375
92,94.38513946533203,210,194.96029663085938,204,215.6370086669922,136,137.8375701904297
108,94.7911605834961,212,195.29736328125,204,214.64173889160156,135,136.20790100097656
108,96.8868637084961,199,195.29736328125,204,215.69308471679688,132,134.74612426757812
104,98.03791046142578,196,195.29736328125,206,215.47201538085938,132,133.5291748046875
101,98.84471893310547,199,195.29736328125,206,215.47201538085938,131,132.97520446777344
95,99.86924743652344,198,195.29736328125,209,214.19273376464844,130,132.57687377929688
94,101.40885162353516,200,195.29736328125,210,215.5871124267578,129,132.7810821533203
96,101.40885162353516,200,195.29736328125,209,215.5871124267578,128,132.7810821533203
97,103.0181884765625,204,197.96401977539062,209,219.45831298828125,129,132.7810821533203
99,102.40154266357422,204,197.7291259765625,214,218.54754638671875,129,132.83790588378906
103,101.5162582397461,205,196.98744201660156,212,220.62002563476562,133,133.96424865722656
106,99.93463897705078,204,189.8867950439453,213,221.58839416503906,132,133.55572509765625
106,98.73810577392578,196,191.4718475341797,214,222.4641876220703,130,130.115478515625
102,100.88218688964844,194,194.16726684570312,214,222.4641876220703,129,128.84881591796875
103,100.0113296508789,189,194.28729248046875,213,225.0289306640625,129,126.04046630859375
102,99.92664337158203,189,195.2071533203125,225,226.82986450195312,128,124.363525390625
103,100.44463348388672,192,196.8279571533203,227,229.37168884277344,130,124.363525390625
101,100.05469512939453,192,196.59658813476562,226,230.80535888671875,128,136.0670166015625
103,99.59916687011719,195,196.58999633789062,236,229.5501251220703,129,135.68312072753906
101,98.58053588867188,194,202.4645233154297,225,229.62457275390625,130,134.4120330810547
100,98.33026885986328,195,202.44927978515625,222,230.055419921875,132,134.60350036621094
109,98.5452651977539,193,202.26748657226562,205,229.48092651367188,133,136.6185760498047
109,97.87042999267578,197,202.09596252441406,206,229.04949951171875,133,135.9048614501953
107,97.35660552978516,198,202.09596252441406,220,229.04949951171875,136,136.20864868164062
107,97.35660552978516,197,196.77870178222656,221,225.0113525390625,136,136.20864868164062
112,96.01326751708984,197,195.4897003173828,219,221.574462890625,138,139.351318359375
113,96.51821899414062,204,195.83645629882812,218,220.98709106445312,138,140.4525909423828
113,95.37583923339844,205,192.66665649414062,213,214.34017944335938,139,141.86634826660156
114,94.42123413085938,205,192.66665649414062,212,212.98367309570312,140,142.4595489501953
112,94.13349151611328,205,192.66665649414062,210,211.3803253173828,143,142.8468017578125
112,94.0257797241211,205,192.66665649414062,209,205.1568145751953,142,145.31301879882812
110,93.7859115600586,205,192.66665649414062,202,202.247314453125,142,145.02044677734375
108,93.83790588378906,207,189.26156616210938,201,201.51776123046875,141,144.0839385986328
103,93.19345092773438,207,189.26156616210938,190,199.45118713378906,141,147.34799194335938
103,94.1352310180664,204,189.68299865722656,190,195.49554443359375,138,146.41246032714844
99,93.4604263305664,204,189.68299865722656,204,193.51194763183594,138,146.57705688476562
99,93.27828979492188,204,189.68299865722656,202,192.72998046875,141,145.77842712402344
98,91.9239730834961,204,189.68299865722656,183,191.52914428710938,142,144.90631103515625
97,97.52522277832031,204,189.68299865722656,181,189.97103881835938,143,144.52618408203125
100,99.0491943359375,204,189.68299865722656,176,189.28355407714844,141,143.7966766357422
99,99.61689758300781,204,189.68299865722656,175,189.1483154296875,145,143.63925170898438
98,99.61689758300781,204,189.68299865722656,173,189.79774475097656,144,143.32969665527344
97,102.3043441772461,204,192.54605102539062,174,189.72508239746094,143,142.92010498046875
98,103.02061462402344,204,193.09812927246094,176,189.9654998779297,141,142.92010498046875
98,103.0506591796875,205,193.6515655517578,177,190.92343139648438,138,143.8766326904297
115,104.21363067626953,205,193.6515655517578,181,192.30833435058594,138,143.3006591796875
119,104.08782958984375,201,193.86874389648438,181,193.0123291015625,138,142.33412170410156
122,104.04769897460938,198,195.2352752685547,179,193.1918487548828,138,145.58950805664062
123,103.37896728515625,190,194.3282012939453,181,194.12583923339844,138,147.42391967773438
125,103.2743148803711,191,194.3282012939453,190,193.76979064941406,139,147.25933837890625
126,100.79169464111328,198,194.16207885742188,192,195.18218994140625,142,148.06202697753906
107,97.52349090576172,198,192.63636779785156,205,193.0714874267578,144,149.76161193847656
104,96.94709777832031,194,194.1938018798828,204,193.15150451660156,144,148.43136596679688
96,95.37077331542969,193,192.81454467773438,190,192.8253173828125,145,149.05650329589844
96,95.37077331542969,186,192.5373077392578,189,192.8253173828125,147,149.83143615722656
106,90.08561706542969,187,192.5373077392578,186,192.8253173828125,147,151.06578063964844
103,85.47267150878906,191,189.29998779296875,186,188.7566375732422,146,149.45736694335938
83,84.22057342529297,190,189.31488037109375,182,188.61376953125,150,149.92897033691406
82,84.22057342529297,187,189.31488037109375,182,188.61376953125,152,149.16070556640625
86,81.9010238647461,187,189.31488037109375,178,188.61376953125,151,148.24415588378906
87,81.23184204101562,187,189.04156494140625,177,188.61376953125,153,147.48036193847656
82,81.99685668945312,187,189.2870330810547,177,184.96212768554688,153,145.50100708007812
82,80.55672454833984,191,190.5655059814453,177,185.31890869140625,156,152.01596069335938
81,82.13231658935547,191,191.86024475097656,184,185.63336181640625,154,155.03172302246094
82,85.78640747070312,195,193.8852996826172,184,186.4202880859375,155,158.86279296875
85,87.28141784667969,197,196.45619201660156,186,187.1025848388672,152,161.36721801757812
86,88.2963638305664,196,197.8647003173828,185,188.32437133789062,154,162.36659240722656
92,90.49840545654297,196,198.47308349609375,180,192.32920837402344,152,156.604736328125
94,90.49840545654297,196,198.47308349609375,179,192.32920837402344,155,156.604736328125
102,93.92462158203125,196,201.11537170410156,179,193.73681640625,155,156.604736328125
102,94.41317749023438,201,201.11537170410156,180,193.73681640625,156,156.04937744140625
104,97.33755493164062,202,203.25599670410156,183,195.02334594726562,155,158.02191162109375
104,97.98945617675781,199,203.53501892089844,183,194.97695922851562,157,157.64181518554688
101,99.46256256103516,200,204.66744995117188,177,195.5528564453125,157,158.83026123046875
101,99.74037170410156,199,204.3780975341797,177,195.22970581054688,156,159.66868591308594
99,100.54560852050781,200,204.99790954589844,181,195.31651306152344,159,159.6481475830078
98,98.9670639038086,201,203.45477294921875,182,194.16424560546875,155,159.61965942382812
99,99.51371002197266,202,198.63804626464844,174,194.2133331298828,155,160.32382202148438
98,99.36279296875,199,198.46629333496094,175,193.79823303222656,155,161.64111328125
100,96.82843780517578,199,196.12290954589844,181,191.90322875976562,159,161.8055877685547
100,96.01568603515625,198,195.33551025390625,182,191.0372772216797,156,160.4492645263672
99,95.36475372314453,197,194.6529998779297,182,191.0372772216797,159,160.19810485839844
100,94.58570861816406,193,193.57766723632812,181,189.8743133544922,158,159.69935607910156
98,93.70136260986328,193,192.48545837402344,178,189.34934997558594,158,159.81344604492188
98,93.5788345336914,193,192.10643005371094,178,189.34934997558594,156,160.93040466308594
98,93.29135131835938,192,190.16024780273438,176,188.88095092773438,157,161.01234436035156
99,92.91141510009766,191,190.17617797851562,176,188.86473083496094,155,161.30052185058594
98,92.68205261230469,190,190.0043487548828,180,188.83302307128906,157,161.7335662841797
97,92.50550842285156,187,185.89572143554688,180,188.67787170410156,158,161.0791015625
96,93.41496276855469,187,186.9622344970703,182,189.3289794921875,156,160.93589782714844
96,93.72509002685547,186,187.075439453125,182,189.5987091064453,156,161.9373779296875
96,92.3910903930664,186,184.35789489746094,184,189.7771453857422,155,161.2021026611328
96,92.90280151367188,186,183.4355010986328,186,189.58956909179688,155,161.59213256835938
96,92.5811767578125,186,181.6997833251953,185,189.80747985839844,157,161.30116271972656
97,93.2419662475586,182,182.28070068359375,183,190.27626037597656,156,161.39620971679688
97,92.73649597167969,182,182.28070068359375,181,190.27626037597656,153,160.99581909179688
96,92.77263641357422,182,182.3935546875,182,190.107421875,156,160.31358337402344
97,91.89566040039062,182,182.3935546875,182,190.0983123779297,153,160.39317321777344
96,92.05142211914062,183,180.89810180664062,181,190.1101837158203,154,160.1177215576172
96,91.64997100830078,183,180.9276123046875,178,190.1101837158203,157,159.6842498779297
95,91.89775085449219,186,183.4938507080078,178,190.1591339111328,158,159.70066833496094
94,92.0204086303711,186,184.5194854736328,178,190.1591339111328,154,159.45286560058594
92,92.11003875732422,190,187.03041076660156,178,190.1591339111328,154,160.47528076171875
90,93.49983215332031,190,190.61764526367188,178,190.1591339111328,155,160.87661743164062
89,93.98303985595703,197,192.9322052001953,178,190.1591339111328,156,161.2149658203125
85,94.1402359008789,197,193.76095581054688,178,190.1591339111328,158,161.7938232421875
87,95.61356353759766,191,197.21192932128906,178,190.1591339111328,159,162.20626831054688
101,96.20587158203125,190,197.76315307617188,178,189.55801391601562,160,162.1577606201172
103,96.20587158203125,195,197.76315307617188,178,189.55801391601562,160,162.68963623046875
105,98.13722229003906,196,200.00086975097656,167,190.5464324951172,160,163.5458221435547
104,98.90472412109375,200,198.98211669921875,167,191.09686279296875,159,163.5001983642578
107,100.48146057128906,201,199.90481567382812,164,192.60250854492188,161,164.00689697265625
107,100.13753509521484,202,199.24459838867188,165,192.57598876953125,163,165.6685333251953
107,100.21871185302734,202,199.24459838867188,161,193.5745086669922,166,165.05642700195312
106,100.27729797363281,202,199.24459838867188,163,193.66897583007812,162,166.0177764892578
105,100.12140655517578,202,198.61581420898438,163,193.66897583007812,165,165.69000244140625
106,100.1774673461914,202,198.61581420898438,161,193.99063110351562,162,166.2562713623047
109,99.16995239257812,201,199.94610595703125,186,193.70736694335938,163,166.3109893798828
108,99.02713775634766,201,200.32437133789062,186,194.31590270996094,159,166.05654907226562
103,98.50129699707031,201,200.32437133789062,192,194.31590270996094,161,165.97048950195312
102,98.50129699707031,206,200.32437133789062,191,194.31590270996094,161,165.97048950195312
97,95.16744995117188,206,198.19320678710938,187,191.65768432617188,164,161.36727905273438
96,93.32146453857422,204,197.772216796875,186,192.1919708251953,166,159.77146911621094
93,93.8330078125,205,198.3866729736328,177,193.43284606933594,165,158.11196899414062
92,93.04063415527344,214,198.09727478027344,177,194.4303741455078,166,155.96522521972656
87,93.04063415527344,215,198.09727478027344,178,196.59121704101562,167,166.77830505371094
86,90.34406280517578,223,210.7525634765625,178,187.79550170898438,167,166.03831481933594
89,90.01947021484375,223,210.7525634765625,179,188.4752197265625,169,167.4036407470703
88,90.8859634399414,220,211.60194396972656,179,190.3502197265625,167,168.62518310546875
91,91.23585510253906,221,211.60194396972656,178,190.3502197265625,169,167.7804718017578
91,92.1865005493164,211,213.2074737548828,177,180.55850219726562,174,167.7804718017578
88,93.11290740966797,213,214.55772399902344,178,179.65638732910156,176,172.67794799804688
90,94.16674041748047,205,215.77452087402344,178,180.69766235351562,183,173.8643798828125
97,94.64861297607422,204,215.77452087402344,175,179.72557067871094,186,176.45091247558594
99,96.27899932861328,209,217.99398803710938,175,179.3099365234375,191,179.83392333984375
108,96.85791778564453,212,218.43991088867188,175,180.01187133789062,195,179.91636657714844
109,99.56353759765625,214,221.59909057617188,174,178.6817169189453,197,181.03976440429688
112,99.68705749511719,216,222.97882080078125,174,179.86293029785156,177,181.5290069580078
114,101.84822082519531,221,224.79847717285156,174,182.30328369140625,188,180.45790100097656
110,103.03968048095703,222,224.79847717285156,175,178.83511352539062,167,188.0862274169922
111,104.64459991455078,230,237.41871643066406,173,179.74078369140625,162,187.52601623535156
101,104.64459991455078,231,237.41871643066406,175,175.82713317871094,168,192.33331298828125
100,106.9520034790039,235,240.77992248535156,175,180.58767700195312,177,195.55377197265625
101,106.97990417480469,236,247.00466918945312,177,179.97720336914062,188,193.97276306152344
102,108.17754364013672,243,248.04054260253906,176,179.47607421875,194,196.9085235595703
102,108.14496612548828,243,248.04054260253906,184,179.19735717773438,201,196.88571166992188
102,108.18352508544922,246,253.55963134765625,184,177.96258544921875,203,196.88571166992188
105,107.41964721679688,246,253.55963134765625,191,175.1089324951172,210,196.88571166992188
105,113.15509796142578,251,260.3921813964844,191,183.4617919921875,215,204.77557373046875
112,113.13994598388672,251,260.3921813964844,191,183.4617919921875,217,203.54916381835938
114,113.1712417602539,256,260.3921813964844,191,180.99923706054688,220,203.54916381835938
121,117.4486312866211,255,265.3193664550781,194,186.8525390625,223,203.4710693359375
122,117.4486312866211,258,265.3193664550781,195,184.5850067138672,228,203.68856811523438
122,117.70144653320312,258,265.07342529296875,194,184.483642578125,230,203.68856811523438
123,117.5821304321289,263,265.07342529296875,195,182.9942626953125,230,203.68856811523438
119,126.42915344238281,264,274.2472229003906,197,193.6533660888672,230,204.79653930664062
119,127.74378967285156,267,275.3783874511719,197,195.24342346191406,240,206.2022705078125
129,129.901611328125,269,278.0582580566406,195,194.25088500976562,245,205.67828369140625
131,132.95457458496094,272,281.0785217285156,195,196.91021728515625,244,207.3714141845703
135,132.95457458496094,273,281.0785217285156,197,196.57789611816406,244,208.29281616210938
137,132.66510009765625,275,281.0785217285156,198,196.10372924804688,249,208.29281616210938
142,132.4540557861328,276,281.0785217285156,202,195.6966094970703,251,233.6233673095703
140,132.45205688476562,280,281.0785217285156,202,195.6966094970703,255,233.6233673095703
143,139.87841796875,281,288.0028381347656,210,204.27760314941406,257,237.6996307373047
141,139.48147583007812,285,289.4406433105469,211,202.46609497070312,259,237.6996307373047
140,140.0576934814453,285,292.124267578125,216,205.12210083007812,256,235.87591552734375
138,141.24574279785156,287,292.124267578125,215,204.07913208007812,259,237.77719116210938
139,141.24574279785156,287,292.124267578125,212,204.07913208007812,256,237.662353515625
138,140.75611877441406,288,292.124267578125,211,204.07913208007812,255,237.662353515625
142,140.75274658203125,288,292.124267578125,209,203.20516967773438,247,237.662353515625
142,140.78858947753906,288,291.87347412109375,209,203.2855224609375,251,237.662353515625
140,140.54971313476562,288,291.87347412109375,209,203.34214782714844,249,237.662353515625
141,140.54971313476562,289,291.87347412109375,209,203.34214782714844,247,237.662353515625
140,140.54971313476562,289,291.87347412109375,212,203.8203582763672,244,237.662353515625
141,142.4412841796875,289,293.46368408203125,212,207.32662963867188,246,234.8990936279297
139,142.90603637695312,289,294.022705078125,214,208.00050354003906,249,235.1648712158203
139,143.28317260742188,288,294.4392395019531,214,210.3054962158203,247,235.31350708007812
139,143.83424377441406,288,294.9956359863281,212,211.2236785888672,248,235.30455017089844
139,144.03968811035156,286,295.2042541503906,211,211.5728759765625,250,233.9577178955078
142,144.03968811035156,285,295.2042541503906,218,211.05079650878906,251,233.9171600341797
141,143.0277862548828,286,295.2042541503906,218,211.05079650878906,248,233.9171600341797
143,144.19761657714844,286,296.5375671386719,217,215.71983337402344,246,233.9171600341797
143,144.0439910888672,287,296.57318115234375,217,216.2257080078125,248,231.88352966308594
145,144.2061767578125,288,296.57318115234375,223,216.98825073242188,248,231.88352966308594
146,144.42092895507812,284,296.7574462890625,223,219.09091186523438,244,231.88352966308594
144,144.59024047851562,284,296.90252685546875,224,220.349609375,241,229.46688842773438
144,143.20542907714844,285,291.41741943359375,224,221.55416870117188,243,228.14559936523438
148,143.3231658935547,286,291.46728515625,226,222.9619903564453,242,228.14559936523438
147,143.4326629638672,287,291.46728515625,227,223.78530883789062,238,227.73239135742188
144,144.96075439453125,286,292.53216552734375,230,226.0990447998047,238,227.73239135742188
144,144.7264404296875,285,292.1656494140625,230,226.4159698486328,237,228.74667358398438
145,144.75637817382812,285,292.5511779785156,232,227.1163330078125,237,228.74667358398438
145,145.453125,287,292.55377197265625,232,226.7200469970703,237,230.2799530029297
144,144.9740447998047,288,292.5577697753906,236,225.99281311035156,241,231.15892028808594
144,144.9740447998047,289,292.5577697753906,235,226.30593872070312,242,231.7794647216797
142,144.78941345214844,288,292.8714599609375,236,225.9837646484375,242,231.7794647216797
142,144.65823364257812,286,292.92327880859375,235,223.95225524902344,243,231.7794647216797
140,144.45057678222656,286,292.87994384765625,233,223.71475219726562,243,234.77984619140625
140,144.23129272460938,285,292.819091796875,232,223.57662963867188,247,235.0426788330078
143,143.6751251220703,286,292.8822937011719,228,222.2523956298828,247,235.32936096191406
142,143.224853515625,286,292.72735595703125,228,220.7205810546875,247,233.81007385253906
142,140.45401000976562,285,290.2322998046875,228,216.5326690673828,247,233.9248046875
138,141.76292419433594,286,291.6058654785156,229,216.4003448486328,248,231.1409912109375
140,141.83888244628906,286,291.6058654785156,221,215.3394012451172,247,232.08935546875
139,139.08056640625,282,289.2229309082031,220,212.641845703125,251,227.54046630859375
139,138.2645721435547,281,282.60076904296875,217,210.06260681152344,247,226.5117645263672
138,138.4051513671875,278,280.7478332519531,216,208.71499633789062,241,226.48475646972656
137,135.17425537109375,276,274.5699768066406,208,203.9910125732422,238,219.6903076171875
136,132.92835998535156,268,272.15087890625,207,201.08058166503906,232,216.79457092285156
135,131.49032592773438,267,270.4517517089844,204,199.59957885742188,227,213.8026580810547
135,131.2942657470703,261,270.4517517089844,204,199.49618530273438,220,212.74940490722656
130,131.42388916015625,259,263.0367126464844,200,196.75379943847656,214,212.74940490722656
130,131.42388916015625,255,261.4229736328125,199,195.68707275390625,209,211.45367431640625
126,123.16935729980469,255,253.13743591308594,196,191.6385040283203,207,211.45367431640625
124,123.80249786376953,248,250.1355743408203,195,191.20408630371094,203,198.93284606933594
123,123.41925811767578,247,250.1355743408203,190,191.20623779296875,203,198.2911834716797
122,123.41925811767578,243,247.06922912597656,189,191.20623779296875,204,198.2911834716797
120,116.07933044433594,242,237.48501586914062,188,186.40135192871094,199,198.2911834716797
119,113.96223449707031,235,234.950927734375,187,186.20021057128906,190,186.379150390625
114,112.65811157226562,234,230.45721435546875,184,186.34364318847656,174,184.73924255371094
114,110.05104064941406,226,224.4560089111328,183,183.7303924560547,162,184.73924255371094
110,109.38507843017578,224,222.79806518554688,177,184.6205291748047,158,179.77685546875
108,109.31050872802734,220,221.13853454589844,176,184.40309143066406,161,179.77685546875
104,109.76653289794922,219,217.7762908935547,172,183.3216094970703,163,179.90069580078125
103,109.92621612548828,209,217.7762908935547,171,183.91978454589844,164,180.37501525878906
104,110.003173828125,207,214.8600311279297,165,182.8957061767578,164,180.37501525878906
104,110.003173828125,204,213.48326110839844,164,183.60861206054688,166,180.37501525878906
105,110.0755386352539,202,213.48326110839844,174,182.27349853515625,166,180.37501525878906
105,110.125732421875,196,213.48326110839844,174,182.14505004882812,168,180.37501525878906
101,110.16805267333984,194,208.9371337890625,182,182.53721618652344,168,180.37501525878906
102,98.36504364013672,198,198.11410522460938,182,185.05621337890625,168,180.37501525878906
102,97.51085662841797,198,197.12428283691406,184,185.63671875,168,169.735107421875
102,97.38825225830078,190,195.2203826904297,184,187.4113006591797,169,168.5731658935547
96,96.87565612792969,190,195.3292694091797,187,188.58456420898438,171,167.4505615234375
97,96.96522521972656,189,195.3292694091797,187,188.58456420898438,172,174.75735473632812
96,95.59315490722656,189,193.94981384277344,191,190.86026000976562,175,174.33460998535156
95,94.91554260253906,186,193.02825927734375,190,191.7251434326172,175,173.4578094482422
93,95.36238098144531,186,191.85150146484375,191,192.92364501953125,176,172.76673889160156
93,95.48272705078125,186,191.13519287109375,192,194.04014587402344,175,172.76673889160156
92,94.59864807128906,187,190.67556762695312,192,194.3628692626953,172,171.67837524414062
93,94.69168090820312,186,190.39501953125,193,194.3628692626953,169,171.67837524414062
97,93.59088897705078,187,188.94166564941406,195,194.3211669921875,165,171.67837524414062
97,94.29949188232422,183,189.73171997070312,195,194.67324829101562,158,161.26043701171875
94,94.65522766113281,183,189.3388671875,197,198.54566955566406,154,158.83668518066406
93,94.86959838867188,181,187.41978454589844,197,198.74806213378906,152,156.06863403320312
94,94.86959838867188,181,186.84866333007812,197,199.43263244628906,147,156.06863403320312
94,95.09806823730469,184,187.38890075683594,198,201.55184936523438,150,156.06863403320312
95,94.2739028930664,183,184.80795288085938,199,202.4313507080078,141,154.30599975585938
97,95.55170440673828,184,185.87472534179688,199,203.3629913330078,141,152.92462158203125
94,95.62925720214844,183,185.87472534179688,201,203.68800354003906,139,153.89366149902344
95,95.72073364257812,181,183.29098510742188,201,204.82073974609375,133,153.89366149902344
99,96.39280700683594,180,183.25833129882812,203,205.24671936035156,128,152.9420623779297
100,96.06189727783203,175,182.84371948242188,203,204.61277770996094,126,152.8848419189453
100,96.24388122558594,175,181.5423583984375,204,205.26002502441406,125,152.7443084716797
99,96.98501586914062,177,181.5423583984375,204,204.92218017578125,126,152.6722869873047
101,97.20446014404297,178,181.1072235107422,203,205.27871704101562,130,152.6722869873047
99,97.24396514892578,180,180.46591186523438,203,206.1072998046875,134,137.60427856445312
98,97.25202941894531,180,181.3083953857422,204,206.79649353027344,136,138.35757446289062
98,97.62112426757812,180,181.3678741455078,204,207.70213317871094,136,139.14419555664062
98,97.21224212646484,180,181.33880615234375,205,208.22398376464844,138,141.2313232421875
98,97.84033203125,181,181.93582153320312,205,208.95425415039062,139,142.63621520996094
100,97.84271240234375,180,182.48692321777344,206,209.3592071533203,142,143.8363800048828
99,97.84271240234375,179,182.48692321777344,206,210.4236602783203,145,144.97584533691406
91,97.43243408203125,178,183.82662963867188,208,210.6304931640625,147,145.25437927246094
90,97.52385711669922,174,183.18788146972656,208,211.2705078125,145,145.31002807617188
97,97.38011932373047,175,183.551025390625,208,211.21681213378906,144,145.28158569335938
98,97.14419555664062,175,183.5958709716797,207,212.2374725341797,148,145.28158569335938
97,97.44020080566406,175,183.5602569580078,210,212.22744750976562,147,148.98004150390625
97,97.47869873046875,178,183.5602569580078,210,212.22744750976562,148,148.98004150390625
92,96.95101165771484,179,183.67323303222656,213,214.12437438964844,143,148.98004150390625
95,97.79281616210938,182,183.9552459716797,212,215.50494384765625,146,148.98004150390625
93,97.97907257080078,181,183.37081909179688,213,214.90602111816406,144,149.33843994140625
94,96.89264678955078,181,182.51702880859375,213,215.18814086914062,145,147.69801330566406
100,97.08335876464844,181,181.8596649169922,212,214.00611877441406,146,147.69801330566406
101,97.5193862915039,178,182.1063690185547,212,213.4671630859375,144,147.19851684570312
107,97.65860748291016,178,181.6314239501953,213,212.15867614746094,144,147.19851684570312
106,97.80113220214844,178,181.28062438964844,213,211.6651611328125,145,147.19851684570312
104,98.11917877197266,177,181.28062438964844,211,209.53652954101562,145,147.19851684570312
103,100.39016723632812,178,183.03579711914062,211,210.98353576660156,144,147.7904815673828
96,100.39016723632812,178,182.08099365234375,206,210.98353576660156,144,147.7904815673828
95,101.3252182006836,177,182.08099365234375,206,209.24508666992188,146,147.7904815673828
99,101.689697265625,177,182.08099365234375,206,207.9556121826172,144,145.67730712890625
99,102.00752258300781,173,179.90162658691406,206,207.18565368652344,142,144.6899871826172
98,102.00752258300781,174,179.54910278320312,203,206.57420349121094,142,145.12615966796875
96,102.00752258300781,173,178.6676025390625,203,206.18832397460938,141,145.12615966796875
95,101.19573974609375,173,177.32962036132812,201,205.40997314453125,140,144.69378662109375
94,99.64862060546875,173,175.79542541503906,200,205.91172790527344,139,143.62466430664062
90,99.77472686767578,173,176.2338104248047,198,207.0062713623047,137,141.56118774414062
91,99.55816650390625,171,176.2338104248047,197,200.70108032226562,136,140.8290252685547
91,100.06112670898438,170,176.2338104248047,196,197.6787567138672,134,140.8290252685547
91,99.28180694580078,169,175.17433166503906,196,199.4487762451172,132,135.72970581054688
94,99.21006774902344,169,175.41188049316406,196,200.757568359375,131,136.20321655273438
94,99.74259948730469,168,178.1222686767578,196,203.40966796875,130,133.82211303710938
91,100.51753234863281,167,180.49082946777344,198,204.96620178222656,131,132.32151794433594
91,101.47074127197266,170,183.48724365234375,199,208.53952026367188,131,137.51625061035156
94,103.21537780761719,171,187.5923309326172,202,206.0237579345703,130,136.9517059326172
96,103.78766632080078,177,188.21844482421875,202,206.17208862304688,133,135.70156860351562
102,104.91603088378906,178,190.4866943359375,207,207.0836639404297,138,139.54464721679688
102,104.91603088378906,184,191.42396545410156,207,205.06976318359375,139,141.1025848388672
107,104.91603088378906,186,193.58956909179688,204,205.06976318359375,139,143.2992706298828
109,104.91603088378906,194,195.07955932617188,204,200.59327697753906,143,143.98233032226562
111,104.91603088378906,195,196.39907836914062,205,200.59327697753906,148,146.43238830566406
110,110.79590606689453,202,203.40480041503906,204,210.9903564453125,147,142.9672088623047
114,110.78234100341797,203,203.40480041503906,198,202.12889099121094,145,146.22203063964844
115,110.78234100341797,207,203.40480041503906,197,197.76211547851562,148,146.22203063964844
117,110.78234100341797,207,208.2303924560547,196,197.76211547851562,149,146.22203063964844
118,115.41822052001953,213,214.91026306152344,196,200.919189453125,151,143.3564910888672
121,114.94298553466797,213,216.50396728515625,196,197.8644256591797,152,143.078369140625
121,116.45659637451172,217,219.48147583007812,196,200.23825073242188,153,152.03089904785156
122,117.01837158203125,216,223.25363159179688,198,197.6298065185547,152,149.86981201171875
121,117.01837158203125,223,224.9608612060547,198,195.84942626953125,154,153.7490234375
119,119.2187728881836,223,229.6448211669922,197,200.64218139648438,155,154.96524047851562
118,119.7199935913086,228,230.3806915283203,196,194.5652618408203,158,154.21522521972656
118,119.5515365600586,230,233.93112182617188,191,194.5652618408203,157,153.97296142578125
118,121.99307250976562,238,239.429443359375,191,195.4685516357422,158,153.97296142578125
120,122.86602020263672,239,241.95883178710938,190,197.4962921142578,159,152.2903594970703
120,123.26419067382812,243,244.03005981445312,190,197.30145263671875,161,151.43112182617188
122,123.5604248046875,243,246.22134399414062,193,197.01634216308594,162,150.90988159179688
122,124.93749237060547,244,249.82623291015625,195,199.718505859375,164,150.90988159179688
123,125.48458862304688,244,250.85812377929688,198,201.88583374023438,166,149.79371643066406
124,126.73799896240234,251,251.79852294921875,198,203.22280883789062,167,148.0584259033203
124,127.15726470947266,251,252.12939453125,198,201.5485382080078,169,147.7290802001953
127,127.44047546386719,255,252.30905151367188,199,200.6291961669922,172,146.5391845703125
129,127.59346008300781,255,262.1484375,197,200.50433349609375,179,146.5391845703125
128,127.59346008300781,257,262.71221923828125,197,200.23953247070312,182,146.5391845703125
128,129.27915954589844,258,267.3743896484375,195,203.67784118652344,180,144.1886444091797
127,129.93844604492188,261,269.5850830078125,196,205.4847412109375,186,183.6481170654297
129,130.35903930664062,262,269.5850830078125,195,204.9825897216797,186,181.4857940673828
129,130.28431701660156,261,271.6563415527344,195,204.11500549316406,182,186.3601531982422
127,130.13819885253906,262,271.6563415527344,197,203.54624938964844,182,186.3601531982422
127,130.35037231445312,265,273.32989501953125,197,203.54624938964844,182,186.3601531982422
129,130.35037231445312,266,273.32989501953125,202,203.54624938964844,182,186.3601531982422
129,134.7485809326172,268,278.4867858886719,201,209.39366149902344,180,186.3601531982422
130,136.69378662109375,269,282.5391540527344,203,210.67185974121094,179,179.14556884765625
131,137.80299377441406,274,284.02642822265625,203,210.77523803710938,181,178.8604278564453
131,139.5102081298828,274,286.4123229980469,201,212.7313232421875,181,179.16937255859375
132,139.5102081298828,280,287.41571044921875,201,212.091552734375,187,179.46694946289062
134,139.5102081298828,280,288.1388244628906,201,211.50514221191406,188,179.46694946289062
135,139.72837829589844,284,289.0235900878906,202,210.52432250976562,190,179.46694946289062
136,139.45184326171875,285,289.3714904785156,204,209.7355194091797,194,179.46694946289062
136,139.40817260742188,287,289.9293212890625,204,209.95822143554688,195,179.46694946289062
137,139.63217163085938,288,289.9293212890625,202,209.94483947753906,189,179.46694946289062
139,139.65184020996094,289,289.9293212890625,202,208.49798583984375,193,179.46694946289062
142,139.63137817382812,290,289.9293212890625,203,208.49798583984375,196,179.46694946289062
143,139.63137817382812,295,292.8880920410156,204,208.49798583984375,195,179.46694946289062
143,139.765625,296,293.1353759765625,202,207.5687713623047,196,179.46694946289062
143,139.5677032470703,292,293.1353759765625,201,207.56304931640625,199,179.46694946289062
143,139.35986328125,291,293.1353759765625,201,207.56304931640625,199,179.46694946289062
143,139.31385803222656,294,293.3965759277344,201,207.56304931640625,201,179.46694946289062
145,150.41558837890625,294,303.5808410644531,193,214.36151123046875,199,179.46694946289062
145,150.2217559814453,296,303.1119689941406,193,214.22601318359375,201,204.88790893554688
149,150.2217559814453,296,302.5304260253906,193,214.48501586914062,202,204.88790893554688
149,150.1244659423828,295,302.5304260253906,192,213.3515625,200,204.88790893554688
149,150.1244659423828,295,302.5304260253906,196,213.3515625,201,204.88790893554688
150,150.15480041503906,293,300.6810607910156,195,213.3515625,197,204.88790893554688
152,150.1753692626953,293,300.0085144042969,186,214.9913330078125,201,206.18077087402344
151,150.3624267578125,292,299.5947570800781,186,214.25486755371094,196,206.8194580078125
149,150.30300903320312,292,299.5947570800781,198,215.04000854492188,193,206.8194580078125
148,150.53695678710938,290,300.01812744140625,198,219.45071411132812,194,200.39768981933594
146,150.08592224121094,290,299.0813293457031,198,220.29420471191406,193,199.39913940429688
147,148.95217895507812,289,298.4247741699219,199,221.279052734375,191,198.47296142578125
144,148.51272583007812,289,298.16656494140625,207,222.46298217773438,192,197.68739318847656
143,147.7810516357422,281,297.56939697265625,206,224.0003662109375,194,196.99026489257812
144,147.82705688476562,281,297.832763671875,206,224.0003662109375,193,196.81297302246094
145,147.19139099121094,282,297.2011413574219,206,225.02670288085938,195,196.81297302246094
147,147.15316772460938,283,297.5986328125,198,226.02662658691406,191,196.6785430908203
144,146.4120635986328,284,297.19854736328125,198,226.02662658691406,196,196.79002380371094
143,145.09825134277344,283,295.6462707519531,198,226.02662658691406,197,196.91433715820312
143,145.04298400878906,278,294.74322509765625,198,226.02662658691406,198,196.21990966796875
135,144.9678955078125,278,293.65753173828125,198,226.02662658691406,196,196.21990966796875
133,141.90762329101562,280,289.5580139160156,198,226.02662658691406,191,193.80873107910156
134,139.9470977783203,277,286.45782470703125,198,219.72894287109375,188,190.74620056152344
133,139.5087127685547,273,286.45782470703125,227,219.72894287109375,184,188.9442138671875
132,139.6355743408203,272,286.45782470703125,182,217.2668914794922,181,188.9442138671875
130,139.5214385986328,264,286.45782470703125,179,215.09359741210938,174,188.9442138671875
129,139.42147827148438,261,286.45782470703125,179,215.09359741210938,167,188.9442138671875
128,130.287353515625,254,266.8016662597656,179,215.09359741210938,161,175.8024139404297
126,128.4980926513672,254,263.77972412109375,179,205.81236267089844,154,174.78543090820312
125,126.67074584960938,246,262.6897888183594,178,204.87477111816406,150,169.87591552734375
117,124.5614013671875,245,257.3885803222656,223,202.37808227539062,145,147.4740447998047
114,123.41947174072266,240,256.3349304199219,229,201.64344787597656,140,143.84756469726562
108,123.4708023071289,239,253.1026611328125,229,199.5184783935547,136,143.84756469726562
107,123.38752746582031,219,252.3675994873047,227,197.91748046875,125,140.68214416503906
107,123.38752746582031,219,252.3675994873047,215,197.1803436279297,119,140.68214416503906
106,123.38752746582031,219,252.3675994873047,214,196.45909118652344,115,140.68214416503906
110,123.46100616455078,217,243.5697479248047,211,194.44680786132812,116,140.68214416503906
110,117.22415161132812,207,241.3716278076172,211,193.56051635742188,108,126.4129867553711
111,115.70951843261719,205,240.5007781982422,210,192.67605590820312,111,122.97870635986328
110,114.48600769042969,205,240.5007781982422,210,191.70794677734375,109,119.81790161132812
103,114.18885040283203,205,240.5007781982422,221,191.14593505859375,115,118.0969467163086
101,114.77937316894531,243,236.63214111328125,221,191.14593505859375,112,118.0969467163086
96,112.56150817871094,242,230.6746826171875,213,191.41354370117188,106,108.73014831542969
95,110.993408203125,265,229.49411010742188,210,191.53880310058594,105,108.0224838256836
86,111.58415985107422,266,226.7673797607422,234,190.6834259033203,101,105.76060485839844
86,110.3076400756836,253,223.56822204589844,234,188.3101348876953,101,104.10646057128906
87,110.47736358642578,251,223.56822204589844,211,188.74478149414062,100,104.10646057128906
86,110.47736358642578,238,223.56822204589844,216,188.79696655273438,98,104.10646057128906
83,110.83396911621094,235,222.0595703125,204,188.79696655273438,98,104.10646057128906
81,107.98025512695312,228,219.68055725097656,200,190.8463897705078,95,94.67984771728516
76,108.18245697021484,225,219.77947998046875,233,191.8311309814453,98,100.95452117919922
79,108.18180847167969,223,219.77947998046875,236,191.8311309814453,96,103.74644470214844
76,109.77046966552734,222,217.7490692138672,238,195.5338897705078,100,106.57805633544922
90,111.1444091796875,215,218.46165466308594,239,199.82589721679688,99,107.29267883300781
90,111.1444091796875,218,218.6053009033203,234,199.82589721679688,99,108.81703186035156
76,114.51567840576172,222,220.93893432617188,234,206.90997314453125,98,111.31153106689453
122,116.79255676269531,224,222.05184936523438,234,206.90997314453125,100,111.31153106689453
112,116.79255676269531,225,221.86888122558594,234,210.09178161621094,107,120.97990417480469
149,114.2211685180664,225,225.4808807373047,246,215.85980224609375,110,120.97990417480469
149,114.2211685180664,230,225.10935974121094,246,217.53433227539062,108,123.73040771484375
149,114.2211685180664,232,224.53005981445312,243,218.7591552734375,109,130.07748413085938
141,117.14592742919922,226,224.70278930664062,242,219.5338134765625,119,134.0299835205078
141,117.14592742919922,225,222.66201782226562,238,220.7072296142578,122,136.20582580566406
141,117.14592742919922,227,223.99313354492188,237,223.24896240234375,125,136.20582580566406
112,117.83458709716797,227,222.3013153076172,235,225.39527893066406,127,140.36624145507812
105,117.14486694335938,222,221.0698699951172,235,224.64883422851562,122,142.4641876220703
128,115.90396881103516,222,218.28932189941406,231,223.87254333496094,121,141.93601989746094
145,115.90396881103516,215,217.23773193359375,233,223.87254333496094,122,143.83950805664062
159,114.9246597290039,215,214.7337646484375,227,223.50738525390625,127,145.0004119873047
144,112.50628662109375,215,210.93760681152344,228,219.480224609375,128,146.3529815673828
96,113.32003784179688,214,211.5908660888672,229,218.9152374267578,130,146.47288513183594
94,111.26773834228516,209,207.24673461914062,229,216.84767150878906,132,148.51686096191406
97,111.88432312011719,210,207.28578186035156,227,217.08065795898438,133,149.52711486816406
96,112.75206756591797,209,205.75650024414062,226,217.08065795898438,137,149.52711486816406
83,112.75206756591797,211,205.75650024414062,220,217.08065795898438,135,150.03965759277344
96,112.75206756591797,208,205.6785125732422,219,217.42234802246094,138,149.87918090820312
117,114.0534896850586,208,205.6785125732422,215,217.25169372558594,137,149.87918090820312
115,114.0534896850586,220,205.61595153808594,214,217.17559814453125,139,147.7042694091797
106,114.94630432128906,220,205.75567626953125,205,216.8658447265625,138,147.60447692871094
104,115.50830841064453,214,205.24266052246094,205,216.80764770507812,136,147.5579833984375
91,115.19029998779297,213,205.24266052246094,212,216.52517700195312,131,147.53675842285156
89,115.19029998779297,214,206.19203186035156,211,216.52517700195312,132,146.6605987548828
89,115.3183822631836,213,206.4480438232422,210,216.52517700195312,129,147.20640563964844
90,115.5846176147461,220,207.9384765625,211,216.52517700195312,126,147.93228149414062
90,115.57725524902344,221,208.3402099609375,213,216.52517700195312,125,148.27122497558594
90,115.25489044189453,213,208.4578399658203,214,216.52517700195312,124,148.86459350585938
85,115.25489044189453,212,208.4578399658203,217,216.52517700195312,124,148.70680236816406
83,115.25489044189453,212,208.4578399658203,216,216.52517700195312,126,149.97483825683594
82,115.25489044189453,212,210.8496551513672,219,216.52517700195312,124,150.84146118164062
81,115.3287582397461,212,211.1458740234375,219,216.52517700195312,125,150.84146118164062
87,115.2486343383789,213,211.29721069335938,221,216.52517700195312,123,150.84146118164062
85,114.89861297607422,212,212.19630432128906,223,216.52517700195312,121,152.2663116455078
85,114.85914611816406,212,213.06231689453125,217,216.52517700195312,120,152.09652709960938
82,114.85914611816406,214,213.06231689453125,217,216.52517700195312,122,152.63534545898438
82,114.85914611816406,214,213.1993865966797,224,216.52517700195312,125,151.91091918945312
82,114.85914611816406,211,212.6573028564453,224,214.4321746826172,121,151.97885131835938
83,114.41075897216797,210,213.46287536621094,222,214.08123779296875,121,152.12692260742188
80,114.67350769042969,213,212.6812286376953,223,213.9949951171875,123,152.12692260742188
121,109.97869873046875,213,209.2154541015625,220,223.518798828125,126,152.12692260742188
108,109.8828353881836,214,208.76727294921875,220,222.8516845703125,126,138.4536895751953
92,110.1057357788086,214,208.8948974609375,222,222.8516845703125,130,137.412841796875
91,110.23088073730469,216,208.8948974609375,223,222.8516845703125,131,139.302734375
103,110.01628112792969,216,208.07891845703125,220,221.90975952148438,131,139.302734375
108,112.73383331298828,215,210.99539184570312,220,223.02523803710938,130,146.44078063964844
114,112.68783569335938,215,209.689453125,224,221.0779571533203,132,146.26263427734375
121,112.52816772460938,216,209.44302368164062,224,221.8367156982422,132,147.84437561035156
95,112.53308868408203,215,209.2176971435547,219,217.53338623046875,129,149.1859588623047
86,112.0500259399414,215,209.9236297607422,217,215.15164184570312,135,149.1859588623047
73,110.71463012695312,214,207.20309448242188,224,217.8484344482422,135,149.1859588623047
72,110.71463012695312,213,207.11936950683594,224,217.8484344482422,140,152.19268798828125
105,110.71463012695312,212,208.0035858154297,214,217.8484344482422,141,153.5626220703125
125,110.71463012695312,213,206.58091735839844,213,207.96987915039062,143,156.56698608398438
141,109.79497528076172,214,206.89817810058594,211,204.6574249267578,142,159.33441162109375
142,110.00309753417969,217,206.93087768554688,211,201.50314331054688,140,161.8707275390625
151,109.90441131591797,218,207.52735900878906,205,198.71926879882812,140,161.8707275390625
153,109.30319213867188,216,206.6083221435547,205,196.81829833984375,141,161.8707275390625
86,109.49147033691406,216,207.90667724609375,205,196.81829833984375,139,161.8707275390625
80,109.2530746459961,221,207.61293029785156,206,196.81829833984375,140,175.56597900390625
77,109.25408172607422,221,208.12522888183594,206,187.864013671875,137,178.1139678955078
80,109.32227325439453,212,207.25582885742188,206,185.41461181640625,139,182.513916015625
79,109.58161163330078,213,207.4768524169922,205,183.91172790527344,141,185.69866943359375
82,110.00403594970703,209,207.42166137695312,205,180.0896759033203,141,185.69866943359375
128,110.17178344726562,208,209.1417236328125,204,180.0896759033203,141,185.69866943359375
125,110.42044830322266,216,209.3221893310547,204,180.0896759033203,177,194.41818237304688
116,110.22148132324219,217,209.73721313476562,202,174.7794647216797,204,194.41818237304688
116,110.54144287109375,223,210.61282348632812,203,173.20452880859375,209,200.7418975830078
108,110.69461059570312,223,211.48423767089844,207,171.55548095703125,213,200.72325134277344
106,111.100830078125,231,211.48423767089844,207,171.55548095703125,220,200.72325134277344
104,110.86405181884766,231,211.48423767089844,208,166.92013549804688,228,207.58792114257812
106,111.05033874511719,235,215.669189453125,208,166.92013549804688,174,207.58792114257812
122,111.0027847290039,235,217.9656219482422,211,166.92013549804688,170,207.58792114257812
124,110.99695587158203,240,219.2899627685547,212,166.92013549804688,212,207.58792114257812
129,110.84750366210938,241,221.93246459960938,214,166.92013549804688,221,216.14208984375
131,110.84750366210938,246,222.90341186523438,214,161.34739685058594,216,217.84127807617188
136,110.84750366210938,248,222.90341186523438,215,160.87039184570312,220,219.8035125732422
138,110.63867950439453,258,226.54933166503906,216,161.440673828125,227,220.2308807373047
144,110.8583755493164,261,227.46524047851562,224,161.440673828125,219,220.2308807373047
145,110.90605926513672,268,227.5897216796875,224,161.440673828125,223,223.0259246826172
145,110.9812240600586,269,229.60809326171875,224,169.0631103515625,221,225.02662658691406
148,111.15865325927734,269,229.60809326171875,234,169.0631103515625,221,225.51792907714844
144,111.15865325927734,274,232.3381805419922,237,170.81259155273438,231,228.15939331054688
145,111.15865325927734,279,233.55531311035156,235,168.20901489257812,230,229.95518493652344
144,111.09441375732422,279,232.5557403564453,234,168.20901489257812,227,231.54531860351562
141,111.09441375732422,282,233.94216918945312,233,168.20901489257812,237,233.90948486328125
132,111.09441375732422,283,235.51925659179688,228,162.1013946533203,236,236.08786010742188
132,110.98729705810547,282,235.09027099609375,229,162.1013946533203,244,236.08786010742188
131,110.98729705810547,282,235.3111114501953,228,162.1013946533203,246,239.8762664794922
131,110.6383056640625,284,236.21653747558594,227,162.1013946533203,249,241.85736083984375
136,110.51510620117188,284,236.56787109375,232,162.1013946533203,249,243.69688415527344
135,110.30642700195312,280,235.98463439941406,231,162.1013946533203,246,243.69688415527344
132,110.07963562011719,281,235.98463439941406,239,162.1013946533203,252,246.69183349609375
132,109.63245391845703,283,235.98463439941406,239,162.1013946533203,250,248.58154296875
133,109.50204467773438,283,235.97203063964844,247,162.1013946533203,250,249.17800903320312
131,109.50204467773438,284,236.10987854003906,248,162.1013946533203,254,250.30679321289062
134,108.86756134033203,284,236.2137908935547,231,162.1013946533203,255,251.21951293945312
135,108.741455078125,287,235.46119689941406,230,162.1013946533203,254,251.21951293945312
133,108.81580352783203,287,237.43289184570312,227,162.1013946533203,253,251.21951293945312
134,108.3947525024414,288,235.89930725097656,226,162.1013946533203,257,251.21951293945312
132,108.20049285888672,288,236.1304931640625,233,162.1013946533203,259,252.10714721679688
