,timestamp,logNumber,Statistic.recvSeq1,Statistic.recvNum1,Statistic.compute1num1,Statistic.compute2num1,Statistic.dist1,UAV0x,UAV0y,UAV0z,UAV1x,UAV1y,UAV1z,distance_3_to_1
0,6780,0,0,0,0,0,-1,0.8286556,0.9221544,0.38877228,-1.1606357,-0.5208914,0.081031084,2.476765208642341
1,6820,0,0,0,0,0,-1,0.8286567,0.92215234,0.38876736,-1.1604723,-0.52109027,0.08120461,2.476727252483217
2,6860,0,0,0,0,0,-1,0.82865375,0.9221467,0.38876963,-1.1604673,-0.5210873,0.081206284,2.476715906660837
3,6900,0,0,0,0,0,-1,0.82856774,0.92200816,0.38870907,-1.1604794,-0.52108717,0.081203245,2.476568713237937
4,6940,0,0,0,0,0,-1,0.82857484,0.9220827,0.38865164,-1.1604801,-0.52106875,0.08118465,2.476602832712594
5,6981,0,0,0,0,0,-1,0.8286548,0.92216045,0.38876966,-1.1604707,-0.52108794,0.08120479,2.476728138911859
6,7020,0,0,0,0,0,-1,0.8285806,0.92207247,0.38867986,-1.1604761,-0.5212663,0.08147599,2.4766807551976644
7,7060,0,0,0,0,0,-1,0.8286589,0.92215234,0.38876602,-1.1604723,-0.5210969,0.081217535,2.4767311889595334
8,7100,0,0,0,0,0,-1,0.8286542,0.92215455,0.38876277,-1.1604728,-0.52108324,0.08120156,2.4767226538201483
9,7140,0,0,0,0,0,-1,0.82860637,0.9221913,0.38865417,-1.1604853,-0.52108216,0.08120085,2.476701759989482
10,7180,0,0,0,0,0,-1,0.82865554,0.92215353,0.38876203,-1.1604729,-0.52108335,0.08120814,2.4767223365754574
11,7220,0,0,0,0,0,-1,0.82865244,0.92214864,0.3887667,-1.1608019,-0.5212658,0.0811012,2.477101455680291
12,7260,0,0,0,0,0,-1,0.82860076,0.922187,0.3886442,-1.1604718,-0.5210878,0.081210256,2.476684727996006
13,7300,0,0,0,0,0,-1,0.8286629,0.9221482,0.38876286,-1.1608,-0.5212692,0.08109318,2.477110607582829
14,7340,0,0,0,0,0,-1,0.8286517,0.9221505,0.38876277,-1.1604729,-0.5210815,0.08119706,2.4767179634965126
15,7380,0,0,0,0,0,-1,0.82865155,0.9221613,0.38876966,-1.1604772,-0.52108926,0.081204444,2.4767320186954715
16,7420,0,0,0,0,0,-1,0.828653,0.92216337,0.38876373,-1.1604742,-0.52108014,0.08119557,2.476727041972168
17,7460,0,0,0,0,0,-1,0.82865787,0.92215514,0.38876584,-1.160476,-0.5210764,0.0811987,2.4767253310420676
18,7500,0,0,0,0,0,-1,0.828657,0.92216235,0.3887713,-1.1604732,-0.52108485,0.08120035,2.476732028850415
19,7540,0,0,0,0,0,-1,0.8286562,0.92215866,0.38876662,-1.1604767,-0.5210798,0.08120257,2.4767282092200222
20,7580,0,0,0,0,0,-1,0.82860243,0.9221749,0.3886496,-1.1604726,-0.52107716,0.08120201,2.4766752376397267
21,7620,0,0,0,0,0,-1,0.8286234,0.92222357,0.38863853,-1.160797,-0.52127165,0.08110109,2.47710546066194
22,7660,0,0,0,0,0,-1,0.82865274,0.92215496,0.3887649,-1.1604708,-0.5210895,0.08119737,2.4767246440728785
23,7700,0,0,0,0,0,-1,0.82865757,0.9221505,0.38875565,-1.1604793,-0.521077,0.0811965,2.4767244629409877
24,7740,0,0,0,0,0,-1,0.8286028,0.92218643,0.3886407,-1.1604738,-0.52107984,0.081202716,2.476683554000695
25,7780,0,0,0,0,0,-1,0.82866067,0.9221537,0.3887645,-1.1608057,-0.5212661,0.081097364,2.4771145507641656
26,7820,0,0,0,0,0,-1,0.82865715,0.9221615,0.38876957,-1.1604738,-0.5210831,0.081209086,2.4767298454868114
27,7860,0,0,0,0,0,-1,0.82865655,0.92215675,0.3887719,-1.1604767,-0.52108294,0.08120096,2.4767300460145827
28,7900,0,0,0,0,0,-1,0.8286569,0.92215705,0.38876763,-1.1604754,-0.5210822,0.081203766,2.4767281251061237
29,7940,0,0,0,0,0,-1,0.8286566,0.92215276,0.38877273,-1.1604723,-0.5210836,0.08121397,2.4767230449075095
30,7980,0,0,0,0,0,-1,0.82865936,0.92215663,0.38876206,-1.1604779,-0.52107656,0.08119992,2.4767283625424397
31,8021,0,0,0,0,0,-1,0.82861686,0.9221905,0.38865122,-1.1604743,-0.5210809,0.08121052,2.476698558004499
32,8060,0,0,0,0,0,-1,0.828607,0.92219555,0.38864222,-1.1604693,-0.5210781,0.081196405,2.4766886425235453
33,8100,0,0,0,0,0,-1,0.8285621,0.92202127,0.3886815,-1.1604759,-0.5210788,0.081210576,2.4765597866317193
34,8140,0,0,0,0,0,-1,0.8286182,0.9222123,0.3886517,-1.1608058,-0.5212692,0.08110436,2.4771015030997594
35,8180,0,0,0,0,0,-1,0.828569,0.92211246,0.3886214,-1.160808,-0.5212635,0.08109189,2.4770000913685157
36,8220,0,0,0,0,0,-1,0.8286531,0.9221586,0.38876635,-1.1604707,-0.5210831,0.081200935,2.4767229787708422
37,8260,0,0,0,0,0,-1,0.82858133,0.9220679,0.3886716,-1.1604767,-0.5210755,0.08120963,2.4765999768096383
38,8300,0,0,0,0,0,-1,0.82865477,0.9221561,0.38876307,-1.1604733,-0.5210898,0.08120923,2.4767274170970763
39,8340,0,0,0,0,0,-1,0.8286496,0.9221603,0.38877147,-1.16048,-0.5210837,0.081203856,2.476729168023675
40,8380,0,0,0,0,0,-1,0.82861286,0.922197,0.38865682,-1.1604784,-0.52107275,0.08119971,2.4766996239092762
41,8420,0,0,0,0,0,-1,0.8286524,0.9221602,0.38876465,-1.1604713,-0.5210693,0.08119004,2.476716867966253
42,8460,0,0,0,0,0,-1,0.8286534,0.92215407,0.38876852,-1.1604713,-0.5210825,0.08120217,2.4767208723919274
43,8500,0,0,0,0,0,-1,0.8286575,0.9221573,0.38876387,-1.1604745,-0.5210897,0.08120289,2.4767320899158403
44,8540,0,0,0,0,0,-1,0.82865113,0.922155,0.38876602,-1.1604731,-0.5210756,0.08120226,2.4767166941676946
45,8580,0,0,0,0,0,-1,0.82865345,0.9221559,0.38876376,-1.1604729,-0.52109,0.08120939,2.4767260476073703
46,8620,0,0,0,0,0,-1,0.82865334,0.9221604,0.38876885,-1.1608075,-0.5212642,0.08109343,2.4771138585087713
47,8660,0,0,0,0,0,-1,0.82865787,0.9221521,0.38876933,-1.1608094,-0.5212621,0.08109462,2.477112896385156
48,8700,0,0,0,0,0,-1,0.8286597,0.9221579,0.38877168,-1.1604785,-0.52108926,0.08121458,2.4767365610309513
49,8740,0,0,0,0,0,-1,0.8285853,0.9221719,0.3886167,-1.1604781,-0.5210792,0.08120553,2.476660874512804
50,8780,0,0,0,0,0,-1,0.82865655,0.92215765,0.38876498,-1.160473,-0.5210834,0.0812041,2.4767266607392675
51,8820,0,0,0,0,0,-1,0.82865703,0.92216474,0.38876304,-1.1604728,-0.5210825,0.08120872,2.47672965026516
52,8860,0,0,0,0,0,-1,0.8286516,0.9221604,0.38877228,-1.1608138,-0.5213448,0.081254885,2.477144929856353
53,8900,0,0,0,0,0,-1,0.828507,0.9221373,0.38848075,-1.160819,-0.5211562,0.08124835,2.4768742443165146
54,8940,0,0,0,0,0,-1,0.8286278,0.9222265,0.38865128,-1.1608435,-0.52114093,0.08131368,2.477047075068199
55,8980,0,0,0,0,0,-1,0.8286555,0.9221582,0.38876718,-1.1617913,-0.52069885,0.0816012,2.4775120236496684
56,9020,0,0,0,0,0,-1,0.8286538,0.9221638,0.3887667,-1.1615714,-0.52103287,0.0819503,2.4774884896057925
57,9060,0,0,0,0,0,-1,0.82859266,0.922138,0.38866645,-1.1617658,-0.52124506,0.086721756,2.4771055432868017
58,9100,0,0,0,0,0,-1,0.82853734,0.92214614,0.38853818,-1.1613011,-0.5208855,0.090166524,2.476049925195295
59,9140,0,0,0,0,0,-1,0.8285901,0.9221463,0.38863954,-1.1612338,-0.520919,0.092035934,2.4758453703184307
60,9180,0,0,0,0,0,-1,0.8286537,0.92215735,0.3887718,-1.1614587,-0.52129054,0.1018969,2.475153792282831
61,9220,0,0,0,0,0,-1,0.82864976,0.92216086,0.3887687,-1.1615926,-0.52272385,0.111546196,2.4749967678660814
62,9260,0,0,0,0,0,-1,0.828655,0.92215705,0.38876596,-1.1606419,-0.5222905,0.11800862,2.4732651253568028
63,9300,0,0,0,0,0,-1,0.8286545,0.92216,0.38876897,-1.1606483,-0.5231027,0.123033226,2.473201487171606
64,9340,0,0,0,0,0,-1,0.828574,0.92200565,0.38871267,-1.1606601,-0.52325886,0.124777414,2.4729545616903352
65,9380,0,0,0,0,0,-1,0.82865846,0.9221558,0.38876447,-1.1586704,-0.52409965,0.1367243,2.470760038884009
66,9420,0,0,0,0,0,-1,0.82865036,0.92216104,0.38876963,-1.1579052,-0.5240283,0.13921429,2.469847103298404
67,9460,0,0,0,0,0,-1,0.82866114,0.9221582,0.3887657,-1.1552064,-0.5249366,0.14511207,2.467626648760908
68,9500,0,0,0,0,0,-1,0.8285831,0.92210525,0.38866025,-1.1536257,-0.5257989,0.14759123,2.4665142408988348
69,9540,0,0,0,0,0,-1,0.828602,0.92219245,0.3886436,-1.1530156,-0.5262528,0.14755493,2.466358905873192
70,9580,0,0,0,0,0,-1,0.8286532,0.9221579,0.3887641,-1.1473866,-0.5276454,0.1496669,2.4624845983451285
71,9620,0,0,0,0,0,-1,0.82865584,0.9221559,0.3887693,-1.1467613,-0.5281975,0.15029071,2.4622489395428726
72,9660,0,0,0,0,0,-1,0.8285849,0.92216367,0.3886336,-1.1453431,-0.52873766,0.15092789,2.4613025321620463
73,9700,0,0,0,0,0,-1,0.8286604,0.9221532,0.38876617,-1.1433051,-0.52991045,0.15272334,2.460254648579613
74,9741,0,0,0,0,0,-1,0.8286131,0.9221962,0.38863814,-1.1421382,-0.5306696,0.15406331,2.459614832443856
75,9781,0,0,0,0,0,-1,0.82865,0.9221558,0.38876387,-1.1405631,-0.53062946,0.15592495,2.458169909387595
76,9820,0,0,0,0,0,-1,0.82864964,0.9221607,0.38877058,-1.1380848,-0.53140044,0.16108538,2.4561605329279956
77,9860,0,0,0,0,0,-1,0.82851887,0.92211574,0.38851506,-1.1367586,-0.531642,0.16593224,2.4546425674401893
78,9900,0,0,0,0,0,-1,0.8286214,0.92220366,0.3886609,-1.1363581,-0.5321043,0.16851243,2.4545104921955905
79,9940,0,0,0,0,0,-1,0.8286527,0.9221559,0.38877365,-1.1349425,-0.5323534,0.17640956,2.452835422676022
80,9981,0,0,0,0,0,-1,0.8286033,0.92218256,0.3886487,-1.1339927,-0.5320543,0.18178393,2.4514038244605008
81,10021,0,0,0,0,0,-1,0.828618,0.9221975,0.38865224,-1.1337326,-0.53186196,0.18594693,2.450754643528752
82,10061,0,0,0,0,0,-1,0.8286533,0.92215693,0.3887718,-1.1332941,-0.5320133,0.19407138,2.4498483757968166
83,10100,0,0,0,0,0,-1,0.8286501,0.92215365,0.3887657,-1.1327881,-0.53231305,0.20324717,2.448903884123789
84,10140,0,0,0,0,0,-1,0.8286012,0.9221399,0.38867483,-1.1325326,-0.5320055,0.21015051,2.447949208823748
85,10180,0,0,0,0,0,-1,0.8285838,0.9221914,0.38860846,-1.1328151,-0.5319523,0.21682715,2.447678146157893
86,10220,0,0,0,0,0,-1,0.8285204,0.9221606,0.38849106,-1.1325723,-0.5320147,0.22345579,2.446987376230117
87,10260,0,0,0,0,0,-1,0.828653,0.9221574,0.38876888,-1.1327066,-0.53252137,0.2291599,2.447140559802584
88,10300,0,0,0,0,0,-1,0.828654,0.9221596,0.38877004,-1.1331388,-0.5328849,0.23802881,2.4471428374609077
89,10340,0,0,0,0,0,-1,0.8286542,0.92216015,0.38876575,-1.1335208,-0.5329113,0.24190882,2.4472292752471896
90,10380,0,0,0,0,0,-1,0.8286246,0.9222259,0.3886639,-1.134407,-0.5335974,0.24752606,2.4480266808046265
91,10420,0,0,0,0,0,-1,0.82864946,0.9221608,0.38876197,-1.1348057,-0.53515637,0.26014623,2.4485651923861456
92,10460,0,0,0,0,0,-1,0.8286542,0.9221566,0.38876647,-1.1355114,-0.5359821,0.26503325,2.449372417480854
93,10500,0,0,0,0,0,-1,0.8286559,0.92215455,0.38876176,-1.1360532,-0.5373153,0.275795,2.450080650616299
94,10540,0,0,0,0,0,-1,0.82865256,0.92215323,0.38876906,-1.1366146,-0.53783363,0.2803294,2.450631770461301
95,10580,0,0,0,0,0,-1,0.82865304,0.92216253,0.38876015,-1.137284,-0.5399455,0.29405332,2.451864201742812
96,10620,0,0,0,0,0,-1,0.82862043,0.922233,0.388655,-1.1378195,-0.54121345,0.30350506,2.452715218275484
97,10660,0,0,0,0,0,-1,0.8286523,0.9221601,0.3887713,-1.137959,-0.5422159,0.3133941,2.4530876568560216
98,10700,0,0,0,0,0,-1,0.82857126,0.9220943,0.3886551,-1.1382507,-0.54286754,0.32125077,2.4533741550259904
99,10740,0,0,0,0,0,-1,0.8286508,0.9221639,0.38876817,-1.1379627,-0.54431766,0.33007646,2.4538911308943723
100,10780,0,0,0,0,0,-1,0.82865334,0.9221559,0.3887705,-1.1377769,-0.5455592,0.34233013,2.454219251193584
101,10820,0,0,0,0,0,-1,0.82856697,0.92208666,0.38865036,-1.1372397,-0.5465194,0.3493641,2.4541277574224987
102,10860,0,0,0,0,0,-1,0.8286406,0.9221571,0.3887697,-1.136554,-0.5479257,0.36199936,2.4543532182356644
103,10900,0,0,0,0,0,-1,0.82865727,0.9221535,0.38876557,-1.1355865,-0.5483908,0.36913803,2.453801026501338
104,10940,0,0,0,0,0,-1,0.82857627,0.92216724,0.38863313,-1.1331756,-0.5473666,0.3781654,2.4511446677289617
105,10980,0,0,0,0,0,-1,0.82865083,0.9221508,0.38876644,-1.1295185,-0.54657197,0.38796493,2.4477692974624072
106,11020,0,402,1,0,0,-1,0.828655,0.9221601,0.38876724,-1.1221746,-0.5422568,0.40013298,2.439340515530534
107,11060,0,403,2,0,0,-1,0.82865685,0.9221587,0.3887682,-1.1129652,-0.5364833,0.41009992,2.4285772806269814
108,11100,0,404,3,0,0,-1,0.82865053,0.9221598,0.38876987,-1.1045719,-0.53095645,0.41638082,2.4186066965344515
109,11140,0,405,4,0,0,-1,0.82865417,0.92216253,0.38876432,-1.0862039,-0.51771563,0.42652667,2.3961128630008233
110,11180,0,406,5,0,0,-1,0.8286539,0.92215633,0.38877103,-1.0730113,-0.5079951,0.43115523,2.3798025549506407
111,11220,0,407,6,0,0,-1,0.82865214,0.9221586,0.38876316,-1.0475862,-0.48856336,0.4368897,2.347918888315886
112,11260,0,407,6,0,0,-1,0.8286166,0.9222183,0.38864374,-1.0244174,-0.47061524,0.44015095,2.318700817333556
113,11300,0,407,6,0,0,-1,0.8286554,0.9221582,0.3887603,-0.9986975,-0.45068714,0.44374937,2.2862517321491795
114,11340,0,407,6,0,0,-1,0.8286554,0.92216384,0.38876772,-0.9709408,-0.42927346,0.44558704,2.251257020072337
115,11380,0,407,6,0,0,-1,0.82865465,0.9221573,0.3887616,-0.9419024,-0.405681,0.44738343,2.2139248692066213
116,11420,0,407,6,0,0,-1,0.82864994,0.92215484,0.38876456,-0.9187727,-0.38805816,0.44925505,2.184903476357655
117,11461,0,407,6,0,0,-1,0.8286497,0.92216223,0.38876784,-0.87965107,-0.35716003,0.45246372,2.1351848511890283
118,11500,0,407,6,0,0,-1,0.8286561,0.92215866,0.38876233,-0.8475934,-0.33159292,0.4551215,2.0943038946426342
119,11540,0,407,6,0,0,-1,0.8286599,0.922165,0.38876322,-0.82327074,-0.31230325,0.45739293,2.0633701649827705
120,11580,0,407,6,0,0,-1,0.8286486,0.9221572,0.38876584,-0.80705297,-0.299359,0.45910162,2.0426867069437544
121,11620,0,407,6,0,0,-1,0.828589,0.92217,0.38863686,-0.75865465,-0.26080433,0.46424142,1.9810317570408222
122,11660,0,407,6,0,0,-1,0.8286541,0.9221535,0.38877034,-0.72669363,-0.23511633,0.46747288,1.940251007139219
123,11700,0,407,6,0,0,-1,0.8286569,0.92216086,0.38876262,-0.6873563,-0.20353332,0.4707383,1.890027301279698
124,11740,0,407,6,0,0,-1,0.82865673,0.92215955,0.38876662,-0.6639,-0.18435994,0.47298285,1.8598934172833927
125,11780,0,407,6,0,0,-1,0.8286494,0.9221603,0.38876894,-0.6253162,-0.15384749,0.47573498,1.8109036754577283
126,11820,0,407,6,0,0,-1,0.8285805,0.9221646,0.3886109,-0.60265386,-0.1352935,0.47698197,1.7817011543008088
127,11860,0,407,6,0,0,-1,0.8286154,0.92221713,0.38864744,-0.5728832,-0.11129123,0.47868475,1.7436869928188585
128,11901,0,407,6,0,0,-1,0.8286586,0.92215484,0.38876438,-0.5655022,-0.10505101,0.4789559,1.7340618517311412
129,11940,0,407,6,0,0,-1,0.82865745,0.92216015,0.38876843,-0.50658375,-0.057302088,0.48018023,1.6584847016976743
130,11980,0,407,6,0,0,-1,0.82865435,0.9221556,0.38876855,-0.4923853,-0.045422155,0.4800515,1.6400259492462552
131,12020,0,407,6,0,0,-1,0.8286472,0.922151,0.38876528,-0.48507074,-0.039794683,0.47955686,1.630778202991326
132,12060,0,407,6,0,0,-1,0.82865274,0.92216045,0.38876903,-0.420376,0.013682248,0.47863874,1.5470881860062349
133,12100,0,407,6,0,0,-1,0.8286548,0.92216164,0.38876376,-0.4133005,0.019616423,0.47849393,1.5378856540899828
134,12140,0,407,6,0,0,-1,0.8286527,0.9221576,0.38876837,-0.36309657,0.060594127,0.4767704,1.4731945277600307
135,12180,0,407,6,0,0,-1,0.828654,0.92214364,0.38876113,-0.35594112,0.066256456,0.4762275,1.4640555964888835
136,12220,0,407,6,0,0,-1,0.82857084,0.9220836,0.38866732,-0.3414612,0.07817682,0.47593865,1.4452577431519946
137,12260,0,407,6,0,0,-1,0.8286499,0.9221598,0.38876012,-0.33420286,0.08398368,0.475619,1.4360745945433642
138,12300,0,407,6,0,0,-1,0.82865596,0.92216265,0.3887621,-0.27600724,0.13069585,0.4734319,1.3615687129153013
139,12340,0,407,6,0,0,-1,0.82865506,0.92216086,0.38876325,-0.26875106,0.13630514,0.47322375,1.3524063845380263
140,12380,0,407,6,0,0,-1,0.8286545,0.9221596,0.38875368,-0.26126823,0.14232558,0.47285578,1.3428127042584566
141,12420,0,407,6,0,0,-1,0.82865804,0.92216176,0.38876748,-0.16443326,0.21666844,0.47026044,1.2208981298303898
142,12460,0,407,6,0,0,-1,0.8286535,0.92215574,0.3887626,-0.15705693,0.22243981,0.47040775,1.211566492555655
143,12500,0,407,6,0,0,-1,0.82861304,0.92221296,0.38864,-0.14239295,0.23365913,0.47077677,1.1931912696123852
144,12540,0,407,6,0,0,-1,0.8286559,0.9221631,0.3887658,-0.13515493,0.23868603,0.4710253,1.1844149753435127
145,12580,0,407,6,0,0,-1,0.82865214,0.92215466,0.38876128,-0.014758695,0.32253125,0.47034088,1.0380488251800086
146,12620,0,407,6,0,0,-1,0.82865137,0.92215127,0.38876116,-0.011477372,0.3246149,0.46971592,1.034127457956347
147,12660,0,407,6,0,0,-1,0.8286572,0.92215765,0.38875866,-0.0046793884,0.32826433,0.46682152,1.0262811139937817
148,12700,0,407,6,0,0,-1,0.8285894,0.92215616,0.388627,-0.0018001312,0.32992887,0.46580702,1.0228570912942052
149,12740,0,407,6,0,0,-1,0.8286541,0.92216027,0.38875636,0.018156672,0.34050605,0.45237964,0.9996377627542201
150,12780,0,407,6,0,0,-1,0.82856554,0.92198515,0.38869703,0.030675957,0.34128043,0.43317437,0.9878380273088169
151,12820,0,407,6,0,0,-1,0.82865995,0.92215633,0.3887622,0.030805083,0.34109738,0.4330708,0.9880106964585038
152,12860,0,407,6,0,0,-1,0.8286545,0.9221593,0.3887694,0.031471953,0.33800727,0.44060048,0.9896565594462446
153,12900,0,407,6,0,0,-1,0.82865363,0.92215407,0.38876995,0.031702805,0.33766413,0.44186577,0.9897364611654937
154,12940,0,407,6,0,0,-1,0.8286589,0.9221599,0.388772,0.03191628,0.3377323,0.44277936,0.9895813293690314
155,12980,0,407,6,0,0,-1,0.8286534,0.9221542,0.3887682,0.032150865,0.33776638,0.44348997,0.9894037750769316
156,13020,0,407,6,0,0,-1,0.82859343,0.9221725,0.38863194,0.039100993,0.34303957,0.45298886,0.9812415811643789
157,13060,0,407,6,0,0,-1,0.8286555,0.92215294,0.3887705,0.03964568,0.34376672,0.45336384,0.9804281522065693
158,13100,0,407,6,0,0,-1,0.8286523,0.922162,0.38876912,0.05395953,0.35630298,0.45305786,0.9614979800004354
159,13140,0,407,6,0,0,-1,0.82865316,0.92215675,0.38876697,0.05511604,0.35714507,0.45255563,0.9600348092361362
160,13180,0,407,6,0,0,-1,0.82865065,0.92215776,0.3887667,0.056107573,0.35816061,0.45253494,0.9586354739632803
161,13220,0,457,7,0,0,-1,0.82859623,0.9221793,0.38863823,0.057136916,0.35895282,0.4523914,0.9573076970658092
162,13260,0,458,8,0,0,-1,0.82865584,0.9221537,0.38876095,0.058227878,0.35992786,0.45196187,0.9558511608879636
163,13300,0,459,9,0,0,-1,0.8286559,0.9221626,0.3887644,0.059328046,0.3610251,0.45159063,0.954299643609875
164,13340,0,460,10,0,0,-1,0.82865435,0.922161,0.38877052,0.060571954,0.3616516,0.45118514,0.952899205815898
165,13380,0,461,11,0,0,-1,0.8286541,0.9221556,0.38876557,0.06154616,0.36274898,0.45111474,0.951460894423308
166,13420,0,462,12,0,0,-1,0.82865804,0.922162,0.3887649,0.062641725,0.3636096,0.45079428,0.9500575720739088
167,13460,0,463,13,1,0,67,0.828656,0.92215455,0.3887685,0.0637051,0.36481687,0.45039052,0.9484579313876987
168,13500,0,464,14,1,1,81,0.82866204,0.9221604,0.38877177,0.06477281,0.36605585,0.44993302,0.9468472685045228
169,13540,0,465,15,1,2,81,0.8285929,0.9221693,0.38863105,0.0661695,0.36624658,0.44980815,0.9455591855244935
170,13580,0,466,16,2,2,85,0.82865053,0.9221553,0.38876638,0.067034446,0.3672317,0.44971246,0.9443059810650687
171,13620,0,467,17,2,3,84,0.82859474,0.9221679,0.38862637,0.06832981,0.36812246,0.4492963,0.9426823202929411
172,13660,0,468,18,2,4,85,0.82861656,0.92221534,0.3886386,0.07067682,0.37023497,0.4483882,0.9395344721978138
173,13700,0,469,19,2,5,86,0.82861,0.92219174,0.38864458,0.07495495,0.37414116,0.44732484,0.9337016590615872
174,13740,0,470,20,2,6,86,0.82865417,0.9221624,0.3887633,0.07618837,0.37431368,0.44737944,0.9326193261482966
175,13780,0,471,21,3,6,76,0.8286519,0.92216027,0.38876238,0.083828144,0.3799893,0.44579938,0.9230195219881482
176,13820,0,472,22,3,7,76,0.8286531,0.92215836,0.38876018,0.08797319,0.38278022,0.44532788,0.9180062386422171
177,13860,0,473,23,3,8,77,0.8286153,0.9222189,0.3886462,0.0920212,0.38580593,0.44429177,0.9129108000039905
178,13900,0,474,24,3,9,78,0.8286535,0.9221582,0.38876295,0.09536596,0.38830099,0.44409502,0.9087220917515872
179,13940,0,475,25,3,10,78,0.82865155,0.9221534,0.38876987,0.09598711,0.38911125,0.4441206,0.9077416487319249
180,13980,0,476,26,3,11,78,0.8286229,0.9222118,0.38865182,0.09865872,0.3898432,0.44541535,0.905254732024892
181,14020,0,476,26,3,11,78,0.82862073,0.922232,0.38865376,0.09834036,0.38963175,0.44569227,0.9056632114335578
182,14060,0,478,27,3,12,78,0.8286553,0.9221632,0.38876548,0.09653648,0.3879865,0.4467317,0.9081315094208467
183,14100,0,479,28,3,13,79,0.82865304,0.9221557,0.38876528,0.095717445,0.38721132,0.4466542,0.9092366005382382
184,14140,0,480,29,3,14,80,0.8286559,0.9221556,0.38876966,0.07688722,0.3713315,0.44533947,0.9336827780726045
185,14180,0,480,29,3,14,80,0.828663,0.9221578,0.3887634,0.06700981,0.36350378,0.44421276,0.9461947876222878
186,14220,0,480,29,3,14,80,0.8286508,0.92216694,0.38876727,0.05131158,0.3515352,0.44146663,0.9657401673343011
187,14260,0,480,29,3,14,80,0.8286158,0.9222189,0.3886451,0.046738084,0.34818277,0.4413754,0.9714065496201695
188,14300,0,480,29,3,14,80,0.8286498,0.9221525,0.38875267,0.033023912,0.3369112,0.43806946,0.988918681577809
189,14340,0,480,29,3,14,80,0.82864934,0.922161,0.38876998,0.027780794,0.33314255,0.43764684,0.9953502727087068
190,14380,0,480,29,3,14,80,0.8286006,0.92219746,0.38863933,-0.024361055,0.29269817,0.43061838,1.060931299268601
191,14420,0,480,29,3,14,80,0.8285965,0.9222032,0.38861218,-0.030749606,0.28757966,0.430231,1.0690906666899354
192,14460,0,480,29,3,14,80,0.8286579,0.9221627,0.3887689,-0.057651278,0.26662657,0.42912164,1.103131918183053
193,14500,0,480,29,3,14,80,0.8285612,0.92199874,0.38869515,-0.06463822,0.26141894,0.42918265,1.1116699377170742
194,14540,0,480,29,3,14,80,0.82864815,0.92216223,0.38876328,-0.61920124,-0.1667973,0.48353338,1.8141340061798414
195,14580,0,480,29,3,14,80,0.8286539,0.9221608,0.38876858,-0.626406,-0.1723241,0.4835238,1.8232046160084838
196,14620,0,480,29,3,14,80,0.8286509,0.92216486,0.38876197,-0.70655483,-0.2293735,0.48352087,1.9214256372419984
197,14660,0,480,29,3,14,80,0.8286521,0.92216027,0.38877082,-0.7140234,-0.23494403,0.48352984,1.930729708883553
198,14700,0,480,29,3,14,80,0.8285624,0.9220442,0.38866702,-0.7815382,-0.28207096,0.48475665,2.0128462838478196
199,14740,0,480,29,3,14,80,0.82865167,0.92215836,0.38876075,-0.78916675,-0.28717238,0.48490387,2.0221426036271586
200,14780,0,480,29,3,14,80,0.82865286,0.9221645,0.3887705,-0.7967125,-0.29252598,0.4852255,2.0314007623413595
201,14820,0,480,29,3,14,80,0.82859385,0.922165,0.38863015,-0.8603293,-0.33662486,0.48753983,2.108742785537989
202,14860,0,480,29,3,14,80,0.82865655,0.92216754,0.38876882,-0.8668464,-0.34135416,0.488495,2.1168757010813093
203,14900,0,480,29,3,14,80,0.8286568,0.9221694,0.38877076,-0.87404615,-0.34548777,0.48789716,2.125083109742023
204,14940,0,480,29,3,14,80,0.8285798,0.9220776,0.3886736,-0.87912685,-0.35006762,0.48972207,2.1318598741467705
205,14980,0,480,29,3,14,80,0.828656,0.92216736,0.38876042,-0.8909783,-0.35824406,0.49153727,2.146429302748535
206,15020,0,480,29,3,14,80,0.82864904,0.92215955,0.38877225,-0.89684045,-0.36178347,0.4913703,2.1532185529448395
207,15060,0,480,29,3,14,80,0.8286601,0.9221582,0.38876703,-0.90235233,-0.36567047,0.49204606,2.159993752804887
208,15100,0,480,29,3,14,80,0.82864726,0.9221599,0.38876596,-0.9078978,-0.3689891,0.49260747,2.16643432571644
209,15140,0,480,29,3,14,80,0.82860595,0.9221918,0.38863242,-0.9127349,-0.37235194,0.49294317,2.1723241656753
210,15180,0,480,29,3,14,80,0.8286514,0.9221582,0.38876966,-0.917622,-0.3757362,0.49348116,2.1782941636276587
211,15220,0,480,29,3,14,80,0.82865596,0.9221506,0.3887681,-0.9225823,-0.37875602,0.49372318,2.1840809157062866
212,15260,0,480,29,3,14,80,0.82865685,0.92216283,0.38876492,-0.9271541,-0.38146925,0.4937062,2.189370069577851
213,15300,0,480,29,3,14,80,0.82865477,0.92216486,0.38876316,-0.9310688,-0.384752,0.49398443,2.1944771759788364
214,15340,0,480,29,3,14,80,0.82861555,0.9222206,0.38864815,-0.9354781,-0.38764495,0.49412027,2.1997495973785806
215,15380,0,480,29,3,14,80,0.82861227,0.9222071,0.38864785,-0.9429934,-0.392368,0.49435952,2.2085899235456434
216,15420,0,480,29,3,14,80,0.8286242,0.9222312,0.38864955,-0.94654995,-0.39514777,0.49413276,2.213110336343782
217,15460,0,480,29,3,14,80,0.82861453,0.92221165,0.38866222,-0.9502459,-0.39732212,0.493476,2.217318187435502
218,15500,0,480,29,3,14,80,0.82864726,0.92215246,0.3887587,-0.953103,-0.39979595,0.49381843,2.221085079149205
219,15540,0,480,29,3,14,80,0.8286535,0.92215675,0.3887655,-0.95598173,-0.40099826,0.49373442,2.2241135130349705
220,15580,0,480,29,3,14,80,0.8286563,0.9221567,0.3887745,-0.9588532,-0.4028504,0.4933598,2.227503501830422
221,15620,0,517,30,3,15,80,0.8286519,0.92216253,0.3887618,-0.9615581,-0.40445557,0.49270996,2.230599160795702
222,15660,0,518,31,3,16,91,0.8285588,0.9220344,0.388675,-0.96410006,-0.40607476,0.49228898,2.233435772746138
223,15700,0,518,31,3,16,91,0.82865185,0.9221549,0.38876435,-0.96714073,-0.407782,0.49124253,2.2369856554397245
224,15740,0,520,32,4,16,197,0.82865256,0.922163,0.38876316,-0.9688141,-0.40881673,0.49175793,2.238973247678194
225,15780,0,520,32,4,16,197,0.82865036,0.9221655,0.388759,-0.9727045,-0.41106552,0.49108598,2.2434025631315526
226,15820,0,520,32,4,16,197,0.828581,0.92207825,0.38867655,-0.9770781,-0.41409498,0.48884937,2.2485102391917846
227,15860,0,520,32,4,16,197,0.8285777,0.92211473,0.38864952,-0.9813498,-0.41659263,0.48620966,2.2533292509742893
228,15900,0,520,32,4,16,197,0.8286535,0.9221585,0.3887611,-0.9844026,-0.41782287,0.48292047,2.256454825631506
229,15940,0,520,32,4,16,197,0.82865113,0.92216146,0.38876596,-0.98499703,-0.41790935,0.4817924,2.2569367874770854
230,15980,0,520,32,4,16,197,0.82864904,0.9221621,0.3887683,-0.98532224,-0.4169245,0.4798652,2.2565335176183727
231,16020,0,520,32,4,16,197,0.82865614,0.92215997,0.38876787,-0.98450947,-0.4163979,0.4792374,2.255546841559152
232,16060,0,520,32,4,16,197,0.8286006,0.9221948,0.38864207,-0.9833929,-0.41561732,0.4800902,2.254201467233856
233,16100,0,520,32,4,16,197,0.82865065,0.92215973,0.3887658,-0.9833778,-0.41525638,0.48036617,2.2540007973507654
234,16140,0,520,32,4,16,197,0.8286507,0.92215544,0.3887668,-0.98135203,-0.4134302,0.4830823,2.251398330485074
235,16180,0,520,32,4,16,197,0.8286533,0.92215824,0.38875905,-0.98074055,-0.41343722,0.48360106,2.2509368138844055
236,16220,0,520,32,4,16,197,0.8286038,0.92218953,0.38863584,-0.9808286,-0.41271925,0.48513293,2.250630701265943
237,16260,0,520,32,4,16,197,0.82866055,0.92216235,0.38876534,-0.98060334,-0.41337094,0.48713917,2.250947028219662
238,16300,0,520,32,4,16,197,0.8286533,0.92215365,0.3887631,-0.98132783,-0.41414645,0.48824394,2.2520271084534245
239,16340,0,520,32,4,16,197,0.8286496,0.9221528,0.38876402,-0.9820201,-0.4147978,0.48890626,2.252995817717055
240,16380,0,520,32,4,16,197,0.8286162,0.9222153,0.38864243,-0.98425543,-0.41674557,0.48917374,2.2559757488623933
241,16420,0,520,32,4,16,197,0.8286561,0.922154,0.3887657,-0.98740405,-0.41908237,0.48858872,2.2598570210114985
242,16461,0,520,32,4,16,197,0.8286527,0.9221563,0.3887661,-0.9915172,-0.42203817,0.4882861,2.264902074313278
243,16500,0,520,32,4,16,197,0.8286487,0.9221559,0.3887632,-0.99213797,-0.42302477,0.48794872,2.2659685078174485
244,16540,0,520,32,4,16,197,0.8286509,0.9221546,0.38876203,-0.99840504,-0.42750812,0.48671103,2.273613204430401
245,16580,0,520,32,4,16,197,0.8286544,0.9221548,0.3887635,-1.0016018,-0.42967084,0.48611495,2.2774432134373064
246,16620,0,520,32,4,16,197,0.82853353,0.9221751,0.3885131,-1.0062237,-0.4333584,0.48499015,2.283224223740911
247,16660,0,520,32,4,16,197,0.82859164,0.92216897,0.38862744,-1.0095104,-0.43558177,0.48447874,2.28720221521351
248,16700,0,520,32,4,16,197,0.82865554,0.92214996,0.3887673,-1.0122548,-0.43782446,0.4842918,2.2907654796621943
249,16740,0,520,32,4,16,197,0.8286524,0.92215496,0.38876194,-1.0134823,-0.43839693,0.48429173,2.292092393415837
250,16780,0,520,32,4,16,197,0.8286539,0.9221559,0.38876098,-1.0337752,-0.4523173,0.4845731,2.3166784166566137
251,16821,0,520,32,4,16,197,0.8286482,0.9221578,0.38876614,-1.0272472,-0.44667888,0.4862549,2.3081519761543636
252,16860,0,520,32,4,16,197,0.82865405,0.92216194,0.38876233,-1.0259551,-0.4451857,0.48612985,2.3062295897660388
253,16900,0,520,32,4,16,197,0.8286505,0.92215824,0.38876203,-1.0242536,-0.44376916,0.48529708,2.3039814174290427
254,16940,0,520,32,4,16,197,0.8286209,0.9222152,0.38864064,-1.0222292,-0.4420512,0.48549107,2.3013580588726166
255,16980,0,520,32,4,16,197,0.82865214,0.92215496,0.3887643,-1.0198119,-0.4406227,0.48587438,2.2985675237107532
256,17020,0,552,33,4,17,212,0.8286514,0.9221547,0.38876033,-1.0175892,-0.43909165,0.48533028,2.295848835243902
257,17061,0,553,34,4,18,216,0.8286527,0.9221492,0.38876042,-1.0154605,-0.43660262,0.4845014,2.292624235451986
258,17101,0,554,35,4,19,216,0.82865727,0.9221481,0.38875923,-1.0122424,-0.4346305,0.48449808,2.2888700016149697
259,17141,0,555,36,4,20,217,0.8285753,0.9220974,0.38863438,-1.0096203,-0.43225127,0.48391125,2.2852354140277216
260,17180,0,556,37,4,21,217,0.828578,0.9220686,0.38868004,-1.0033174,-0.427162,0.4829701,2.277093368530293
261,17220,0,557,38,4,22,217,0.82865757,0.92216074,0.38876513,-0.9884164,-0.41505688,0.47981966,2.257919277326819
262,17260,0,558,39,4,23,217,0.8286476,0.92215854,0.38876274,-0.9654149,-0.3959554,0.47528738,2.2279073283134525
263,17300,0,559,40,5,23,217,0.8286519,0.92215306,0.3887638,-0.9547689,-0.38812506,0.47280976,2.2146065975645204
264,17340,0,560,41,5,24,225,0.828654,0.9221572,0.38876876,-0.92622596,-0.3650997,0.46690926,2.177783288674285
265,17380,0,561,42,5,25,226,0.8285881,0.9220673,0.38867617,-0.89979976,-0.34470838,0.4643523,2.1442415488585387
266,17420,0,561,42,5,25,226,0.8286476,0.92214787,0.38875493,-0.872163,-0.32310244,0.46114507,2.1091812843485465
267,17460,0,561,42,5,25,226,0.82865185,0.9221605,0.38876042,-0.8355575,-0.29463732,0.45984152,2.0628238636098715
268,17501,0,561,42,5,25,226,0.8286562,0.92215085,0.38876015,-0.8277161,-0.2890849,0.45961064,2.0532123824782134
269,17540,0,561,42,5,25,226,0.8286041,0.92217577,0.3886456,-0.7738119,-0.24735318,0.459492,1.985082961777467
270,17581,0,561,42,5,25,226,0.8286559,0.92215127,0.38876024,-0.7505944,-0.22916497,0.46045044,1.9556840992934332
271,17620,0,561,42,5,25,226,0.8285387,0.9221037,0.38855687,-0.7189893,-0.2053681,0.4618669,1.9160923849974787
272,17660,0,561,42,5,25,226,0.8286534,0.92215,0.38876265,-0.68751186,-0.1820627,0.4634326,1.8771303920908444
273,17700,0,561,42,5,25,226,0.8286524,0.922151,0.38875958,-0.6563764,-0.15848835,0.4649184,1.8381762612107397
274,17740,0,561,42,5,25,226,0.82862675,0.9222284,0.38864595,-0.62566596,-0.13538648,0.46658686,1.7998865472723604
275,17780,0,561,42,5,25,226,0.82861936,0.9222356,0.38863772,-0.5949457,-0.112806946,0.46719626,1.7618235453172382
276,17820,0,561,42,5,25,226,0.828578,0.9220839,0.38866055,-0.57985264,-0.10207915,0.46808168,1.743242459062031
277,17861,0,561,42,5,25,226,0.8285703,0.9221117,0.38862938,-0.54212385,-0.074751355,0.46850526,1.696737638353558
278,17900,0,561,42,5,25,226,0.8286579,0.9221548,0.38875994,-0.5126183,-0.053235866,0.46845144,1.6603491983614738
279,17941,0,561,42,5,25,226,0.82865006,0.9221529,0.3887587,-0.50505733,-0.047849137,0.46880656,1.6510865461424729
280,17980,0,561,42,5,25,226,0.82865334,0.9221597,0.3887599,-0.43885913,-0.0011525372,0.46679342,1.5700899370734238
281,18020,0,561,42,5,25,226,0.82865065,0.9221522,0.38875803,-0.4238715,0.009299504,0.46599376,1.5517980075728368
282,18060,0,561,42,5,25,226,0.82865566,0.92215645,0.3887601,-0.4168396,0.0142773595,0.46586567,1.5431942026893326
283,18100,0,561,42,5,25,226,0.8285898,0.9221443,0.38863683,-0.35838225,0.05465083,0.46229488,1.472030222600542
284,18140,0,561,42,5,25,226,0.8286269,0.9222317,0.3886566,-0.35110945,0.05963329,0.46189874,1.4632902172941966
285,18180,0,561,42,5,25,226,0.8286193,0.92221177,0.38865235,-0.34356037,0.064367644,0.46125737,1.4543635237098544
286,18220,0,561,42,5,25,226,0.82865137,0.9221591,0.38876233,-0.27698028,0.10941768,0.4563443,1.3738766750025924
287,18261,0,561,42,5,25,226,0.8286527,0.9221557,0.38875836,-0.26970768,0.114929184,0.45575872,1.3647340346704473
288,18300,0,561,42,5,25,226,0.8286508,0.9221501,0.3887584,-0.20936939,0.15497121,0.45037276,1.2922250510000008
289,18340,0,561,42,5,25,226,0.82865787,0.9221565,0.38875946,-0.19391924,0.1647843,0.44912925,1.2739391584110327
290,18380,0,561,42,5,25,226,0.82865345,0.9221553,0.38875887,-0.14778128,0.19499567,0.4459326,1.2187923061598727
291,18420,0,561,42,5,25,226,0.8286567,0.9221569,0.38875303,-0.124404795,0.20999642,0.4444582,1.1910506901324538
292,18460,0,561,42,5,25,226,0.8286598,0.9221546,0.388768,-0.116737686,0.21505393,0.44404593,1.1818728142998411
293,18500,0,561,42,5,25,226,0.82865393,0.92215586,0.38875842,-0.057298034,0.2529312,0.44344887,1.1116490346112597
294,18540,0,561,42,5,25,226,0.8286483,0.92215574,0.38875946,-0.043198094,0.26171067,0.44321924,1.0951117753548638
295,18581,0,561,42,5,25,226,0.8286533,0.9221543,0.38876256,-0.037260294,0.26595557,0.44457686,1.0878962876155365
296,18620,0,561,42,5,25,226,0.8286553,0.92215973,0.38875535,0.014703546,0.29729012,0.44413716,1.0276412616046018
297,18661,0,561,42,5,25,226,0.8286638,0.922155,0.3887567,0.024286859,0.30266723,0.44306532,1.0167284828435585
298,18700,0,561,42,5,25,226,0.8286539,0.9221594,0.38876078,0.05130662,0.31901497,0.4389166,0.985173870519887
299,18740,0,561,42,5,25,226,0.8286576,0.922155,0.38876224,0.057476323,0.3223554,0.43711782,0.9781709649940865
300,18780,0,561,42,5,25,226,0.8286585,0.92216176,0.38875714,0.069654234,0.3289772,0.4317543,0.9642635702430408
301,18820,0,561,42,5,25,226,0.82860374,0.92219085,0.38862765,0.076846406,0.33244985,0.42709535,0.9562495883979157
302,18860,0,561,42,5,25,226,0.82862234,0.9222212,0.3886549,0.07808562,0.3330894,0.42600912,0.9548701387016052
303,18901,0,561,42,5,25,226,0.82865775,0.9221602,0.38876665,0.08483321,0.3366541,0.41880304,0.9470979384004199
304,18940,0,561,42,5,25,226,0.8286539,0.92215973,0.38875982,0.087105095,0.33741555,0.4152386,0.9447335657362216
305,18980,0,561,42,5,25,226,0.82860404,0.9221897,0.38863194,0.08755335,0.33760464,0.41376027,0.9442072378026636
306,19020,0,561,42,5,25,226,0.8286237,0.9222173,0.38864496,0.08773801,0.33766228,0.41305473,0.9440403018597966
307,19060,0,561,42,5,25,226,0.8286582,0.92215985,0.38876364,0.087612815,0.33778533,0.4136162,0.9440654475736905
308,19100,0,561,42,5,25,226,0.8286604,0.92215496,0.38875723,0.08745444,0.33769378,0.4151405,0.9442866652128789
309,19140,0,605,43,5,26,226,0.8285744,0.9220884,0.3886514,0.087244794,0.3378125,0.417245,0.9443333332764614
310,19180,0,606,44,5,27,239,0.82857656,0.9220856,0.38865158,0.087199464,0.3387511,0.41974542,0.9438675380996312
311,19220,0,607,45,5,28,239,0.828574,0.92209387,0.3886475,0.08784341,0.33968922,0.42252147,0.9428808925850332
312,19260,0,608,46,5,29,240,0.8285287,0.9222057,0.38848546,0.088991575,0.340607,0.42497987,0.941543434990826
313,19300,0,609,47,5,30,240,0.8286544,0.9221543,0.3887609,0.09043906,0.3428106,0.42718568,0.9391897728698833
314,19340,0,610,48,5,31,240,0.828571,0.9220942,0.38865095,0.09344429,0.34554034,0.42910224,0.9351267290197314
315,19380,0,611,49,5,31,240,0.8285271,0.9220628,0.3885698,0.096003,0.34846008,0.43037045,0.9313210754347679
316,19420,0,612,50,5,32,139,0.8286562,0.92216027,0.3887522,0.09845231,0.350469,0.430991,0.9283386866843081
317,19460,0,613,51,5,33,175,0.8286545,0.9221586,0.38876653,0.10317284,0.35345024,0.43148637,0.922809766317583
318,19500,0,614,52,5,34,215,0.8286558,0.9221577,0.38876468,0.10751431,0.35686767,0.43071386,0.9172554486482262
319,19540,0,615,53,6,34,81,0.82865345,0.9221544,0.3887648,0.108278096,0.35817015,0.4308444,0.9158545805837032
320,19580,0,616,54,6,35,82,0.828579,0.92208415,0.38866594,0.11494463,0.36335096,0.42937568,0.9072563670569261
321,19620,0,617,55,6,36,83,0.82857186,0.92205006,0.38867554,0.11948977,0.36680123,0.42836145,0.9014841326984926
322,19660,0,618,56,7,36,76,0.8286545,0.9221545,0.38876712,0.12294169,0.36907414,0.42752856,0.8974580342717888
323,19701,0,619,57,7,37,76,0.82857674,0.9220893,0.38865656,0.1287837,0.37346968,0.42599022,0.8899930329911432
324,19740,0,620,58,7,38,76,0.8286483,0.9221528,0.38876173,0.13197182,0.3753585,0.42532325,0.886385289542725
325,19780,0,621,59,7,39,76,0.8286544,0.92216307,0.38876244,0.13300663,0.37640217,0.42531836,0.8849390321548742
326,19820,0,622,60,8,39,70,0.8285805,0.9220706,0.3886786,0.14054109,0.38289177,0.42336065,0.8748227936418574
327,19860,0,623,61,8,40,70,0.8286537,0.922159,0.38876516,0.14547798,0.38683498,0.4230345,0.8686053336922993
328,19900,0,624,62,8,41,70,0.82854986,0.9220075,0.38867372,0.1493065,0.38905102,0.42220747,0.8640246635999933
329,19940,0,625,63,8,42,71,0.82862663,0.9222251,0.3886436,0.151825,0.3916489,0.42243737,0.8606471923417581
330,19980,0,625,63,8,42,71,0.8286552,0.92214996,0.38876063,0.1531847,0.39235762,0.42394143,0.859172821596346
331,20020,0,627,64,8,43,71,0.82865256,0.9221595,0.38876045,0.15356888,0.3930901,0.42480734,0.85845898636016
332,20060,0,628,65,8,44,71,0.8286518,0.9221562,0.38876677,0.15289716,0.3925394,0.4255933,0.859357010027458
333,20100,0,629,66,8,45,71,0.8286562,0.9221524,0.38876057,0.15231393,0.39229202,0.42612,0.8599922007445103
334,20140,0,630,67,8,46,72,0.82862914,0.9222362,0.38864556,0.13564639,0.38160196,0.42859823,0.879833338089425
335,20180,0,630,67,8,46,72,0.8285755,0.9220886,0.3886504,0.12389217,0.37338164,0.4278759,0.8939779533321464
336,20220,0,630,67,8,46,72,0.8286509,0.92215866,0.3887657,0.10901326,0.36291027,0.4256906,0.9121406302394336
337,20260,0,630,67,8,46,72,0.8286554,0.92215884,0.38875914,0.10033109,0.35709727,0.424457,0.9225103141097801
338,20301,0,630,67,8,46,72,0.828657,0.9221592,0.38876578,0.06997331,0.3359205,0.41957057,0.9592839286718842
339,20341,0,630,67,8,46,72,0.82857543,0.9220924,0.3886569,0.046357222,0.31938356,0.4164554,0.9878744925366446
340,20381,0,630,67,8,46,72,0.82865435,0.92215794,0.3887671,0.033589423,0.31076705,0.41532576,1.0033107287273333
341,20420,0,630,67,8,46,72,0.8286449,0.92215586,0.38876694,-0.0075087394,0.2815209,0.4122779,1.053621752165213
342,20460,0,630,67,8,46,72,0.82865095,0.92215705,0.3887626,-0.04421583,0.2557924,0.41251543,1.0984090464534886
343,20500,0,630,67,8,46,72,0.8286488,0.9221567,0.38876572,-0.059248757,0.24460794,0.41288438,1.1171464100651285
344,20540,0,630,67,8,46,72,0.8286543,0.92214835,0.3887645,-0.09833808,0.21727875,0.41654202,1.1648723589760248
345,20580,0,630,67,8,46,72,0.82859147,0.9221765,0.3886291,-0.1219929,0.20026287,0.41912648,1.1940267632686403
346,20620,0,630,67,8,46,72,0.82865703,0.922155,0.3887609,-0.16137037,0.17123194,0.42524186,1.243129384268774
347,20660,0,630,67,8,46,72,0.82865536,0.9221613,0.38876456,-0.1853102,0.15395091,0.42939764,1.2727625242105713
348,20700,0,630,67,8,46,72,0.8286574,0.9221583,0.38876462,-0.22467184,0.12580545,0.43687373,1.3213609783796325
349,20740,0,630,67,8,46,72,0.8286221,0.92223185,0.38863957,-0.24761824,0.10760045,0.44143692,1.350816444818002
350,20781,0,630,67,8,46,72,0.82864743,0.9221595,0.3887646,-0.28591534,0.07874151,0.44765565,1.3989539686510941
351,20820,0,630,67,8,46,72,0.82865345,0.92216545,0.38876182,-0.31637624,0.05584287,0.4525605,1.4372466776918045
352,20860,0,630,67,8,46,72,0.82862324,0.92221695,0.38864025,-0.34616986,0.033250567,0.45698383,1.474812176884403
353,20900,0,630,67,8,46,72,0.82859546,0.9221828,0.38863835,-0.37563652,0.009952361,0.4599365,1.5124227065143887
354,20940,0,630,67,8,46,72,0.82865715,0.9221663,0.3887656,-0.40484515,-0.012366049,0.46324912,1.5493309341666859
355,20980,0,630,67,8,46,72,0.8286599,0.92216027,0.38876677,-0.43409973,-0.03501735,0.46564093,1.5863986552854403
356,21020,0,630,67,8,46,72,0.8286265,0.92224675,0.38864484,-0.4413259,-0.040748168,0.46591744,1.5956532941029131
357,21060,0,630,67,8,46,72,0.82865727,0.92216605,0.38875633,-0.49197352,-0.07954751,0.46907082,1.6595017511226933
358,21100,0,630,67,8,46,72,0.82861793,0.92222965,0.38864306,-0.49899238,-0.08529554,0.46938115,1.6685846300413636
359,21140,0,630,67,8,46,72,0.82865834,0.9221651,0.3887649,-0.50619835,-0.09074385,0.46987662,1.6776191950343387
360,21180,0,630,67,8,46,72,0.828651,0.92216414,0.38876364,-0.57813716,-0.1461583,0.47341612,1.7684828596251312
361,21220,0,630,67,8,46,72,0.82865584,0.9221598,0.3887665,-0.58521944,-0.1518559,0.47398165,1.7775868208041383
362,21260,0,630,67,8,46,72,0.8286508,0.92215,0.3887591,-0.6283002,-0.18580475,0.475359,1.8324216711641634
363,21300,0,630,67,8,46,72,0.82865244,0.92215866,0.38876456,-0.6572828,-0.2080248,0.47587624,1.8689319266353128
364,21340,0,630,67,8,46,72,0.82862604,0.9222291,0.3886445,-0.6935638,-0.2363645,0.4760723,1.914952959607626
365,21380,0,630,67,8,46,72,0.8286503,0.92215765,0.38875607,-0.7227967,-0.25900194,0.47622856,1.951865006693515
366,21420,0,630,67,8,46,72,0.8286141,0.9222105,0.38863903,-0.7526497,-0.28153878,0.476297,1.9892439358781022
367,21460,0,630,67,8,46,72,0.8285299,0.922132,0.38853493,-0.78165996,-0.30389294,0.47586843,2.025703819988191
368,21500,0,630,67,8,46,72,0.82865506,0.9221557,0.38876262,-0.8023949,-0.31957072,0.47618288,2.0517921000041697
369,21540,0,630,67,8,46,72,0.8285086,0.9221444,0.3884808,-0.8412946,-0.34876484,0.47772458,2.1003374628781697
370,21580,0,666,68,8,47,72,0.8286089,0.9222008,0.3886495,-0.85347307,-0.3574183,0.47878316,2.115407468689617
371,21620,0,667,69,8,48,84,0.82864916,0.92216027,0.38876384,-0.88130546,-0.37719768,0.47783542,2.1494672536375945
372,21660,0,668,70,8,49,84,0.828652,0.9221591,0.3887651,,,,1.299299749354976
373,21700,0,669,71,8,50,84,0.8286566,0.9221658,0.38877025,-0.90910393,-0.3966908,0.48071063,2.1834943240594016
374,21740,0,670,72,8,51,85,0.82865,0.9221539,0.38875726,-0.9247098,-0.4065679,0.4787689,2.2017888596104487
375,21780,0,671,73,9,51,201,0.8286548,0.9221554,0.38876355,-0.9342016,-0.41188967,0.47681004,2.2124853373646767
376,21820,0,672,74,9,52,213,0.82865125,0.92215896,0.38876173,-0.93757343,-0.4142652,0.47497377,2.2165313761782817
377,21860,0,673,75,9,53,213,0.82864714,0.92216563,0.38876784,-0.9389689,-0.41514787,0.4745882,2.2181611887185126
378,21900,0,673,75,9,53,213,0.8285959,0.9221756,0.38862893,-0.94765264,-0.41973522,0.46810552,2.227577114993427
379,21940,0,673,75,9,53,213,0.82864994,0.9221571,0.3887591,-0.9482047,-0.41978025,0.46724245,2.22804123686445
380,21980,0,673,75,9,53,213,0.82857203,0.9220947,0.3886486,-0.9486914,-0.4192483,0.46379748,2.2278944594982177
381,22020,0,673,75,9,53,213,0.8286492,0.92216337,0.38875905,-0.9480983,-0.4191697,0.46359244,2.2274662496631414
382,22060,0,673,75,9,53,213,0.8286555,0.9221604,0.38875833,-0.94629717,-0.41734862,0.46358445,2.2249360096729607
383,22100,0,673,75,9,53,213,0.828657,0.922159,0.38876653,-0.9446783,-0.41660962,0.46388245,2.2232097441240963
384,22140,0,673,75,9,53,213,0.82865345,0.9221512,0.38876435,-0.9443832,-0.41632757,0.46410733,2.222804822189913
385,22180,0,673,75,9,53,213,0.8285858,0.9221252,0.3886502,-0.94147223,-0.415367,0.46663448,2.2199262275918583
386,22220,0,673,75,9,53,213,0.828651,0.9221513,0.38875705,-0.94091755,-0.4154948,0.46808806,2.2196764329641776
387,22260,0,673,75,9,53,213,0.82861555,0.9222224,0.38863796,-0.94014764,-0.41615695,0.47014102,2.2195552089176034
388,22300,0,673,75,9,53,213,0.8286273,0.9222404,0.3886467,-0.9402333,-0.41639894,0.47116894,2.2198271855207765
389,22340,0,673,75,9,53,213,0.82865584,0.9221641,0.38875574,-0.940798,-0.41881353,0.4726714,2.2217627162625053
390,22380,0,673,75,9,53,213,0.82865554,0.9221565,0.38876054,-0.9420728,-0.42065698,0.47341144,2.2239138332533726
391,22420,0,673,75,9,53,213,0.82865787,0.922164,0.38876048,-0.9431814,-0.4224007,0.47334152,2.2258532047937263
392,22460,0,673,75,9,53,213,0.8286536,0.9221618,0.38875696,-0.94581664,-0.42541096,0.47356138,2.2297732566548705
393,22500,0,673,75,9,53,213,0.8286505,0.9221585,0.3887566,-0.94638973,-0.42604715,0.47345626,2.23060525750104
394,22540,0,673,75,9,53,213,0.8286454,0.9221574,0.38876233,-0.9472214,-0.42671585,0.4733071,2.2316607240768884
395,22580,0,673,75,9,53,213,0.8285975,0.92219234,0.38863447,-0.9551858,-0.43487847,0.47200775,2.2428719903247103
396,22620,0,673,75,9,53,213,0.8286588,0.9221604,0.38875905,-0.9569144,-0.43630514,0.47166038,2.2451220673299384
397,22660,0,673,75,9,53,213,0.8286192,0.922218,0.38864297,-0.9611182,-0.44008148,0.4707531,2.250724779150096
398,22700,0,673,75,9,53,213,0.8285888,0.9221898,0.38861027,-0.9620039,-0.44072837,0.4705808,2.251774217962099
399,22740,0,673,75,9,53,213,0.8286505,0.92214787,0.38876164,-0.96902716,-0.44631124,0.46939737,2.260713897706834
400,22780,0,673,75,9,53,213,0.82865435,0.9221608,0.38875073,-0.9696795,-0.44691536,0.46926937,2.2616050635302885
401,22820,0,673,75,9,53,213,0.8286523,0.92216355,0.3887557,-0.97491777,-0.4508934,0.46931157,2.2681797384711206
402,22860,0,673,75,9,53,213,0.8286549,0.92215735,0.38875857,-0.9755789,-0.45139652,0.4692398,2.269005737130911
403,22900,0,673,75,9,53,213,0.82865125,0.92215806,0.38876235,-0.9811929,-0.45527944,0.4696799,2.275833349680912
404,22940,0,673,75,9,53,213,0.828653,0.92216545,0.3887564,-0.98396724,-0.45716336,0.47040656,2.2792118534805956
405,22980,0,673,75,9,53,213,0.82865244,0.92216164,0.38875663,-0.98534423,-0.45778722,0.46967968,2.280655894545911
406,23020,0,673,75,9,53,213,0.828658,0.92215437,0.38875526,-0.98569846,-0.45781666,0.46966422,2.280954977495306
407,23060,0,703,76,9,54,213,0.8286504,0.922156,0.3887525,-0.98401964,-0.45608553,0.471616,2.2786374443028254
408,23100,0,704,77,9,55,218,0.8286504,0.92215794,0.38875982,-0.97856957,-0.45162988,0.472847,2.271653111498645
409,23140,0,705,78,9,56,219,0.8286517,0.9221559,0.38875124,-0.9734098,-0.4474203,0.473254,2.2650177890240935
410,23180,0,706,79,9,57,219,0.8286506,0.92215604,0.388759,-0.96045923,-0.43682352,0.47091618,2.2482191354185437
411,23220,0,707,80,10,57,218,0.8286563,0.92215776,0.3887588,-0.95036066,-0.42925912,0.46954247,2.2355658845190045
412,23260,0,708,81,10,58,226,0.82865363,0.92215335,0.38876045,-0.92989033,-0.4126065,0.46510327,2.209047061976468
413,23300,0,709,82,10,59,226,0.82865405,0.92215234,0.38875598,-0.91566896,-0.40112337,0.46203747,2.1906828840576833
414,23340,0,710,83,10,60,226,0.8286534,0.9221636,0.38876015,-0.88785505,-0.37959045,0.45697385,2.1553694875103098
415,23380,0,711,84,10,61,226,0.82862127,0.9222316,0.38863933,-0.86338884,-0.35976174,0.45268387,2.1237954581875447
416,23420,0,711,84,10,61,226,0.82865006,0.92215735,0.38876164,-0.83683187,-0.33857095,0.45005414,2.0897422828559096
417,23460,0,711,84,10,61,226,0.82862806,0.92223835,0.38864374,-0.8085808,-0.3167789,0.44734848,2.054035806802264
418,23500,0,711,84,10,61,226,0.828581,0.922059,0.38867056,-0.7792276,-0.2937572,0.44599506,2.0165673151734422
419,23540,0,711,84,10,61,226,0.82865095,0.92215663,0.3887591,-0.74847656,-0.27017525,0.44604746,1.9779454879705074
420,23580,0,711,84,10,61,226,0.82865286,0.92215425,0.38876328,-0.72571635,-0.2521632,0.4466103,1.948956506591855
421,23620,0,711,84,10,61,226,0.8285682,0.9221062,0.38863018,-0.68663293,-0.22217311,0.44794443,1.899665176904117
422,23660,0,711,84,10,61,226,0.82862455,0.9222221,0.38864952,-0.66410124,-0.20445094,0.4515802,1.8712516510024064
423,23700,0,711,84,10,61,226,0.82865053,0.9221565,0.38875324,-0.6249108,-0.17463993,0.45212376,1.8220369432060604
424,23740,0,711,84,10,61,226,0.82861084,0.9222301,0.38861588,-0.59416485,-0.15119453,0.4540738,1.783484269529398
425,23780,0,711,84,10,61,226,0.8285753,0.9220869,0.38864726,-0.5638145,-0.1276436,0.45587808,1.745051137379358
426,23820,0,711,84,10,61,226,0.8286567,0.9221568,0.38875723,-0.5410902,-0.110749565,0.4575825,1.7169272584789999
427,23860,0,711,84,10,61,226,0.82860506,0.9221892,0.38864523,-0.5037569,-0.08236267,0.4586656,1.6700945116989894
428,23901,0,711,84,10,61,226,0.8286065,0.9221856,0.38864198,-0.47419587,-0.060187574,0.45889768,1.633183033215131
429,23941,0,711,84,10,61,226,0.82865185,0.9221614,0.38875863,-0.44482115,-0.037759747,0.4584398,1.596257362896335
430,23981,0,711,84,10,61,226,0.82865316,0.9221581,0.388758,-0.43778118,-0.03181828,0.4581179,1.5870531244162254
431,24020,0,711,84,10,61,226,0.82865715,0.92215854,0.38876104,-0.38685247,0.006146774,0.45574242,1.5234919588896583
432,24060,0,711,84,10,61,226,0.8286556,0.9221657,0.38875926,-0.36533272,0.022458881,0.4548192,1.4964773407689869
433,24100,0,711,84,10,61,226,0.82860774,0.92218506,0.38864407,-0.35818264,0.027723996,0.45443553,1.4875686521851887
434,24140,0,711,84,10,61,226,0.8286512,0.92214763,0.38875857,-0.30773416,0.06540025,0.4499709,1.4244769696081168
435,24181,0,711,84,10,61,226,0.8285965,0.9221625,0.38864073,-0.2722538,0.092106774,0.44724992,1.379963406715598
436,24221,0,711,84,10,61,226,0.82865185,0.922156,0.38875872,-0.24349247,0.114050366,0.44472486,1.3437485574168158
437,24261,0,711,84,10,61,226,0.82865226,0.9221551,0.3887631,-0.22153865,0.12931362,0.44319493,1.3169895003769947
438,24300,0,711,84,10,61,226,0.82865125,0.9221557,0.38876235,-0.1854445,0.1563532,0.44148093,1.2718580814158396
439,24340,0,735,85,10,62,226,0.8285892,0.9221689,0.38862795,-0.155919,0.1768394,0.439722,1.2358734130324545
440,24380,0,735,85,10,62,226,0.8286535,0.9221583,0.38876033,-0.14884537,0.1824029,0.43948746,1.22691293890589
441,24420,0,735,85,10,62,226,0.8286037,0.92219156,0.38863334,-0.104644425,0.21386229,0.43744788,1.1726317499691472
442,24460,0,735,85,10,62,226,0.8286617,0.9221576,0.38875732,-0.06789666,0.23965713,0.436393,1.1277823059986523
443,24500,0,735,85,10,62,226,0.8286549,0.9221617,0.3887671,-0.046997227,0.25430757,0.43609557,1.102286616131519
444,24540,0,735,85,10,62,226,0.8286535,0.9221589,0.3887575,-0.019554285,0.27336183,0.4363302,1.0689514390294912
445,24580,0,735,85,10,62,226,0.82865226,0.9221598,0.3887581,-0.0010089146,0.28643394,0.43672544,1.046320180894005
446,24620,0,735,85,10,62,226,0.8286493,0.9221586,0.38876468,0.031929325,0.3086486,0.43596566,1.0066703411826396
447,24660,0,735,85,10,62,226,0.8286578,0.9221548,0.38875705,0.045915402,0.31771505,0.4350412,0.99003800454667
448,24701,0,735,85,10,62,226,0.82865644,0.9221535,0.38876128,0.0653136,0.33065432,0.4327616,0.9666951902874744
449,24740,0,735,85,10,62,226,0.82865757,0.9221546,0.3887561,0.07755351,0.33833745,0.42871836,0.9521537277538276
450,24780,0,735,85,10,62,226,0.828659,0.9221557,0.38876805,0.08451909,0.34333265,0.42538804,0.9434624152939447
451,24820,0,735,85,10,62,226,0.8286064,0.92219657,0.3886357,0.09320883,0.34764412,0.41976112,0.9337498961135418
452,24860,0,735,85,10,62,226,0.8286519,0.9221617,0.38875547,0.095931254,0.34883428,0.4171595,0.9308011100700256
453,24900,0,735,85,10,62,226,0.8286554,0.92215794,0.38876367,0.09978008,0.3512077,0.41044104,0.9261281654810477
454,24940,0,735,85,10,62,226,0.828661,0.92216045,0.3887529,0.10038444,0.35145614,0.40676716,0.9254268092410578
455,24980,0,735,85,10,62,226,0.82865345,0.9221533,0.3887603,0.10047295,0.3504595,0.4049085,0.9259273305299883
456,25020,0,735,85,10,62,226,0.82865566,0.92215854,0.38876927,0.10010633,0.35009992,0.40454373,0.9264362189591707
457,25061,0,753,86,10,63,226,0.82866156,0.922153,0.38875458,0.09761447,0.348385,0.40358892,0.9294405046208035
458,25100,0,754,87,10,64,236,0.8286515,0.9221581,0.38876772,0.096491374,0.34817007,0.40398824,0.9304581558384514
459,25140,0,755,88,10,65,237,0.8285973,0.92218065,0.3886341,0.09396974,0.34604993,0.407182,0.9337817162889751
460,25180,0,756,89,10,66,237,0.8286027,0.9221942,0.38863605,0.09256009,0.34601003,0.40990493,0.9349861992051093
461,25220,0,757,90,10,67,237,0.8285976,0.92221314,0.38859957,0.0922082,0.3456813,0.41295615,0.9355487892591479
462,25260,0,758,91,10,68,237,0.8286171,0.92222625,0.38864005,0.09217511,0.34659752,0.41541353,0.9351000271580515
463,25300,0,759,92,11,68,67,0.8285304,0.9221047,0.38854855,0.09301157,0.3470873,0.41812864,0.9340813542561757
464,25340,0,760,93,11,69,78,0.8286018,0.9221964,0.38863477,0.09436815,0.34885424,0.41991326,0.9320936455797729
465,25380,0,761,94,11,70,79,0.82856184,0.92200166,0.38869914,0.09482791,0.3492764,0.4203316,0.9313325878447785
466,25420,0,762,95,12,70,77,0.82862383,0.9222206,0.38864294,0.10007345,0.35320827,0.42236546,0.9250393700824605
467,25460,0,763,96,12,71,82,0.8285877,0.9220811,0.38868216,0.10255998,0.35460484,0.42282155,0.9221231364501159
468,25500,0,764,97,12,72,80,0.8286607,0.92215556,0.38875636,0.10411931,0.35637447,0.42278457,0.9199056842338282
469,25540,0,765,98,12,73,79,0.8286567,0.9221536,0.3887547,0.10984329,0.361154,0.42222643,0.9124327865879267
470,25580,0,766,99,13,73,75,0.8286493,0.9221604,0.3887545,0.11101065,0.3616089,0.42225066,0.9112327813819424
471,25620,0,767,100,13,74,76,0.8286509,0.9221579,0.38877428,0.11890719,0.36589673,0.4211831,0.9023374779821992
472,25660,0,768,101,13,75,76,0.8285231,0.9221746,0.38848928,0.11977268,0.36666277,0.42107168,0.9011005360869648
473,25700,0,769,102,13,76,76,0.8286607,0.9221524,0.38875622,0.1283094,0.3719516,0.41936588,0.8911508951480323
474,25740,0,770,103,13,77,76,0.828655,0.9221629,0.38876146,0.13291241,0.37485287,0.41827995,0.8857072578533958
475,25780,0,771,104,14,77,71,0.82864916,0.92215365,0.38876244,0.13615802,0.3772422,0.41795856,0.8816603205058017
476,25820,0,772,105,14,78,72,0.8286543,0.9221631,0.38876286,0.14192066,0.38027102,0.4174321,0.8752554070947323
477,25860,0,773,106,14,79,73,0.82865626,0.9221579,0.38876292,0.14593866,0.3833129,0.41676357,0.8701960573841353
478,25900,0,774,107,15,79,67,0.8286572,0.92216015,0.38875955,0.14825553,0.38410833,0.41677734,0.8678889519895141
479,25940,0,775,108,15,80,70,0.8286503,0.92216265,0.38877407,0.14940043,0.38435623,0.41687113,0.8668365261582871
480,25980,0,776,109,15,81,69,0.8285729,0.92210585,0.38861877,0.15303677,0.38718337,0.4160786,0.8621166975289779
481,26020,0,776,109,15,81,69,0.8286029,0.9222008,0.38863423,0.15407418,0.38728136,0.4169006,0.8613517209465827
482,26060,0,778,110,15,82,68,0.828648,0.9221569,0.3887712,0.1572808,0.38775983,0.4182375,0.8585932085723833
483,26100,0,778,110,15,82,68,0.828663,0.92217016,0.38876617,0.15685941,0.38660687,0.42013845,0.8597280535321077
484,26141,0,778,110,15,82,68,0.8286533,0.9221533,0.388762,0.15628044,0.3854393,0.42036223,0.8608981669341947
485,26180,0,778,110,15,82,68,0.82866037,0.92215973,0.38875934,0.14301884,0.37491953,0.42111653,0.8778514254772355
486,26220,0,778,110,15,82,68,0.828659,0.92215586,0.38875955,0.1383776,0.37054545,0.41999012,0.8841593702767744
487,26260,0,778,110,15,82,68,0.82864994,0.9221677,0.38876748,0.118008554,0.3546918,0.41684353,0.9098507326029962
488,26300,0,778,110,15,82,68,0.82865655,0.9221605,0.38876092,0.10978448,0.3482946,0.4156942,0.9202306860078362
489,26340,0,778,110,15,82,68,0.8286611,0.9221571,0.3887609,0.105409324,0.3446489,0.41478604,0.9258974838059422
490,26380,0,778,110,15,82,68,0.82865506,0.9221593,0.3887681,0.05723865,0.30824456,0.40879956,0.9860911998295654
491,26420,0,778,110,15,82,68,0.8286543,0.92216325,0.38876218,0.02523102,0.28409728,0.40631923,1.0261215143406417
492,26460,0,778,110,15,82,68,0.8286226,0.9222378,0.38864908,-0.009749144,0.25707406,0.40604284,1.0703329211368664
493,26500,0,778,110,15,82,68,0.82865375,0.9221613,0.3887598,-0.039019093,0.23499194,0.4070386,1.1069742423297997
494,26540,0,778,110,15,82,68,0.828612,0.9221909,0.38863578,-0.04663737,0.22909907,0.40756217,1.1166002125673131
495,26580,0,778,110,15,82,68,0.8286564,0.9221568,0.3887704,-0.084602125,0.19989753,0.41094878,1.1645563221793378
496,26620,0,778,110,15,82,68,0.82866305,0.9221584,0.38876724,-0.09250625,0.19399437,0.41180488,1.1744388021426657
497,26660,0,778,110,15,82,68,0.8286548,0.92216045,0.38876316,-0.14693312,0.15298456,0.42096406,1.2427551323802895
498,26700,0,778,110,15,82,68,0.82865626,0.9221734,0.3887681,-0.2012564,0.11171126,0.43136927,1.3112527954392235
499,26740,0,778,110,15,82,68,0.82857406,0.9220822,0.38866228,-0.21672508,0.09989737,0.434509,1.3306915982603094
500,26780,0,778,110,15,82,68,0.8286529,0.92216665,0.38876578,-0.24712637,0.07653468,0.44019645,1.369320876797588
501,26820,0,778,110,15,82,68,0.8286603,0.92215806,0.38876212,-0.26269975,0.06499306,0.44253373,1.3887728534719093
502,26860,0,778,110,15,82,68,0.8286588,0.92215794,0.38876516,-0.30759415,0.030977517,0.45009074,1.445349163190824
503,26900,0,778,110,15,82,68,0.828657,0.92215115,0.38876924,-0.33719948,0.008794955,0.45362306,1.4824462457592193
504,26940,0,778,110,15,82,68,0.8286575,0.9221593,0.38875875,-0.36651617,-0.013411917,0.45666984,1.5193241114548548
505,26980,0,778,110,15,82,68,0.82861894,0.9222033,0.38865542,-0.4026786,-0.04110612,0.45949712,1.5649527394535299
506,27020,0,778,110,15,82,68,0.82857347,0.9221026,0.38863587,-0.43225563,-0.06266247,0.46387437,1.6015970271547537
507,27060,0,778,110,15,82,68,0.828614,0.9222168,0.38863832,-0.43867645,-0.06801479,0.46159112,1.6099396958509704
508,27100,0,778,110,15,82,68,0.82856864,0.92210835,0.38863572,-0.4889138,-0.105789,0.46465665,1.6727558764827863
509,27140,0,778,110,15,82,68,0.82865214,0.92216474,0.3887626,-0.50352925,-0.11666636,0.46516407,1.6910690983945822
510,27180,0,778,110,15,82,68,0.8286303,0.92224264,0.38864332,-0.53922254,-0.14333451,0.46677044,1.735678580675578
511,27220,0,778,110,15,82,68,0.8286595,0.9221593,0.3887602,-0.54657936,-0.14870767,0.4671745,1.7447598198200787
512,27260,0,778,110,15,82,68,0.82865524,0.9221569,0.38875926,-0.56108207,-0.15974021,0.4679795,1.7629937490803036
513,27300,0,778,110,15,82,68,0.82865936,0.9221567,0.3887651,-0.582646,-0.17558204,0.4684263,1.7897372049034233
514,27340,0,778,110,15,82,68,0.8286544,0.92215174,0.38876447,-0.5902074,-0.1806994,0.4691418,1.7988635790442804
515,27380,0,778,110,15,82,68,0.8286084,0.9222005,0.38862988,-0.5973874,-0.1859902,0.46878475,1.8077542503796722
516,27420,0,778,110,15,82,68,0.82866067,0.9221621,0.38875967,-0.6047515,-0.19205837,0.46956724,1.8173298280885466
517,27461,0,778,110,15,82,68,0.8286582,0.9221571,0.38876125,-0.6120738,-0.19726433,0.46957254,1.826292315537446
518,27501,0,778,110,15,82,68,0.8286614,0.92216253,0.38876498,-0.61949426,-0.2025131,0.46983984,1.8353809337113869
519,27541,0,778,110,15,82,68,0.82865876,0.9221629,0.38876525,-0.6266333,-0.20815708,0.47037187,1.8444938610446282
520,27580,0,816,111,15,83,68,0.82865506,0.9221545,0.38875583,-0.7087437,-0.26851195,0.4736129,1.9464024262237114
521,27620,0,816,111,15,83,68,0.8286615,0.9221616,0.3887621,-0.71615684,-0.2737203,0.47365117,1.955454789423882
522,27660,0,818,112,15,84,79,0.8286188,0.92220837,0.38865113,-0.73150235,-0.28481838,0.47438797,1.974396718191745
523,27700,0,819,113,15,85,80,0.8286532,0.92215925,0.38875934,-0.7393188,-0.2902678,0.4755069,1.9839456739899304
524,27740,0,820,114,15,86,80,0.8286534,0.9221605,0.38876006,-0.75372434,-0.30136707,0.47475737,2.0020824914738546
525,27780,0,821,115,15,87,80,0.8286492,0.92215514,0.38876313,-0.76111954,-0.306521,0.47536784,2.0110967210733754
526,27820,0,822,116,15,88,81,0.82857275,0.922014,0.38870588,-0.76868236,-0.3121991,0.4748088,2.020376107076007
527,27860,0,823,117,15,89,81,0.8286501,0.92216283,0.38875702,-0.77567136,-0.31729162,0.47511166,2.029175204830721
528,27900,0,823,117,15,89,81,0.828617,0.9222212,0.38863698,-0.80459815,-0.3379674,0.4823165,2.065004349043244
529,27940,0,823,117,15,89,81,0.82856715,0.9221281,0.38861552,-0.80559707,-0.34021553,0.47834948,2.066895338504809
530,27980,0,823,117,15,89,81,0.82865065,0.9221551,0.38876757,-0.81682545,-0.3465318,0.47829667,2.0797051451085324
531,28020,0,823,117,15,89,81,0.8286537,0.9221677,0.38876387,-0.8295978,-0.35626826,0.47942272,2.095809058439281
532,28060,0,823,117,15,89,81,0.82865053,0.9221623,0.38875735,-0.8357989,-0.36071703,0.479641,2.103433206089903
533,28100,0,823,117,15,89,81,0.8285731,0.92209154,0.38864547,-0.9385627,-0.42720082,0.46988487,2.2248503223715703
534,28140,0,823,117,15,89,81,0.8286555,0.9221642,0.388766,-0.9394416,-0.42761388,0.46923855,2.225880546818337
535,28180,0,823,117,15,89,81,0.82864994,0.922155,0.38876593,-0.9411489,-0.42809224,0.46764183,2.2274597003470267
536,28220,0,823,117,15,89,81,0.82865274,0.9221576,0.38876083,-0.94197935,-0.42803368,0.46697962,2.2280647055122578
537,28260,0,823,117,15,89,81,0.8286594,0.9221565,0.3887666,-0.97712034,-0.4608483,0.46698785,2.2758868839756796
538,28300,0,823,117,15,89,81,0.8286497,0.9221603,0.38876465,-0.9780884,-0.46175605,0.46707198,2.277204268265079
539,28340,0,823,117,15,89,81,0.8286581,0.92215276,0.3887561,-0.92394453,-0.42124608,0.4600623,2.209393746895196
540,28380,0,823,117,15,89,81,0.82865435,0.9221633,0.38876048,-0.9189266,-0.41751638,0.45905033,2.2031163789703854
541,28420,0,823,117,15,89,81,0.82865316,0.92216706,0.38875565,-0.8713986,-0.37985048,0.4519412,2.1422927517618837
542,28460,0,823,117,15,89,81,0.82865655,0.9221569,0.38876063,-0.8647326,-0.3750901,0.45113504,2.134082256710411
543,28500,0,823,117,15,89,81,0.82857734,0.92201364,0.38869753,-0.84439015,-0.35932192,0.4490706,2.108147490648707
544,28540,0,823,117,15,89,81,0.8286487,0.92215353,0.38876033,0.13381724,0.32420358,0.42421523,0.9173832066557089
545,28580,0,823,117,15,89,81,0.82866,0.92216605,0.3887623,0.13503236,0.3247501,0.42363793,0.9161012064607755
546,28620,0,823,117,15,89,81,0.82865494,0.9221557,0.38875154,0.13756262,0.32550964,0.4233782,0.913670686495639
547,28660,0,823,117,15,89,81,0.8286546,0.9221627,0.3887573,0.13866095,0.32646832,0.42338705,0.9122183188353282
548,28700,0,823,117,15,89,81,0.82862073,0.9222306,0.3886411,0.15057078,0.3315083,0.42189845,0.8998947779095962
549,28740,0,823,117,15,89,81,0.8286526,0.9221626,0.38876098,0.15172237,0.33240935,0.421453,0.8983942615373534
550,28780,0,823,117,15,89,81,0.8285776,0.92208123,0.38866162,0.15398367,0.33341736,0.42177922,0.895934650622094
551,28820,0,823,117,15,89,81,0.8286623,0.922157,0.38875526,0.15495378,0.33371985,0.42155612,0.8951074262973545
552,28860,0,823,117,15,89,81,0.8285924,0.92214984,0.3886403,0.088254526,0.26971337,0.4187467,0.9872588278916908
553,28900,0,823,117,15,89,81,0.8286537,0.9221555,0.38875917,0.06689693,0.25174993,0.41298002,1.0150387490589412
554,28940,0,823,117,15,89,81,0.828659,0.9221584,0.38876057,0.060895067,0.24639957,0.41228014,1.0230662754997322
555,28980,0,823,117,15,89,81,0.8286526,0.9221563,0.38876632,-0.026543008,0.17362228,0.4086483,1.136687280844793
556,29020,0,823,117,15,89,81,0.828659,0.9221577,0.38876215,-0.041181386,0.16165671,0.40960637,1.1556031267715108
557,29060,0,823,117,15,89,81,0.8285997,0.9222073,0.3886019,-0.048305515,0.15586498,0.4102418,1.1647795990206637
558,29100,0,823,117,15,89,81,0.82865584,0.92215997,0.38876304,-0.078283176,0.13135459,0.41267455,1.2035295357598192
559,29140,0,855,118,15,90,81,0.82865447,0.9221623,0.38876554,-0.085988835,0.12525135,0.41366568,1.2133669722690754
560,29180,0,856,119,15,91,88,0.8286078,0.9221941,0.38863137,-0.14705873,0.07651657,0.4226072,1.2916075441509471
561,29220,0,857,120,15,92,88,0.82865244,0.92215985,0.3887613,-0.15482426,0.070753835,0.42445073,1.3013041119382367
562,29260,0,858,121,15,93,88,0.8285304,0.9221085,0.38853192,-0.1703942,0.058569986,0.4263499,1.320976612446443
563,29300,0,859,122,16,93,213,0.82866126,0.9221622,0.3887713,-0.17793024,0.052696757,0.4275943,1.3306779820706607
564,29340,0,860,123,16,94,223,0.8286555,0.92217106,0.38875765,-0.22406068,0.018468287,0.43570143,1.38819801339295
565,29380,0,861,124,16,95,223,0.82866126,0.9221666,0.38876545,-0.23151541,0.012312466,0.4372887,1.3979139675907108
566,29420,0,862,125,16,96,223,0.8286578,0.922157,0.3887614,-0.23915316,0.0067803427,0.43892306,1.4073560265875864
567,29460,0,862,125,16,96,223,0.82862777,0.92222786,0.38864484,-0.24669202,0.0012394274,0.44001043,1.416746530643533
568,29500,0,862,125,16,96,223,0.8285662,0.92202777,0.38866916,-0.25412723,-0.0045781173,0.44088638,1.426026022919724
569,29540,0,862,125,16,96,223,0.82866013,0.9221534,0.3887612,-0.26182953,-0.009874556,0.44206247,1.4355085630926256
570,29580,0,862,125,16,96,223,0.82861924,0.9221992,0.38863105,-0.27715856,-0.021309854,0.44437477,1.454668720687729
571,29620,0,862,125,16,96,223,0.82865995,0.92216015,0.38876364,-0.28459507,-0.02682465,0.44545427,1.4639408219790122
572,29660,0,862,125,16,96,223,0.8286626,0.92216104,0.3887567,-0.5001074,-0.17901094,0.46316272,1.727352156217261
573,29700,0,862,125,16,96,223,0.82866293,0.9221609,0.38876066,-0.50814945,-0.18415996,0.46403587,1.7368590989791828
574,29740,0,862,125,16,96,223,0.82866037,0.92215884,0.3887559,-0.5158784,-0.18926471,0.4647158,1.7460860157541447
575,29780,0,862,125,16,96,223,0.828656,0.92216146,0.3887677,-0.5229577,-0.19469818,0.46453688,1.7549861133859463
576,29820,0,862,125,16,96,223,0.82866466,0.9221627,0.38876212,-0.55354685,-0.21553808,0.46576998,1.7918710320673825
577,29860,0,862,125,16,96,223,0.8286616,0.9221637,0.3887554,-0.560932,-0.22055404,0.46652737,1.8007838959992988
578,29900,0,862,125,16,96,223,0.8286601,0.9221626,0.388765,-0.5683552,-0.22580211,0.46671912,1.8098485223964447
579,29940,0,862,125,16,96,223,0.82866365,0.9221566,0.3887634,-0.57627165,-0.23062563,0.466814,1.8190222837048344
580,29980,0,862,125,16,96,223,0.828657,0.9221662,0.38876548,-0.6070918,-0.25153822,0.4679312,1.8561314228190702
581,30020,0,862,125,16,96,223,0.8286553,0.9221639,0.38875508,-0.61488736,-0.25670877,0.4678617,1.8654260353647973
582,30060,0,862,125,16,96,223,0.8286557,0.9221601,0.38875878,-0.6221367,-0.26218814,0.4679971,1.8745020970730422
583,30100,0,862,125,16,96,223,0.828657,0.9221669,0.38876027,-0.6458421,-0.27744424,0.46837687,1.90251230407755
584,30140,0,862,125,16,96,223,0.8286591,0.9221602,0.3887643,-0.6535867,-0.28313696,0.46873894,1.9121166234545681
585,30180,0,862,125,16,96,223,0.8284897,0.9219582,0.3885579,-0.66140044,-0.2881933,0.4687681,1.9211123527088074
586,30220,0,862,125,16,96,223,0.8286111,0.92219025,0.38863772,-0.6695227,-0.29349026,0.46887895,1.930990031939818
587,30260,0,862,125,16,96,223,0.8286593,0.9221591,0.3887668,-0.6852053,-0.30400643,0.4692257,1.9498054587658773
588,30300,0,884,126,16,97,223,0.8285442,0.9221511,0.38854688,-0.693264,-0.30919307,0.4692216,1.9592388934607898
589,30340,0,885,127,16,98,227,0.8286619,0.9221635,0.38875905,-0.7562414,-0.35090983,0.46981594,2.034503420403982
590,30381,0,886,128,16,99,227,0.82861966,0.92221606,0.38863742,-0.7641207,-0.35594782,0.4701587,2.0438127001261286
591,30420,0,887,129,16,100,227,0.82866013,0.92215717,0.3887599,-0.7792415,-0.3660973,0.47013482,2.0619333163062517
592,30460,0,887,129,16,100,227,0.82866037,0.9221618,0.38876492,-0.78678405,-0.3709819,0.47036067,2.0708788719316025
593,30500,0,887,129,16,100,227,0.8286555,0.9221525,0.388765,-0.808521,-0.3852749,0.4718735,2.096811956263272
594,30540,0,887,129,16,100,227,0.82858,0.9220753,0.38865924,-0.81559503,-0.38953993,0.47229207,2.104908682457931
595,30580,0,887,129,16,100,227,0.82865554,0.92215765,0.38876277,-0.864953,-0.42135817,0.47644722,2.163569571633024
596,30620,0,887,129,16,100,227,0.8286527,0.9221723,0.38876814,-0.87035966,-0.42456794,0.4765332,2.169805226919005
597,30660,0,887,129,16,100,227,0.8286564,0.922155,0.38876235,-0.87529486,-0.42769685,0.4771647,2.1756297495245382
598,30700,0,887,129,16,100,227,0.8286571,0.922167,0.38876686,-0.88027143,-0.43063033,0.4777381,2.1813787490150807
599,30740,0,887,129,16,100,227,0.82865894,0.9221614,0.38875866,-0.8895242,-0.4361923,0.47794127,2.1920838889745355
600,30780,0,887,129,16,100,227,0.8286568,0.9221608,0.3887629,-0.89412796,-0.43890458,0.47759965,2.1973571126562272
601,30820,0,887,129,16,100,227,0.8286597,0.9221656,0.3887631,-0.9190116,-0.4529566,0.4768184,2.2255493651722076
602,30860,0,887,129,16,100,227,0.8286231,0.9222287,0.3886389,-0.92192644,-0.45442754,0.47615013,2.228736078477706
603,30900,0,887,129,16,100,227,0.8286607,0.922162,0.38876188,-0.92470205,-0.45564407,0.4758329,2.2316388471863764
604,30940,0,887,129,16,100,227,0.8286593,0.9221624,0.3887587,-0.9317368,-0.45938075,0.4739523,2.2394003575414585
605,30980,0,887,129,16,100,227,0.82865775,0.9221639,0.38877156,-0.9417309,-0.46362323,0.46967012,2.249716948927829
606,31020,0,887,129,16,100,227,0.8285812,0.92207575,0.38866922,-0.94256383,-0.46376938,0.4691078,2.2503315811181874
607,31060,0,887,129,16,100,227,0.8286132,0.92220086,0.38862863,-0.9441754,-0.4641211,0.4684503,2.251896938790016
608,31101,0,887,129,16,100,227,0.8286176,0.92222214,0.38863876,-0.9449289,-0.46434045,0.4678527,2.252620183253751
609,31141,0,905,130,16,101,227,0.82862204,0.92220646,0.38864127,-0.94925594,-0.4593891,0.46228492,2.2527938583794826
610,31181,0,906,131,16,102,230,0.82858545,0.9220869,0.38866395,-0.9491752,-0.4591036,0.46252188,2.252459796996517
611,31220,0,907,132,16,103,230,0.8286568,0.92216593,0.38876387,-0.9489592,-0.4577472,0.46605533,2.25167778311796
612,31260,0,908,133,16,104,230,0.82866234,0.9221634,0.38875598,-0.9488167,-0.45779324,0.4662942,2.2516048750664837
613,31300,0,909,134,16,105,230,0.8286126,0.9222331,0.3886081,-0.95225155,-0.46000654,0.46840838,2.255755256699093
614,31340,0,910,135,16,106,230,0.82865876,0.9221662,0.38876247,-0.9526404,-0.46048677,0.46852207,2.2563504693601435
615,31381,0,911,136,17,106,77,0.8286577,0.9221532,0.38876244,-0.9901387,-0.49103728,0.46649864,2.3045977071611725
616,31421,0,912,137,17,107,86,0.8286579,0.92215997,0.3887603,-0.99113494,-0.49169284,0.46629983,2.305783647207435
617,31460,0,913,138,17,108,87,0.82862717,0.92222434,0.38864383,-1.0145048,-0.5110997,0.47114152,2.3363132237419437
618,31500,0,914,139,17,109,87,0.8286277,0.9222322,0.38864806,-1.0705972,-0.56115705,0.47367987,2.4113749677182583
619,31540,0,915,140,18,109,80,0.8286626,0.92215925,0.38876936,-1.0714223,-0.5620381,0.47380194,2.4125495434607855
620,31580,0,916,141,18,110,80,0.8286222,0.92223525,0.38864052,-1.1089556,-0.59899116,0.47692502,2.4649811014465044
621,31620,0,917,142,18,111,80,0.82865775,0.9221636,0.38876808,-1.1165644,-0.6064121,0.47716534,2.475529598386696
622,31660,0,918,143,19,111,74,0.82862204,0.9222318,0.38863933,-1.1172513,-0.60790795,0.4774633,2.4770223856327593
623,31700,0,919,144,19,112,75,0.8285664,0.9220096,0.38867936,-1.13722,-0.62811613,0.4783238,2.505043365080778
624,31740,0,920,145,19,113,75,0.82866275,0.92216045,0.38876495,-1.1428267,-0.63421583,0.47896412,2.513406731048395
625,31780,0,921,146,19,114,75,0.82865757,0.92216,0.3887584,-1.1440967,-0.6355491,0.47918007,2.5152322708122377
626,31820,0,922,147,20,114,70,0.8285698,0.92210174,0.3886211,-1.1451286,-0.6363843,0.47888374,2.5164481311658364
627,31860,0,923,148,20,115,72,0.82865596,0.9221594,0.38875452,-1.1463819,-0.6380463,0.47939283,2.518577274339356
628,31900,0,924,149,20,116,70,0.82865095,0.92216045,0.38876578,-1.1486461,-0.640403,0.4795109,2.521813397180956
629,31940,0,925,150,20,117,71,0.8286625,0.92215544,0.38876605,-1.1500587,-0.6411901,0.47898263,2.5233957622559893
630,31980,0,926,151,20,118,72,0.8285774,0.92210484,0.38863984,-1.1510966,-0.64270437,0.47954264,2.5250743030573273
631,32020,0,927,152,21,118,80,0.82866186,0.9221595,0.3887595,-1.1523681,-0.6439587,0.47989115,2.5269568916924627
632,32060,0,928,153,21,119,76,0.8286566,0.9221656,0.3887589,-1.1533368,-0.6452904,0.47994238,2.5285432061060384
633,32100,0,928,153,21,119,76,0.82866085,0.9221643,0.38875994,-1.1548473,-0.6461377,0.47981796,2.530250434026464
634,32140,0,928,153,21,119,76,0.8286629,0.9221554,0.388766,-1.1556457,-0.64760405,0.4801928,2.5317946127790774
635,32180,0,928,153,21,119,76,0.8286624,0.9221584,0.38875756,-1.1567488,-0.64872324,0.48005593,2.533349938848724
636,32220,0,928,153,21,119,76,0.82854754,0.92213833,0.38853487,-1.1583874,-0.6497379,0.47992527,2.535164208974182
637,32261,0,928,153,21,119,76,0.8286288,0.92224115,0.38864073,-1.160614,-0.65239096,0.47929555,2.5386554800497922
638,32300,0,928,153,21,119,76,0.8286553,0.92215997,0.38875747,-1.1618363,-0.6538748,0.47834563,2.5404662179311077
639,32340,0,928,153,21,119,76,0.828659,0.9221606,0.38876423,-1.1632363,-0.65542716,0.47699785,2.542482066204601
640,32380,0,928,153,21,119,76,0.8286591,0.92215353,0.3887568,-1.164683,-0.6562377,0.47490114,2.5440426402672642
641,32420,0,928,153,21,119,76,0.8286281,0.9222282,0.3886443,-1.165431,-0.657123,0.47200197,2.5451071310946007
642,32460,0,928,153,21,119,76,0.828664,0.92215884,0.38876203,-1.1667649,-0.65847796,0.4692804,2.546886689326748
643,32500,0,928,153,21,119,76,0.82861835,0.92221606,0.38863644,-1.168064,-0.6597581,0.46554577,2.548587428598306
644,32540,0,928,153,21,119,76,0.82866013,0.9221571,0.38875365,-1.1710002,-0.6623823,0.4571216,2.5522697617526133
645,32580,0,928,153,21,119,76,0.8285723,0.9221098,0.3886322,-1.1724076,-0.663724,0.45143306,2.5539642346490967
646,32620,0,928,153,21,119,76,0.82858354,0.9220689,0.38866946,-1.1750693,-0.6658678,0.43800604,2.557068919206021
647,32660,0,928,153,21,119,76,0.82865787,0.9221589,0.38875723,-1.1767365,-0.66751534,0.43070883,2.5593809882902288
648,32700,0,928,153,21,119,76,0.82862264,0.9222073,0.38863894,-1.1800725,-0.66971236,0.41318116,2.563136093426488
649,32740,0,928,153,21,119,76,0.82865703,0.9221592,0.38876423,-1.1811031,-0.6715064,0.40305787,2.564977617461474
650,32780,0,928,153,21,119,76,0.82865494,0.9221584,0.38876003,-1.1822361,-0.6718484,0.39253855,2.5660386469237104
651,32820,0,928,153,21,119,76,0.8286615,0.92215925,0.3887624,-1.1844617,-0.6734656,0.3805648,2.5688034984412815
652,32860,0,928,153,21,119,76,0.82865953,0.9221613,0.38876575,-1.1861486,-0.67495,0.36798432,2.571118069457439
653,32900,0,928,153,21,119,76,0.82858366,0.92209965,0.3886442,-1.1896768,-0.6774271,0.3406792,2.5756866786738084
654,32940,0,928,153,21,119,76,0.8286598,0.92215705,0.38875496,-1.1910882,-0.6787117,0.3260723,2.5780014718525313
655,32980,0,928,153,21,119,76,0.8286252,0.922233,0.3886433,-1.1929975,-0.6801069,0.31000495,2.580820644443749
656,33020,0,928,153,21,119,76,0.8286571,0.9221621,0.38876277,-1.1948591,-0.6813134,0.29331607,2.5835753719551646
657,33060,0,928,153,21,119,76,0.8286537,0.92216355,0.3887634,-1.1969589,-0.6829423,0.2763036,2.5869129209102484
658,33100,0,928,153,21,119,76,0.82866246,0.9221606,0.38876095,-1.1981076,-0.68354255,0.25760558,2.58906958677662
659,33140,0,928,153,21,119,76,0.8286626,0.9221691,0.38874885,-1.200102,-0.6848642,0.23862714,2.592484859486828
660,33180,0,928,153,21,119,76,0.8286527,0.9221683,0.3887617,-1.2024252,-0.68639416,0.21811448,2.5965113079199744
661,33220,0,928,153,21,119,76,0.82865906,0.92216927,0.38876212,-1.2037591,-0.6873892,0.19693682,2.5996536960086365
662,33260,0,928,153,21,119,76,0.82866174,0.92215836,0.38876203,-1.2076498,-0.689875,0.15317498,2.6078186042764226
663,33300,0,928,153,21,119,76,0.82857126,0.92203295,0.38867065,-1.2093592,-0.69127923,0.13143075,2.6119168142473312
664,33340,0,928,153,21,119,76,0.82860947,0.92221695,0.3886322,-1.2121418,-0.6928805,0.106493495,2.6177868121688754
665,33380,0,928,153,21,119,76,0.8286221,0.92220503,0.38865468,-1.2155429,-0.6939253,0.082023814,2.6238351490923764
666,33420,0,928,153,21,119,76,0.82865775,0.92216456,0.38876596,-1.2202052,-0.70207626,0.07135457,2.6337706308549538
667,33460,0,928,153,21,119,76,0.82859933,0.9221663,0.38863623,-1.2205948,-0.6968918,0.09375625,2.628212297949969
668,33500,0,928,153,21,119,76,0.82865477,0.92216146,0.38875404,-1.2229501,-0.6975442,0.10070949,2.6297334806994135
