recvSeq1,recvNum1,compute1num1,compute2num1,recvSeq2,recvNum2,compute1num2,compute2num2,timestamp
1040,200,85,110,1633,185,76,102,15201.0
1041,201,85,111,1634,186,77,102,15251.0
1042,202,86,111,1635,187,77,103,15301.0
1042,202,86,111,1636,188,78,103,15351.0
1042,202,86,111,1637,189,78,104,15401.0
1042,202,86,111,1638,190,79,104,15451.0
1046,203,86,111,1639,191,79,105,15501.0
1046,203,86,111,1640,192,80,105,15552.0
1048,204,87,111,1641,193,80,106,15601.0
1049,205,87,112,1642,194,81,106,15651.0
1050,206,88,112,1643,195,81,107,15701.0
1051,207,88,113,1644,196,82,107,15751.0
1052,208,89,113,1645,197,82,108,15801.0
1053,209,89,114,1646,198,83,108,15851.0
1053,209,89,114,1647,199,83,109,15901.0
1054,210,90,114,1648,200,84,109,15951.0
1056,211,91,114,1648,200,84,109,16001.0
1056,211,91,114,1650,201,84,109,16051.0
1056,211,91,114,1651,202,84,110,16101.0
1058,212,92,114,1652,203,85,110,16151.0
1059,213,92,115,1653,204,85,111,16201.0
1061,215,93,116,1653,204,85,111,16251.0
1061,215,93,116,1653,204,85,111,16301.0
1061,215,93,116,1656,205,86,111,16351.0
1061,215,93,116,1657,206,86,112,16401.0
1064,216,94,116,1658,207,87,112,16451.0
1064,216,94,116,1659,208,87,113,16501.0
1066,217,95,116,1660,209,88,113,16551.0
1068,219,96,116,1661,210,88,114,16601.0
1068,219,96,116,1662,211,89,114,16651.0
1068,219,96,116,1663,212,89,115,16701.0
1071,221,97,117,1664,213,90,115,16751.0
1071,221,97,117,1665,214,90,116,16801.0
1072,222,98,117,1666,215,91,116,16851.0
1074,224,98,118,1667,216,91,117,16901.0
1074,224,98,118,1668,217,92,117,16951.0
1074,224,98,118,1669,218,92,118,17001.0
1077,226,99,119,1670,219,93,118,17051.0
1078,227,100,119,1670,219,93,118,17101.0
1079,228,100,120,1670,219,93,118,17151.0
1080,229,101,120,1670,219,93,118,17201.0
1081,230,101,121,1674,220,93,118,17251.0
1082,231,102,121,1675,221,93,119,17301.0
1083,232,102,122,1676,222,94,119,17351.0
1084,233,103,122,1677,223,94,120,17401.0
1085,234,103,123,1678,224,95,120,17451.0
1086,235,103,123,1679,225,95,121,17501.0
1087,236,103,124,1680,226,95,121,17551.0
1088,237,104,124,1681,227,95,122,17601.0
1089,238,104,125,1682,228,96,122,17651.0
1090,239,105,125,1683,229,96,123,17701.0
1090,239,105,125,1684,230,97,123,17751.0
1090,239,105,125,1685,231,97,124,17801.0
1092,240,106,125,1686,232,98,124,17851.0
1093,241,106,126,1686,232,98,124,17901.0
1094,242,107,126,1688,233,99,124,17951.0
1095,243,107,127,1689,234,99,125,18001.0
1096,244,108,127,1690,235,100,125,18051.0
1098,245,109,127,1691,236,100,126,18101.0
1098,245,109,127,1692,237,101,126,18151.0
1100,247,110,128,1693,238,101,127,18201.0
1100,247,110,128,1694,239,102,127,18251.0
1101,248,110,129,1695,240,102,128,18301.0
1102,249,111,129,1696,241,103,128,18351.0
1103,250,111,130,1697,242,103,129,18401.0
1104,251,112,130,1698,243,104,129,18451.0
1104,251,112,130,1699,244,104,130,18501.0
1104,251,112,130,1700,245,105,130,18551.0
1107,252,112,131,1701,246,105,131,18601.0
1107,252,112,131,1702,247,106,131,18651.0
1110,253,113,131,1703,248,106,132,18701.0
1110,253,113,131,1704,249,106,133,18751.0
1111,254,113,132,1705,250,106,134,18801.0
1113,256,113,134,1706,251,107,134,18851.0
1114,257,114,134,1707,252,107,135,18901.0
1114,257,114,134,1707,252,107,135,18951.0
1115,258,114,135,1709,253,107,136,19001.0
1117,260,115,136,1710,254,108,136,19051.0
1118,261,115,137,1710,254,108,136,19101.0
1118,261,115,137,1710,254,108,136,19151.0
1118,261,115,137,1713,255,108,137,19201.0
1121,263,116,138,1714,256,109,137,19251.0
1122,264,117,138,1715,257,109,138,19301.0
1123,265,117,139,1716,258,110,138,19351.0
1123,265,117,139,1716,258,110,138,19401.0
1125,266,117,140,1718,259,111,138,19451.0
1126,267,118,140,1719,260,111,139,19501.0
1126,267,118,140,1720,261,111,140,19551.0
1128,268,119,140,1721,262,111,141,19601.0
1129,269,119,141,1722,263,112,141,19651.0
1130,270,120,141,1723,264,112,142,19701.0
1131,271,120,142,1724,265,112,143,19751.0
1132,272,121,142,1725,266,112,144,19801.0
1133,273,121,143,1726,267,113,144,19851.0
1134,274,122,143,1727,268,113,145,19901.0
1135,275,122,144,1728,269,114,145,19951.0
1136,276,123,144,1729,270,114,146,20001.0
1137,277,123,145,1730,271,115,146,20051.0
1138,278,124,145,1731,272,115,147,20101.0
1139,279,124,146,1731,272,115,147,20151.0
1140,280,125,146,1733,273,115,148,20201.0
1141,281,125,147,1734,274,116,148,20251.0
1141,281,125,147,1735,275,116,149,20301.0
1141,281,125,147,1735,275,116,149,20351.0
1144,282,126,147,1735,275,116,149,20401.0
1145,283,126,148,1738,276,117,149,20451.0
1146,284,127,148,1739,277,117,150,20501.0
1147,285,127,149,1740,278,118,150,20551.0
1148,286,128,149,1741,279,118,151,20602.0
1149,287,128,150,1742,280,119,151,20651.0
1150,288,129,150,1743,281,119,152,20701.0
1150,288,129,150,1744,282,120,152,20751.0
1152,289,130,150,1744,282,120,152,20801.0
1153,290,130,151,1744,282,120,152,20851.0
1154,291,131,151,1744,282,120,152,20901.0
1155,292,131,152,1744,282,120,152,20951.0
1155,292,131,152,1744,282,120,152,21001.0
1157,293,131,153,1744,282,120,152,21051.0
1157,293,131,153,1751,283,120,152,21101.0
1157,293,131,153,1751,283,120,152,21151.0
1160,294,132,153,1751,283,120,152,21201.0
1161,295,132,154,1754,284,120,152,21251.0
1162,296,133,154,1754,284,120,152,21301.0
1163,297,133,155,1754,284,120,152,21351.0
1164,298,134,155,1757,285,120,153,21401.0
1164,298,134,155,1758,286,121,153,21451.0
1166,299,135,155,1758,286,121,153,21501.0
1166,299,135,155,1760,287,122,153,21551.0
1166,299,135,155,1760,287,122,153,21601.0
1166,299,135,155,1760,287,122,153,21651.0
1166,299,135,155,1760,287,122,153,21701.0
1171,300,135,155,1764,288,122,153,21751.0
1171,300,135,155,1764,288,122,153,21801.0
1173,301,135,156,1764,288,122,153,21851.0
1173,301,135,156,1767,289,122,154,21901.0
1173,301,135,156,1768,290,123,154,21951.0
1173,301,135,156,1769,291,123,155,22001.0
1173,301,135,156,1769,291,123,155,22051.0
1178,302,136,156,1769,291,123,155,22101.0
1179,303,136,157,1772,292,124,155,22151.0
1179,303,136,157,1773,293,124,156,22201.0
1181,304,136,158,1774,294,125,156,22251.0
1182,305,137,158,1774,294,125,156,22301.0
1182,305,137,158,1774,294,125,156,22351.0
1182,305,137,158,1774,294,125,156,22401.0
1185,306,137,158,1774,294,125,156,22451.0
1185,306,137,158,1774,294,125,156,22501.0
1185,306,137,158,1774,294,125,156,22551.0
1185,306,137,158,1774,294,125,156,22601.0
1185,306,137,158,1782,295,125,156,22651.0
1190,307,137,158,1782,295,125,156,22701.0
1191,308,137,159,1782,295,125,156,22752.0
1192,309,138,159,1785,296,125,157,22801.0
1193,310,138,160,1786,297,126,157,22851.0
1194,311,139,160,1787,298,126,158,22901.0
1195,312,139,161,1788,299,127,158,22951.0
1196,313,140,161,1789,300,127,159,23001.0
1197,314,140,162,1790,301,128,159,23051.0
1198,315,141,162,1790,301,128,159,23101.0
1198,315,141,162,1790,301,128,159,23151.0
1200,316,142,162,1793,302,128,160,23201.0
1201,317,142,163,1794,303,129,160,23251.0
1202,318,143,163,1795,304,129,161,23301.0
1203,319,143,164,1796,305,130,161,23351.0
1204,320,144,164,1797,306,130,162,23401.0
1205,321,144,165,1798,307,131,162,23451.0
1206,322,145,165,1798,307,131,162,23501.0
1207,323,145,166,1800,308,132,162,23551.0
1208,324,146,166,1801,309,132,163,23601.0
1209,325,146,167,1802,310,133,163,23651.0
1210,326,147,167,1802,310,133,163,23701.0
1210,326,147,167,1804,311,134,163,23751.0
1212,327,148,167,1805,312,134,164,23801.0
1213,328,148,168,1806,313,135,164,23851.0
1214,329,149,168,1807,314,135,165,23901.0
1215,330,149,169,1808,315,136,165,23951.0
1216,331,150,169,1809,316,136,166,24001.0
1217,332,150,170,1809,316,136,166,24051.0
1218,333,151,170,1809,316,136,166,24101.0
1219,334,151,171,1812,317,137,166,24151.0
1220,335,152,171,1813,318,137,166,24201.0
1221,336,152,172,1814,319,137,166,24251.0
1221,336,152,172,1815,320,137,167,24301.0
1223,337,152,173,1816,321,138,167,24351.0
1224,338,153,173,1817,322,138,168,24401.0
1225,339,153,174,1818,323,139,168,24451.0
1225,339,153,174,1818,323,139,168,24501.0
1227,340,153,175,1820,324,140,168,24551.0
1227,340,153,175,1821,325,140,169,24601.0
1229,341,153,176,1822,326,141,169,24651.0
1230,342,154,176,1822,326,141,169,24701.0
1231,343,154,177,1824,327,142,169,24751.0
1232,344,155,177,1825,328,142,170,24801.0
1233,345,155,178,1826,329,143,170,24851.0
1234,346,156,178,1827,330,143,171,24901.0
1235,347,156,179,1828,331,144,171,24951.0
1236,348,157,179,1829,332,144,172,25001.0
1237,349,157,180,1830,333,145,172,25051.0
1238,350,158,180,1831,334,145,173,25101.0
1239,351,158,181,1832,335,146,173,25151.0
1240,352,159,181,1833,336,146,174,25201.0
1241,353,159,182,1834,337,147,174,25251.0
1242,354,160,182,1835,338,147,175,25301.0
1243,355,160,183,1836,339,148,175,25351.0
1244,356,161,183,1837,340,148,176,25401.0
1245,357,161,184,1838,341,149,176,25451.0
1245,357,161,184,1838,341,149,176,25501.0
1247,358,161,185,1840,342,150,176,25551.0
1248,359,162,185,1841,343,150,177,25601.0
1249,360,162,186,1841,343,150,177,25651.0
1250,361,163,186,1841,343,150,177,25701.0
1251,362,163,187,1841,343,150,177,25751.0
1252,363,164,187,1841,343,150,177,25801.0
1253,364,164,188,1841,343,150,177,25851.0
1254,365,165,188,1841,343,150,177,25901.0
1255,366,165,189,1841,343,150,177,25951.0
1256,367,166,189,1849,344,150,178,26001.0
1257,368,166,190,1850,345,151,178,26051.0
1258,369,167,190,1851,346,151,179,26101.0
1259,370,167,191,1852,347,152,179,26151.0
1260,371,168,191,1853,348,152,180,26201.0
1261,372,168,192,1854,349,153,180,26251.0
1262,373,169,192,1855,350,153,181,26301.0
1263,374,169,193,1856,351,154,181,26351.0
1264,375,170,193,1857,352,154,182,26401.0
1265,376,170,194,1858,353,154,183,26451.0
1266,377,171,194,1859,354,154,184,26501.0
1267,378,171,195,1860,355,155,184,26551.0
1267,378,171,195,1861,356,155,185,26601.0
1269,379,171,196,1862,357,156,185,26651.0
1270,380,172,196,1863,358,156,186,26701.0
1271,381,172,197,1863,358,156,186,26751.0
1272,382,172,198,1863,358,156,186,26801.0
1273,383,172,199,1866,359,156,187,26851.0
1274,384,173,199,1867,360,156,188,26901.0
1275,385,173,200,1868,361,157,188,26951.0
1276,386,174,200,1869,362,157,189,27001.0
1277,387,174,201,1870,363,157,190,27051.0
1278,388,174,202,1871,364,157,191,27101.0
1279,389,174,203,1872,365,157,192,27151.0
1280,390,175,203,1873,366,157,193,27201.0
1281,391,175,204,1874,367,158,193,27251.0
1282,392,175,204,1875,368,158,194,27301.0
1282,392,175,204,1876,369,159,194,27351.0
1284,393,175,204,1877,370,159,195,27401.0
1285,394,175,204,1878,371,159,196,27451.0
1285,394,175,204,1878,371,159,196,27501.0
1287,395,175,204,1880,372,160,196,27551.0
1288,396,175,204,1881,373,160,197,27601.0
1289,397,175,205,1882,374,161,197,27651.0
1290,398,176,205,1883,375,161,198,27701.0
1290,398,176,205,1884,376,162,198,27751.0
1292,399,177,205,1885,377,162,199,27801.0
1292,399,177,205,1886,378,163,199,27851.0
1292,399,177,205,1887,379,163,200,27901.0
1295,400,177,206,1888,380,164,200,27951.0
1296,401,178,206,1889,381,164,201,28001.0
1297,402,178,207,1890,382,165,201,28051.0
1298,403,179,207,1891,383,165,202,28101.0
1299,404,179,208,1892,384,166,202,28151.0
1300,405,180,208,1893,385,166,203,28201.0
1301,406,180,209,1893,385,166,203,28251.0
1302,407,181,209,1893,385,166,203,28301.0
1303,408,181,210,1896,386,167,203,28351.0
1304,409,182,210,1897,387,167,204,28401.0
1305,410,182,211,1897,387,167,204,28451.0
1306,411,183,211,1899,388,167,205,28501.0
1307,412,183,212,1900,389,168,205,28551.0
1308,413,184,212,1900,389,168,205,28601.0
1309,414,184,213,1902,390,169,205,28651.0
1310,415,185,213,1903,391,169,206,28701.0
1311,416,185,214,1904,392,170,206,28751.0
1312,417,186,214,1904,392,170,206,28801.0
1313,418,186,215,1906,393,171,206,28851.0
1314,419,187,215,1907,394,171,207,28901.0
1315,420,187,216,1908,395,172,207,28951.0
1316,421,188,216,1909,396,172,208,29001.0
1317,422,188,217,1909,396,172,208,29051.0
1318,423,189,217,1911,397,172,209,29101.0
1319,424,189,218,1912,398,173,209,29151.0
1320,425,190,218,1913,399,173,210,29201.0
1321,426,190,219,1914,400,174,210,29252.0
1322,427,191,219,1915,401,174,211,29301.0
1323,428,191,220,1916,402,175,211,29351.0
1324,429,192,220,1917,403,175,212,29401.0
1325,430,192,221,1918,404,176,212,29451.0
1326,431,193,221,1919,405,176,213,29501.0
1327,432,193,222,1920,406,177,213,29551.0
1327,432,193,222,1921,407,177,214,29601.0
1329,433,193,223,1922,408,178,214,29651.0
1330,434,194,223,1923,409,178,215,29701.0
1330,434,194,223,1924,410,179,215,29751.0
1332,435,195,223,1925,411,179,216,29801.0
1333,436,195,224,1925,411,179,216,29851.0
1333,436,195,224,1927,412,179,217,29901.0
1335,437,195,225,1927,412,179,217,29951.0
1336,438,196,225,1929,413,179,218,30001.0
1337,439,196,226,1930,414,180,218,30051.0
1338,440,197,226,1930,414,180,218,30101.0
1339,441,197,227,1932,415,181,218,30151.0
1340,442,197,228,1933,416,181,219,30201.0
1340,442,197,228,1933,416,181,219,30251.0
1342,443,198,228,1935,417,181,220,30301.0
1342,443,198,228,1936,418,182,220,30351.0
1344,444,199,228,1936,418,182,220,30401.0
1344,444,199,228,1938,419,183,220,30451.0
1346,445,200,228,1939,420,183,221,30501.0
1346,445,200,228,1940,421,184,221,30551.0
1348,446,201,228,1941,422,184,222,30601.0
1349,447,201,229,1941,422,184,222,30651.0
1350,448,202,229,1943,423,184,223,30701.0
1351,449,202,230,1943,423,184,223,30751.0
1352,450,203,230,1943,423,184,223,30801.0
1353,451,203,231,1946,424,185,223,30851.0
1354,452,204,231,1947,425,185,224,30901.0
1354,452,204,231,1948,426,186,224,30951.0
1356,453,205,231,1949,427,186,225,31001.0
1356,453,205,231,1949,427,186,225,31051.0
1356,453,205,231,1951,428,186,226,31101.0
1359,454,205,232,1952,429,187,226,31151.0
1360,455,205,233,1953,430,187,227,31201.0
1361,456,205,234,1954,431,188,227,31251.0
1361,456,205,234,1955,432,188,228,31301.0
1363,457,205,235,1956,433,189,228,31351.0
1364,458,206,235,1957,434,189,229,31401.0
1365,459,206,236,1958,435,190,229,31451.0
1366,460,207,236,1959,436,190,230,31501.0
1367,461,207,237,1959,436,190,230,31551.0
1368,462,207,238,1961,437,190,231,31601.0
1369,463,207,239,1962,438,190,232,31651.0
1370,464,208,239,1963,439,190,233,31701.0
1371,465,208,240,1964,440,191,233,31752.0
1372,466,209,240,1965,441,191,234,31801.0
1373,467,209,241,1965,441,191,234,31851.0
1374,468,209,242,1967,442,191,235,31901.0
1375,469,209,243,1968,443,192,235,31951.0
1376,470,210,243,1969,444,192,236,32001.0
1377,471,210,244,1970,445,193,236,32051.0
1378,472,211,244,1971,446,193,237,32101.0
1379,473,211,245,1972,447,194,237,32151.0
1380,474,212,245,1973,448,194,238,32201.0
1381,475,212,246,1974,449,195,238,32251.0
1382,476,212,247,1975,450,195,239,32301.0
1383,477,212,248,1976,451,196,239,32351.0
1384,478,213,248,1977,452,196,240,32401.0
1385,479,213,249,1978,453,197,240,32451.0
1386,480,214,249,1979,454,197,241,32501.0
1387,481,214,250,1979,454,197,241,32551.0
1388,482,215,250,1979,454,197,241,32601.0
1389,483,215,251,1979,454,197,241,32651.0
1390,484,215,252,1979,454,197,241,32701.0
1391,485,215,253,1984,455,197,242,32751.0
1392,486,216,253,1984,455,197,242,32801.0
1393,487,216,254,1986,456,198,242,32851.0
1394,488,217,254,1987,457,198,243,32901.0
1395,489,217,255,1988,458,199,243,32952.0
1396,490,218,255,1989,459,199,244,33001.0
1397,491,218,256,1990,460,200,244,33051.0
1398,492,219,256,1990,460,200,244,33101.0
1399,493,219,257,1990,460,200,244,33151.0
1400,494,220,257,1990,460,200,244,33201.0
1401,495,220,258,1994,461,200,244,33251.0
1402,496,221,258,1995,462,200,245,33301.0
1403,497,221,259,1995,462,200,245,33351.0
1403,497,221,259,1997,463,200,246,33401.0
1403,497,221,259,1997,463,200,246,33451.0
1403,497,221,259,1998,464,201,246,33501.0
1403,497,221,259,1999,465,201,247,33551.0
1403,497,221,259,2000,466,202,247,33601.0
1409,498,221,260,2001,467,202,248,33651.0
1409,498,221,260,2002,468,203,248,33701.0
1409,498,221,260,2004,469,203,249,33751.0
1409,498,221,260,2005,470,203,250,33801.0
1409,498,221,260,2006,471,204,250,33851.0
1414,499,222,260,2006,471,204,250,33901.0
1415,500,222,261,2007,472,204,251,33951.0
1416,501,223,261,2008,473,205,251,34002.0
1417,502,223,262,2009,474,205,252,34051.0
1418,503,224,262,2011,476,206,253,34102.0
1419,504,224,263,2011,476,206,253,34151.0
1420,505,225,263,2012,477,207,253,34201.0
1421,506,225,264,2013,478,207,254,34251.0
1422,507,226,264,2014,479,208,254,34301.0
1423,508,226,265,2015,480,208,255,34351.0
1424,509,227,265,2016,481,209,255,34401.0
1425,510,227,266,2017,482,209,256,34451.0
1426,511,228,266,2018,483,210,256,34501.0
1427,512,228,267,2019,484,210,257,34551.0
1428,513,229,267,2020,485,211,257,34601.0
1429,514,229,268,2021,486,211,258,34651.0
1430,515,230,268,2022,487,212,258,34701.0
1431,516,230,269,2023,488,212,259,34751.0
1432,517,230,269,2024,489,212,259,34801.0
1433,518,230,270,2025,490,212,260,34851.0
1434,519,231,270,2026,491,213,260,34901.0
1434,519,231,270,2027,492,213,261,34951.0
1434,519,231,270,2028,493,214,261,35001.0
1437,520,231,271,2029,494,214,262,35051.0
1438,521,232,271,2030,495,215,262,35101.0
1438,521,232,271,2031,496,215,263,35151.0
1440,522,233,271,2032,497,216,263,35201.0
1441,523,233,272,2033,498,216,264,35251.0
1442,524,234,272,2034,499,217,264,35301.0
1443,525,234,273,2035,500,217,265,35351.0
1444,526,235,273,2036,501,218,265,35401.0
1445,527,235,274,2037,502,218,266,35451.0
1445,527,235,274,2038,503,219,266,35501.0
1447,528,235,275,2039,504,219,267,35551.0
1448,529,236,275,2040,505,220,267,35601.0
1449,530,236,276,2041,506,220,268,35651.0
1450,531,237,276,2042,507,221,268,35701.0
1451,532,237,277,2043,508,221,269,35751.0
1452,533,238,277,2043,508,221,269,35801.0
1453,534,238,278,2045,509,221,270,35851.0
1454,535,239,278,2046,510,222,270,35901.0
1455,536,239,279,2047,511,222,271,35951.0
1456,537,240,279,2048,512,223,271,36001.0
1457,538,240,280,2048,512,223,271,36051.0
1458,539,241,280,2050,513,224,271,36101.0
1459,540,241,281,2051,514,224,272,36151.0
1460,541,242,281,2052,515,225,272,36201.0
1461,542,242,282,2053,516,225,273,36251.0
1461,542,242,282,2054,517,226,273,36301.0
1463,543,242,283,2055,518,226,274,36351.0
1463,543,242,283,2056,519,227,274,36401.0
1463,543,242,283,2057,520,227,275,36451.0
1466,544,243,283,2058,521,228,275,36501.0
1467,545,243,284,2059,522,228,276,36551.0
1468,546,244,284,2059,522,228,276,36601.0
1469,547,244,285,2061,523,228,277,36651.0
1470,548,245,285,2061,523,228,277,36701.0
1471,549,245,286,2061,523,228,277,36751.0
1472,550,246,286,2064,524,229,277,36801.0
1473,551,246,287,2065,525,229,277,36851.0
1474,552,247,287,2066,526,230,277,36901.0
1475,553,247,288,2067,527,230,278,36951.0
1476,554,248,288,2068,528,231,278,37001.0
1477,555,248,289,2068,528,231,278,37051.0
1477,555,248,289,2070,529,232,278,37101.0
1479,556,248,290,2071,530,232,279,37151.0
1480,557,249,290,2072,531,233,279,37201.0
1481,558,249,291,2073,532,233,280,37251.0
1481,558,249,291,2074,533,234,280,37301.0
1483,559,249,292,2075,534,234,281,37351.0
1484,560,250,292,2076,535,235,281,37401.0
1485,561,250,293,2077,536,235,282,37451.0
1486,562,251,293,2078,537,236,282,37501.0
1486,562,251,293,2078,537,236,282,37551.0
1488,563,252,293,2080,538,237,282,37601.0
1489,564,252,294,2081,539,237,283,37651.0
1490,565,253,294,2082,540,238,283,37701.0
1491,566,253,295,2083,541,238,284,37751.0
1492,567,254,295,2084,542,239,284,37801.0
1493,568,254,296,2085,543,239,285,37851.0
1494,569,255,296,2086,544,240,285,37901.0
1495,570,255,296,2087,545,240,286,37951.0
1495,570,255,296,2088,546,241,286,38001.0
1497,571,255,297,2088,546,241,286,38051.0
1498,572,256,297,2090,547,242,286,38101.0
1499,573,256,298,2091,548,242,287,38151.0
1500,574,257,298,2091,548,242,287,38201.0
1501,575,257,299,2093,549,242,288,38251.0
1501,575,257,299,2094,550,243,288,38301.0
1503,576,257,300,2095,551,243,289,38351.0
1504,577,258,300,2095,551,243,289,38401.0
1505,578,258,301,2097,552,243,290,38451.0
1506,579,259,301,2098,553,244,290,38501.0
1507,580,259,302,2099,554,244,291,38551.0
1508,581,260,302,2100,555,245,291,38601.0
1509,582,260,303,2100,555,245,291,38651.0
1510,583,261,303,2102,556,246,291,38701.0
1511,584,261,304,2103,557,246,292,38751.0
1511,584,261,304,2104,558,247,292,38801.0
1513,585,261,305,2105,559,247,293,38851.0
1514,586,262,305,2106,560,248,293,38901.0
1515,587,262,306,2107,561,248,294,38951.0
1516,588,263,306,2108,562,249,294,39001.0
1517,589,263,307,2108,562,249,294,39051.0
1518,590,264,307,2110,563,250,294,39101.0
1519,591,264,308,2110,563,250,294,39151.0
1519,591,264,308,2112,564,251,294,39201.0
1519,591,264,308,2113,565,251,295,39252.0
1519,591,264,308,2114,566,252,295,39301.0
1519,591,264,308,2115,567,252,296,39351.0
1519,591,264,308,2116,568,253,296,39401.0
1519,591,264,308,2117,569,253,297,39451.0
1519,591,264,308,2118,570,254,297,39501.0
1527,592,264,309,2119,571,254,298,39551.0
1528,593,265,309,2119,571,254,298,39601.0
1529,594,265,310,2121,572,254,299,39651.0
1530,595,266,310,2122,573,255,299,39701.0
1531,596,266,311,2122,573,255,299,39751.0
1532,597,267,311,2124,574,256,299,39801.0
1533,598,267,312,2125,575,256,300,39851.0
1533,598,267,312,2126,576,257,300,39901.0
1533,598,267,312,2127,577,257,301,39951.0
1533,598,267,312,2128,578,258,301,40001.0
1533,598,267,312,2129,579,258,302,40051.0
1538,599,268,312,2129,579,258,302,40101.0
1539,600,268,313,2129,579,258,302,40151.0
1540,601,269,313,2132,580,259,302,40201.0
1541,602,269,314,2133,581,259,303,40251.0
1542,603,270,314,2134,582,260,303,40301.0
1543,604,270,315,2135,583,260,304,40351.0
1544,605,271,315,2135,583,260,304,40401.0
1544,605,271,315,2137,584,260,305,40451.0
1546,606,272,315,2137,584,260,305,40501.0
1547,607,272,315,2139,585,260,306,40551.0
1548,608,272,316,2140,586,261,306,40601.0
1549,609,272,317,2140,586,261,306,40651.0
1550,610,273,317,2140,586,261,306,40701.0
1551,611,273,318,2143,587,261,307,40751.0
1552,612,274,318,2143,587,261,307,40801.0
1553,613,274,319,2145,588,261,308,40852.0
1554,614,275,319,2145,588,261,308,40901.0
1555,615,275,320,2147,589,261,309,40951.0
1556,616,276,320,2147,589,261,309,41001.0
1557,617,276,321,2149,590,261,310,41051.0
1558,618,277,321,2150,591,262,310,41101.0
1558,618,277,321,2151,592,262,311,41151.0
1560,619,278,321,2152,593,263,311,41201.0
1560,619,278,321,2153,594,263,312,41251.0
1562,620,279,321,2154,595,264,312,41301.0
1563,621,279,322,2155,596,264,313,41351.0
1564,622,280,322,2156,597,265,313,41401.0
1565,623,280,323,2156,597,265,313,41451.0
1566,624,281,323,2158,598,266,313,41501.0
1567,625,281,324,2159,599,266,314,41551.0
1568,626,282,324,2160,600,267,314,41601.0
1569,627,282,325,2161,601,267,315,41651.0
1570,628,283,325,2162,602,268,315,41701.0
1571,629,283,326,2163,603,268,316,41751.0
1572,630,284,326,2164,604,269,316,41801.0
1573,631,284,327,2165,605,269,317,41851.0
1574,632,285,327,2166,606,270,317,41901.0
1575,633,285,328,2167,607,270,318,41951.0
1575,633,285,328,2168,608,271,318,42001.0
1577,634,285,329,2169,609,271,319,42051.0
1578,635,286,329,2170,610,272,319,42101.0
1579,636,286,330,2170,610,272,319,42151.0
1580,637,287,330,2172,611,273,319,42201.0
1581,638,287,331,2173,612,273,320,42251.0
1582,639,288,331,2174,613,274,320,42301.0
1583,640,288,332,2175,614,274,321,42351.0
1584,641,289,332,2176,615,275,321,42401.0
1585,642,289,333,2177,616,275,322,42451.0
1586,643,290,333,2178,617,276,322,42501.0
1587,644,290,334,2179,618,276,323,42551.0
1588,645,291,334,2180,619,277,323,42601.0
1589,646,291,335,2181,620,277,324,42651.0
1590,647,292,335,2182,621,278,324,42701.0
1591,648,292,336,2182,621,278,324,42751.0
1592,649,293,336,2184,622,279,324,42801.0
1592,649,293,336,2185,623,279,325,42851.0
1594,650,294,336,2186,624,280,325,42901.0
1594,650,294,336,2187,625,280,326,42951.0
1594,650,294,336,2187,625,280,326,43001.0
1594,650,294,336,2189,626,280,327,43051.0
1594,650,294,336,2190,627,281,327,43101.0
1599,651,294,336,2191,628,281,328,43151.0
1600,652,295,336,2192,629,282,328,43201.0
1601,653,295,337,2193,630,282,329,43251.0
1602,654,296,337,2194,631,283,329,43301.0
1603,655,296,338,2195,632,283,330,43351.0
1604,656,297,338,2196,633,284,330,43401.0
1604,656,297,338,2197,634,284,331,43451.0
1606,657,298,338,2198,635,285,331,43501.0
1607,658,298,339,2199,636,285,332,43551.0
1608,659,299,339,2200,637,286,332,43601.0
1609,660,299,340,2201,638,286,333,43651.0
1610,661,299,341,2202,639,286,334,43701.0
1611,662,299,342,2203,640,286,335,43752.0
1612,663,300,342,2204,641,287,335,43801.0
1613,664,300,343,2205,642,287,336,43851.0
1614,665,301,343,2206,643,288,336,43901.0
1615,666,301,344,2207,644,288,337,43951.0
1616,667,302,344,2208,645,289,337,44001.0
1617,668,302,345,2208,645,289,337,44051.0
1618,669,303,345,2210,646,290,337,44101.0
1619,670,303,346,2211,647,290,338,44151.0
1620,671,304,346,2212,648,291,338,44202.0
1621,672,304,347,2213,649,291,339,44251.0
1622,673,305,347,2214,650,292,339,44301.0
1623,674,305,348,2215,651,292,340,44351.0
1624,675,305,349,2215,651,292,340,44401.0
1625,676,305,350,2217,652,292,341,44451.0
1626,677,306,350,2218,653,293,341,44501.0
1627,678,306,351,2219,654,293,342,44551.0
1628,679,306,352,2220,655,293,343,44601.0
1629,680,306,353,2221,656,293,344,44651.0
1630,681,307,353,2222,657,294,344,44701.0
1631,682,307,354,2223,658,294,345,44751.0
1632,683,308,354,2224,659,295,345,44801.0
1633,684,308,355,2225,660,295,346,44851.0
1634,685,309,355,2226,661,296,346,44901.0
1635,686,309,356,2227,662,296,347,44951.0
1636,687,310,356,2228,663,297,347,45001.0
1637,688,310,357,2229,664,297,348,45051.0
1638,689,311,357,2230,665,298,348,45101.0
1639,690,311,358,2231,666,298,349,45151.0
1640,691,312,358,2232,667,299,349,45201.0
1641,692,312,359,2233,668,299,350,45251.0
1642,693,313,359,2234,669,300,350,45301.0
1643,694,313,360,2235,670,300,351,45351.0
1644,695,313,361,2236,671,300,352,45401.0
1644,695,313,361,2237,672,300,353,45451.0
1646,696,314,361,2238,673,301,353,45501.0
1647,697,314,362,2239,674,301,354,45551.0
1647,697,314,362,2240,675,302,354,45601.0
1649,698,314,363,2241,676,302,355,45651.0
1650,699,315,363,2242,677,303,355,45701.0
1651,700,315,364,2243,678,303,356,45751.0
1651,700,315,364,2243,678,303,356,45801.0
1651,700,315,364,2245,679,303,357,45851.0
1654,701,316,364,2246,680,304,357,45901.0
1654,701,316,364,2247,681,304,358,45951.0
1654,701,316,364,2248,682,305,358,46001.0
1654,701,316,364,2249,683,305,359,46051.0
1658,702,316,364,2250,684,306,359,46101.0
1658,702,316,364,2251,685,306,360,46151.0
1658,702,316,364,2252,686,307,360,46201.0
1658,702,316,364,2253,687,307,361,46251.0
1658,702,316,364,2254,688,308,361,46301.0
1663,703,316,364,2255,689,308,362,46351.0
1663,703,316,364,2256,690,309,362,46401.0
1665,704,316,365,2257,691,309,363,46451.0
1666,705,317,365,2258,692,310,363,46501.0
1667,706,317,366,2259,693,310,364,46551.0
1668,707,318,366,2260,694,311,364,46601.0
1668,707,318,366,2261,695,311,365,46651.0
1670,708,319,366,2262,696,312,365,46701.0
1671,709,319,367,2263,697,312,366,46751.0
1672,710,320,367,2264,698,313,366,46801.0
1673,711,320,368,2265,699,313,367,46851.0
1674,712,321,368,2266,700,314,367,46901.0
1675,713,321,369,2267,701,314,368,46951.0
1675,713,321,369,2268,702,315,368,47001.0
1677,714,321,370,2269,703,315,369,47051.0
1677,714,321,370,2270,704,316,369,47101.0
1679,715,321,371,2271,705,316,370,47151.0
1679,715,321,371,2272,706,316,371,47201.0
1679,715,321,371,2273,707,316,372,47251.0
1682,716,322,371,2274,708,317,372,47301.0
1683,717,322,372,2275,709,317,373,47351.0
1684,718,323,372,2276,710,318,373,47401.0
1685,719,323,373,2277,711,318,374,47451.0
1686,720,324,373,2278,712,319,374,47501.0
1687,721,324,374,2279,713,319,375,47551.0
1688,722,325,374,2280,714,320,375,47601.0
1689,723,325,375,2280,714,320,375,47651.0
1690,724,326,375,2282,715,321,375,47701.0
1691,725,326,376,2283,716,321,376,47751.0
1692,726,327,376,2283,716,321,376,47801.0
1693,727,327,377,2285,717,321,377,47851.0
1694,728,327,378,2285,717,321,377,47901.0
1695,729,327,379,2287,718,321,378,47951.0
1695,729,327,379,2287,718,321,378,48001.0
1697,730,327,380,2289,719,321,379,48051.0
1698,731,328,380,2290,720,322,379,48101.0
1699,732,328,381,2291,721,322,380,48151.0
1700,733,329,381,2292,722,323,380,48201.0
1701,734,329,382,2293,723,323,381,48251.0
1701,734,329,382,2294,724,324,381,48301.0
1701,734,329,382,2295,725,324,382,48351.0
1704,735,330,382,2296,726,325,382,48401.0
1705,736,330,382,2297,727,325,383,48451.0
1706,737,331,382,2298,728,326,383,48501.0
1706,737,331,382,2299,729,326,384,48551.0
1708,738,332,382,2300,730,327,384,48601.0
1709,739,332,383,2301,731,327,385,48651.0
1710,740,333,383,2302,732,328,385,48701.0
1711,741,333,384,2303,733,328,386,48751.0
1712,742,334,384,2304,734,329,386,48801.0
1713,743,334,385,2304,734,329,386,48851.0
1714,744,335,385,2304,734,329,386,48901.0
1715,745,335,386,2307,735,329,387,48951.0
1715,745,335,386,2308,736,329,388,49001.0
1717,746,335,387,2308,736,329,388,49051.0
1718,747,336,387,2310,737,330,388,49101.0
1719,748,336,388,2311,738,330,389,49151.0
1720,749,337,388,2312,739,331,389,49201.0
1721,750,337,389,2313,740,331,390,49251.0
1722,751,338,389,2314,741,332,390,49301.0
1723,752,338,390,2315,742,332,391,49351.0
1723,752,338,390,2316,743,333,391,49401.0
1725,753,338,391,2316,743,333,391,49451.0
1726,754,339,391,2318,744,334,391,49501.0
1727,755,339,392,2319,745,334,392,49551.0
1728,756,340,392,2319,745,334,392,49601.0
1728,756,340,392,2319,745,334,392,49651.0
1728,756,340,392,2319,745,334,392,49701.0
1728,756,340,392,2323,746,334,393,49751.0
1728,756,340,392,2324,747,335,393,49801.0
1733,757,340,392,2325,748,335,394,49851.0
1733,757,340,392,2326,749,336,394,49901.0
1733,757,340,392,2327,750,336,395,49951.0
1736,758,341,392,2328,751,337,395,50001.0
1737,759,341,393,2329,752,337,396,50051.0
1737,759,341,393,2330,753,338,396,50101.0
1739,760,341,394,2331,754,338,397,50151.0
1739,760,341,394,2332,755,339,397,50201.0
1739,760,341,394,2333,756,339,398,50251.0
1742,761,341,394,2334,757,340,398,50301.0
1742,761,341,394,2335,758,340,399,50351.0
1742,761,341,394,2336,759,341,399,50401.0
1745,762,341,395,2337,760,341,400,50451.0
1746,763,342,395,2338,761,342,400,50501.0
1747,764,342,396,2339,762,342,401,50551.0
1747,764,342,396,2340,763,343,401,50601.0
1749,765,342,397,2341,764,343,402,50651.0
1750,766,342,398,2342,765,343,403,50701.0
1751,767,342,399,2343,766,343,404,50751.0
1752,768,343,399,2344,767,344,404,50801.0
1753,769,343,400,2345,768,344,405,50851.0
1754,770,344,400,2346,769,345,405,50901.0
1754,770,344,400,2347,770,345,406,50951.0
1756,771,345,400,2348,771,346,406,51001.0
1756,771,345,400,2349,772,346,407,51051.0
1758,772,346,400,2350,773,347,407,51101.0
1759,773,346,401,2351,774,347,408,51151.0
1760,774,347,401,2352,775,348,408,51201.0
1761,775,347,401,2353,776,348,409,51251.0
1762,776,348,401,2354,777,349,409,51301.0
1763,777,348,402,2355,778,349,410,51351.0
1764,778,349,402,2356,779,350,410,51401.0
1765,779,349,403,2357,780,350,411,51451.0
1766,780,350,403,2358,781,351,411,51501.0
1767,781,350,404,2359,782,351,412,51551.0
1768,782,351,404,2360,783,352,412,51601.0
1768,782,351,404,2361,784,352,413,51651.0
1770,783,352,404,2362,785,353,413,51701.0
1771,784,352,405,2363,786,353,414,51751.0
1771,784,352,405,2364,787,354,414,51801.0
1773,785,352,406,2365,788,354,415,51851.0
1774,786,353,406,2366,789,355,415,51901.0
1774,786,353,406,2367,790,355,416,51951.0
1776,787,353,406,2368,791,355,416,52001.0
1777,788,353,407,2369,792,355,417,52051.0
1778,789,354,407,2370,793,356,417,52101.0
1778,789,354,407,2371,794,356,418,52151.0
1780,790,355,407,2372,795,357,418,52201.0
1781,791,355,408,2373,796,357,419,52251.0
1782,792,356,408,2374,797,358,419,52301.0
1783,793,356,409,2375,798,358,420,52351.0
1783,793,356,409,2376,799,359,420,52401.0
1785,794,356,410,2377,800,359,421,52451.0
1786,795,357,410,2378,801,360,421,52501.0
1786,795,357,410,2379,802,360,422,52551.0
1788,796,358,410,2380,803,361,422,52601.0
1788,796,358,410,2380,803,361,422,52651.0
1788,796,358,410,2382,804,362,422,52701.0
1791,797,358,411,2383,805,362,423,52751.0
1792,798,359,411,2384,806,362,424,52801.0
1793,799,359,412,2384,806,362,424,52851.0
1794,800,360,412,2386,807,363,424,52901.0
1795,801,360,413,2387,808,363,425,52951.0
1796,802,361,413,2388,809,364,425,53001.0
1797,803,361,414,2389,810,364,426,53051.0
1798,804,362,414,2390,811,365,426,53102.0
1799,805,362,415,2391,812,365,427,53152.0
1800,806,363,415,2392,813,366,427,53201.0
1801,807,363,416,2393,814,366,428,53252.0
1802,808,364,416,2394,815,367,428,53301.0
1803,809,364,417,2395,816,367,429,53351.0
1804,810,365,417,2396,817,368,429,53401.0
1804,810,365,417,2397,818,368,430,53451.0
1804,810,365,417,2398,819,369,430,53501.0
1807,811,365,418,2399,820,369,431,53551.0
1808,812,366,418,2399,820,369,431,53601.0
1808,812,366,418,2399,820,369,431,53651.0
1810,813,367,418,2402,821,370,431,53701.0
1811,814,367,419,2403,822,370,432,53751.0
1812,815,368,419,2404,823,371,432,53801.0
1813,816,368,420,2405,824,371,433,53851.0
1813,816,368,420,2406,825,372,433,53901.0
1815,817,368,421,2407,826,372,434,53951.0
1816,818,369,421,2408,827,373,434,54001.0
1817,819,369,422,2409,828,373,435,54051.0
1818,820,370,422,2410,829,374,435,54101.0
1819,821,370,423,2410,829,374,435,54151.0
1820,822,371,423,2412,830,375,435,54201.0
1820,822,371,423,2413,831,375,436,54251.0
1820,822,371,423,2414,832,375,437,54301.0
1823,823,371,424,2415,833,375,438,54351.0
1824,824,372,424,2416,834,376,438,54401.0
1825,825,372,425,2417,835,376,439,54451.0
1826,826,373,425,2418,836,377,439,54501.0
1826,826,373,425,2419,837,377,440,54551.0
1828,827,374,425,2420,838,377,440,54601.0
1829,828,374,426,2421,839,377,441,54651.0
1830,829,375,426,2422,840,378,441,54701.0
1831,830,375,427,2423,841,378,442,54751.0
1832,831,376,427,2423,841,378,442,54801.0
1833,832,376,428,2425,842,378,443,54851.0
1834,833,377,428,2426,843,379,443,54901.0
1835,834,377,429,2427,844,379,444,54951.0
1836,835,378,429,2428,845,380,444,55001.0
1837,836,378,430,2429,846,380,445,55051.0
1838,837,379,430,2430,847,381,445,55101.0
1839,838,379,431,2431,848,381,446,55151.0
1840,839,380,431,2432,849,382,446,55201.0
1841,840,380,432,2433,850,382,447,55251.0
1842,841,381,432,2434,851,383,447,55301.0
1843,842,381,433,2434,851,383,447,55351.0
1844,843,382,433,2436,852,384,447,55401.0
1845,844,382,434,2437,853,384,448,55451.0
1846,845,383,434,2438,854,385,448,55501.0
1847,846,383,435,2439,855,385,449,55551.0
1848,847,384,435,2440,856,386,449,55601.0
1849,848,384,436,2441,857,386,450,55651.0
1850,849,385,436,2441,857,386,450,55701.0
1851,850,385,437,2441,857,386,450,55751.0
1852,851,386,437,2441,857,386,450,55801.0
1852,851,386,437,2445,858,386,451,55851.0
1852,851,386,437,2446,859,386,452,55901.0
1855,852,386,438,2447,860,386,453,55951.0
1856,853,387,438,2448,861,387,453,56001.0
1857,854,387,439,2449,862,387,454,56051.0
1858,855,388,439,2450,863,388,454,56101.0
1859,856,388,440,2451,864,388,455,56151.0
1860,857,388,441,2452,865,389,455,56201.0
1861,858,388,442,2453,866,389,456,56252.0
1862,859,389,442,2454,867,390,456,56301.0
1863,860,389,443,2455,868,390,457,56351.0
1864,861,390,443,2456,869,391,457,56401.0
1864,861,390,443,2457,870,391,458,56451.0
1864,861,390,443,2458,871,392,458,56501.0
1867,862,390,444,2459,872,392,459,56551.0
1867,862,390,444,2460,873,393,459,56601.0
1869,863,390,445,2461,874,393,460,56651.0
1870,864,391,445,2462,875,394,460,56701.0
1870,864,391,445,2463,876,394,461,56751.0
1872,865,392,445,2464,877,395,461,56801.0
1872,865,392,445,2465,878,395,462,56851.0
1874,866,393,445,2466,879,396,462,56901.0
1875,867,393,446,2467,880,396,463,56951.0
1876,868,394,446,2468,881,397,463,57001.0
1877,869,394,447,2469,882,397,464,57051.0
1878,870,395,447,2470,883,398,464,57101.0
1878,870,395,447,2471,884,398,465,57151.0
1880,871,396,447,2472,885,399,465,57201.0
1881,872,396,448,2473,886,399,466,57251.0
1882,873,397,448,2474,887,400,466,57301.0
1883,874,397,449,2475,888,400,467,57351.0
1883,874,397,449,2476,889,401,467,57401.0
1885,875,397,450,2477,890,401,468,57451.0
1886,876,398,450,2478,891,402,468,57501.0
1886,876,398,450,2479,892,402,469,57551.0
1886,876,398,450,2480,893,403,469,57601.0
1889,877,398,451,2481,894,403,470,57651.0
1889,877,398,451,2482,895,404,470,57701.0
1891,878,398,451,2483,896,404,471,57751.0
1892,879,399,451,2484,897,405,471,57801.0
1893,880,399,452,2485,898,405,472,57851.0
1894,881,400,452,2485,898,405,472,57901.0
1895,882,400,453,2487,899,405,473,57951.0
1895,882,400,453,2488,900,406,473,58001.0
1897,883,400,454,2488,900,406,473,58051.0
1897,883,400,454,2490,901,407,473,58101.0
1899,884,400,455,2490,901,407,473,58151.0
1899,884,400,455,2492,902,408,473,58201.0
1899,884,400,455,2493,903,408,474,58251.0
1902,885,401,455,2494,904,409,474,58301.0
1903,886,401,456,2495,905,409,475,58351.0
1904,887,402,456,2496,906,410,475,58401.0
1905,888,402,457,2497,907,410,476,58451.0
1906,889,403,457,2498,908,411,476,58501.0
1907,890,403,458,2499,909,411,477,58551.0
1908,891,404,458,2500,910,412,477,58601.0
1908,891,404,458,2501,911,412,478,58651.0
1910,892,404,458,2502,912,413,478,58701.0
1911,893,404,458,2503,913,413,479,58751.0
1911,893,404,458,2504,914,414,479,58801.0
1911,893,404,458,2505,915,414,480,58851.0
1911,893,404,458,2506,916,415,480,58901.0
1911,893,404,458,2506,916,415,480,58951.0
1911,893,404,458,2508,917,416,480,59001.0
1917,894,404,458,2509,918,416,481,59051.0
1918,895,404,458,2510,919,417,481,59101.0
1918,895,404,458,2511,920,417,482,59151.0
1918,895,404,458,2511,920,417,482,59201.0
1921,896,404,459,2512,921,418,482,59251.0
1921,896,404,459,2513,922,418,483,59301.0
1923,897,404,460,2513,922,418,483,59351.0
1924,898,405,460,2515,923,418,484,59401.0
1924,898,405,460,2516,924,419,484,59451.0
1926,899,406,460,2518,926,420,485,59501.0
1927,900,406,461,2519,927,420,486,59551.0
1928,901,406,462,2520,928,420,487,59601.0
1929,902,406,463,2521,929,420,488,59651.0
1930,903,407,463,2522,930,421,488,59701.0
1931,904,407,464,2523,931,421,489,59751.0
1932,905,408,464,2524,932,422,489,59801.0
1933,906,408,465,2525,933,422,490,59851.0
1934,907,409,465,2526,934,423,490,59901.0
1935,908,409,466,2527,935,423,491,59951.0
1935,908,409,466,2528,936,424,491,60001.0
1937,909,409,467,2529,937,424,492,60051.0
1938,910,410,467,2530,938,425,492,60101.0
1939,911,410,468,2531,939,425,493,60151.0
1940,912,411,468,2532,940,426,493,60201.0
1941,913,411,469,2533,941,426,494,60251.0
1942,914,412,469,2534,942,427,494,60301.0
1943,915,412,470,2535,943,427,495,60351.0
1944,916,413,470,2536,944,428,495,60401.0
1945,917,413,471,2537,945,428,496,60451.0
1946,918,414,471,2538,946,429,496,60501.0
1947,919,414,472,2539,947,429,497,60551.0
1948,920,415,472,2540,948,430,497,60601.0
1949,921,415,473,2541,949,430,498,60651.0
1950,922,416,473,2542,950,431,498,60701.0
1951,923,416,473,2543,951,431,499,60751.0
1952,924,417,473,2544,952,432,499,60801.0
1953,925,417,474,2545,953,432,500,60851.0
1954,926,418,474,2546,954,433,500,60901.0
1955,927,418,475,2546,954,433,500,60951.0
1956,928,419,475,2547,955,433,501,61001.0
1957,929,419,476,2547,955,433,501,61051.0
1958,930,420,476,2549,956,433,502,61101.0
1959,931,420,477,2550,957,434,502,61151.0
1960,932,421,477,2551,958,434,503,61201.0
1961,933,421,478,2551,958,434,503,61251.0
1962,934,421,479,2551,958,434,503,61301.0
1963,935,421,480,2554,959,435,503,61351.0
1963,935,421,480,2555,960,435,504,61401.0
1965,936,421,481,2556,961,436,504,61451.0
1966,937,422,481,2556,961,436,504,61501.0
1967,938,422,482,2556,961,436,504,61551.0
1968,939,423,482,2559,962,436,505,61601.0
1969,940,423,483,2560,963,437,505,61651.0
1970,941,424,483,2561,964,437,506,61701.0
1971,942,424,484,2562,965,438,506,61751.0
1972,943,425,484,2563,966,438,507,61801.0
1973,944,425,485,2564,967,439,507,61851.0
1974,945,426,485,2565,968,439,508,61901.0
1975,946,426,486,2566,969,440,508,61951.0
1976,947,427,486,2567,970,440,509,62001.0
1976,947,427,486,2568,971,441,509,62051.0
1976,947,427,486,2569,972,441,510,62101.0
1979,948,427,487,2570,973,442,510,62151.0
1979,948,427,487,2571,974,442,511,62201.0
1979,948,427,487,2572,975,443,511,62251.0
1982,949,428,487,2573,976,443,512,62301.0
1983,950,428,488,2574,977,444,512,62351.0
1984,951,429,488,2575,978,444,513,62401.0
1985,952,429,489,2576,979,445,513,62451.0
1986,953,430,489,2577,980,445,514,62501.0
1987,954,430,490,2578,981,446,514,62551.0
1988,955,431,490,2579,982,446,515,62601.0
1989,956,431,491,2580,983,447,515,62651.0
1990,957,432,491,2581,984,447,516,62701.0
1991,958,432,492,2582,985,448,516,62751.0
1992,959,433,492,2583,986,448,517,62801.0
1993,960,433,493,2584,987,449,517,62851.0
1994,961,434,493,2585,988,449,518,62901.0
1995,962,434,494,2585,988,449,518,62951.0
1996,963,435,494,2587,989,449,519,63001.0
1997,964,435,495,2588,990,450,519,63051.0
1998,965,436,495,2589,991,450,520,63101.0
1999,966,436,496,2590,992,451,520,63151.0
2000,967,437,496,2591,993,451,521,63201.0
2001,968,437,497,2592,994,452,521,63251.0
2002,969,438,497,2593,995,452,522,63301.0
2002,969,438,497,2594,996,453,522,63351.0
2004,970,439,497,2595,997,453,523,63401.0
2005,971,439,498,2596,998,454,523,63451.0
2006,972,440,498,2597,999,454,524,63501.0
2007,973,440,499,2597,999,454,524,63551.0
2008,974,441,499,2597,999,454,524,63601.0
2009,975,441,500,2600,1000,455,524,63651.0
2010,976,442,500,2601,1001,455,525,63701.0
2011,977,442,501,2602,1002,456,525,63751.0
2012,978,443,501,2603,1003,456,526,63801.0
2013,979,443,502,2604,1004,457,526,63851.0
2014,980,444,502,2605,1005,457,527,63901.0
2014,980,444,502,2606,1006,457,528,63951.0
2016,981,444,503,2606,1006,457,528,64001.0
2017,982,444,504,2606,1006,457,528,64051.0
2018,983,445,504,2609,1007,457,529,64101.0
2019,984,445,505,2609,1007,457,529,64151.0
2020,985,446,505,2611,1008,457,530,64201.0
2021,986,446,506,2611,1008,457,530,64251.0
2022,987,447,506,2613,1009,457,531,64301.0
2023,988,447,507,2614,1010,458,531,64351.0
2024,989,448,507,2615,1011,458,532,64401.0
2025,990,448,508,2616,1012,459,532,64451.0
2026,991,449,508,2617,1013,459,533,64501.0
2027,992,449,509,2618,1014,460,533,64551.0
2028,993,450,509,2619,1015,460,534,64601.0
2029,994,450,510,2620,1016,461,534,64651.0
2030,995,451,510,2621,1017,461,535,64701.0
2031,996,451,511,2621,1017,461,535,64751.0
2032,997,451,512,2621,1017,461,535,64801.0
2033,998,451,512,2624,1018,462,535,64851.0
2034,999,451,512,2625,1019,462,536,64901.0
2035,1000,451,513,2626,1020,463,536,64951.0
2035,1000,451,513,2627,1021,463,537,65001.0
2037,1001,451,514,2628,1022,463,538,65051.0
2038,1002,452,514,2629,1023,463,539,65101.0
2039,1003,452,515,2630,1024,464,539,65151.0
2040,1004,453,515,2631,1025,464,540,65201.0
2041,1005,453,516,2632,1026,465,540,65251.0
2042,1006,454,516,2633,1027,465,541,65301.0
2042,1006,454,516,2634,1028,466,541,65351.0
2042,1006,454,516,2635,1029,466,542,65401.0
2045,1007,454,517,2635,1029,466,542,65451.0
2046,1008,455,517,2637,1030,466,543,65501.0
2047,1009,455,518,2637,1030,466,543,65551.0
2048,1010,456,518,2639,1031,466,544,65601.0
2048,1010,456,518,2640,1032,467,544,65651.0
2050,1011,457,518,2641,1033,467,545,65701.0
2051,1012,457,519,2642,1034,468,545,65751.0
2052,1013,458,519,2643,1035,468,546,65801.0
2053,1014,458,520,2644,1036,469,546,65851.0
2054,1015,459,520,2645,1037,469,547,65901.0
2055,1016,459,521,2646,1038,470,547,65951.0
2056,1017,460,521,2647,1039,470,548,66001.0
2057,1018,460,522,2648,1040,471,548,66051.0
2058,1019,460,522,2649,1041,471,549,66101.0
2059,1020,460,523,2650,1042,472,549,66151.0
2060,1021,461,523,2651,1043,472,550,66201.0
2061,1022,461,524,2652,1044,473,550,66251.0
2062,1023,462,524,2653,1045,473,551,66301.0
2063,1024,462,525,2653,1045,473,551,66351.0
2064,1025,463,525,2655,1046,473,552,66401.0
2065,1026,463,526,2656,1047,474,552,66451.0
2066,1027,464,526,2657,1048,474,553,66501.0
2067,1028,464,527,2658,1049,475,553,66551.0
2068,1029,465,527,2659,1050,475,554,66601.0
2069,1030,465,528,2660,1051,476,554,66651.0
2070,1031,466,528,2661,1052,476,555,66701.0
2071,1032,466,529,2661,1052,476,555,66751.0
2072,1033,467,529,2663,1053,476,556,66801.0
2073,1034,467,530,2664,1054,477,556,66851.0
2073,1034,467,530,2664,1054,477,556,66901.0
2075,1035,467,531,2666,1055,478,556,66951.0
2076,1036,468,531,2667,1056,478,557,67001.0
2077,1037,468,532,2668,1057,479,557,67051.0
2078,1038,469,532,2668,1057,479,557,67101.0
2079,1039,469,533,2668,1057,479,557,67151.0
2080,1040,470,533,2671,1058,479,558,67201.0
2081,1041,470,534,2671,1058,479,558,67251.0
2082,1042,471,534,2673,1059,479,559,67301.0
2083,1043,471,535,2674,1060,480,559,67351.0
2084,1044,472,535,2675,1061,480,560,67401.0
2085,1045,472,536,2675,1061,480,560,67451.0
2086,1046,473,536,2677,1062,480,561,67501.0
2087,1047,473,537,2677,1062,480,561,67551.0
2088,1048,474,537,2679,1063,480,562,67601.0
2089,1049,474,538,2680,1064,481,562,67651.0
2090,1050,475,538,2680,1064,481,562,67701.0
2091,1051,475,539,2682,1065,482,562,67752.0
2092,1052,476,539,2683,1066,482,563,67801.0
2093,1053,476,540,2684,1067,483,563,67851.0
2094,1054,477,540,2685,1068,483,564,67901.0
2095,1055,477,541,2686,1069,484,564,67951.0
2096,1056,478,541,2687,1070,484,565,68001.0
2097,1057,478,542,2687,1070,484,565,68051.0
2098,1058,479,542,2689,1071,484,566,68102.0
2099,1059,479,543,2690,1072,485,566,68151.0
2100,1060,480,543,2691,1073,485,567,68201.0
2101,1061,480,544,2692,1074,486,567,68251.0
2102,1062,481,544,2693,1075,486,568,68301.0
2103,1063,481,545,2694,1076,487,568,68351.0
2104,1064,482,545,2695,1077,487,569,68401.0
2105,1065,482,546,2696,1078,488,569,68451.0
2106,1066,483,546,2697,1079,488,570,68501.0
2107,1067,483,547,2698,1080,489,570,68551.0
2108,1068,484,547,2699,1081,489,571,68601.0
2109,1069,484,548,2700,1082,490,571,68651.0
2110,1070,485,548,2700,1082,490,571,68701.0
2111,1071,485,549,2702,1083,491,571,68751.0
2112,1072,486,549,2703,1084,491,572,68801.0
2113,1073,486,550,2704,1085,492,572,68851.0
2114,1074,487,550,2705,1086,492,573,68901.0
2115,1075,487,551,2706,1087,493,573,68951.0
2116,1076,488,551,2707,1088,493,574,69001.0
2117,1077,488,552,2707,1088,493,574,69051.0
2118,1078,489,552,2707,1088,493,574,69101.0
2119,1079,489,553,2710,1089,493,574,69151.0
2120,1080,489,553,2711,1090,493,575,69201.0
2120,1080,489,553,2712,1091,494,575,69251.0
2122,1081,490,553,2713,1092,494,576,69301.0
2124,1082,490,554,2714,1093,495,576,69351.0
2125,1083,490,555,2715,1094,495,577,69401.0
2126,1084,491,555,2716,1095,495,578,69451.0
2127,1085,491,556,2717,1096,495,579,69501.0
2128,1086,492,556,2718,1097,496,579,69551.0
2129,1087,492,557,2719,1098,496,580,69601.0
2129,1087,492,557,2720,1099,497,580,69651.0
2131,1088,492,558,2721,1100,497,581,69701.0
2132,1089,493,558,2721,1100,497,581,69751.0
2133,1090,493,559,2721,1100,497,581,69801.0
2134,1091,494,559,2721,1100,497,581,69851.0
2135,1092,494,560,2725,1101,497,582,69901.0
2136,1093,495,560,2726,1102,498,582,69951.0
2137,1094,495,561,2727,1103,498,583,70001.0
2138,1095,496,561,2728,1104,499,583,70051.0
2139,1096,496,562,2729,1105,499,584,70101.0
2140,1097,496,563,2730,1106,500,584,70151.0
2141,1098,496,564,2731,1107,500,585,70201.0
2141,1098,496,564,2732,1108,501,585,70251.0
2143,1099,496,565,2733,1109,501,586,70301.0
2144,1100,497,565,2734,1110,502,586,70351.0
2145,1101,497,566,2735,1111,502,587,70401.0
2146,1102,498,566,2735,1111,502,587,70451.0
2147,1103,498,567,2735,1111,502,587,70501.0
2148,1104,499,567,2738,1112,503,587,70551.0
2149,1105,499,568,2739,1113,503,588,70601.0
2150,1106,500,568,2740,1114,503,588,70651.0
2151,1107,500,569,2741,1115,503,589,70701.0
2152,1108,501,569,2741,1115,503,589,70752.0
2153,1109,501,570,2743,1116,503,590,70801.0
2154,1110,502,570,2744,1117,504,590,70851.0
2155,1111,502,571,2745,1118,504,591,70901.0
2156,1112,503,571,2746,1119,505,591,70951.0
2157,1113,503,572,2747,1120,505,592,71001.0
2158,1114,504,572,2748,1121,506,592,71051.0
2159,1115,504,573,2749,1122,506,593,71101.0
2160,1116,505,573,2750,1123,507,593,71151.0
2161,1117,505,574,2751,1124,507,594,71201.0
2162,1118,506,574,2752,1125,508,594,71251.0
2163,1119,506,575,2753,1126,508,595,71301.0
2164,1120,507,575,2754,1127,509,595,71351.0
2165,1121,507,576,2755,1128,509,596,71401.0
2166,1122,508,576,2756,1129,509,597,71451.0
2167,1123,508,577,2756,1129,509,597,71501.0
2168,1124,508,578,2756,1129,509,597,71551.0
2169,1125,508,579,2759,1130,509,598,71601.0
2170,1126,509,579,2760,1131,510,598,71651.0
2171,1127,509,580,2761,1132,510,599,71701.0
2172,1128,510,580,2762,1133,511,599,71751.0
2173,1129,510,581,2763,1134,511,600,71801.0
2174,1130,511,581,2763,1134,511,600,71851.0
2175,1131,511,582,2763,1134,511,600,71901.0
2176,1132,512,582,2766,1135,512,600,71951.0
2177,1133,512,583,2767,1136,512,601,72001.0
2178,1134,513,583,2768,1137,513,601,72051.0
2179,1135,513,584,2768,1137,513,601,72101.0
2180,1136,514,584,2770,1138,514,601,72151.0
2180,1136,514,584,2770,1138,514,601,72201.0
2180,1136,514,584,2772,1139,515,601,72251.0
2183,1137,514,585,2773,1140,515,602,72301.0
2184,1138,515,585,2773,1140,515,602,72351.0
2185,1139,515,586,2773,1140,515,602,72401.0
2186,1140,516,586,2776,1141,516,602,72451.0
2187,1141,516,587,2777,1142,516,603,72501.0
2188,1142,517,587,2777,1142,516,603,72551.0
2189,1143,517,588,2779,1143,516,603,72601.0
2190,1144,518,588,2779,1143,516,603,72651.0
2191,1145,518,589,2779,1143,516,603,72701.0
2192,1146,519,589,2782,1144,517,603,72751.0
2193,1147,519,590,2783,1145,517,604,72801.0
2194,1148,520,590,2784,1146,517,605,72851.0
2195,1149,520,591,2785,1147,517,606,72901.0
2196,1150,520,592,2786,1148,518,606,72951.0
2197,1151,520,593,2787,1149,518,607,73001.0
2198,1152,521,593,2788,1150,519,607,73051.0
2199,1153,521,594,2789,1151,519,608,73101.0
2200,1154,522,594,2789,1151,519,608,73151.0
2201,1155,522,595,2791,1152,519,609,73201.0
2202,1156,523,595,2792,1153,520,609,73251.0
2203,1157,523,596,2792,1153,520,609,73301.0
2204,1158,524,596,2794,1154,521,609,73351.0
2205,1159,524,597,2795,1155,521,610,73401.0
2206,1160,525,597,2796,1156,522,610,73451.0
2207,1161,525,598,2797,1157,522,611,73501.0
2208,1162,526,598,2798,1158,523,611,73551.0
2209,1163,526,599,2799,1159,523,612,73601.0
2210,1164,526,600,2800,1160,524,612,73651.0
2211,1165,526,601,2801,1161,524,613,73701.0
2212,1166,527,601,2802,1162,525,613,73752.0
2213,1167,527,602,2802,1162,525,613,73801.0
2214,1168,528,602,2802,1162,525,613,73851.0
2215,1169,528,603,2805,1163,525,614,73901.0
2215,1169,528,603,2806,1164,526,614,73951.0
2216,1170,529,603,2807,1165,526,615,74001.0
2217,1171,529,604,2808,1166,526,616,74051.0
2218,1172,530,604,2809,1167,526,617,74101.0
2219,1173,530,605,2810,1168,527,617,74151.0
2221,1175,531,606,2810,1168,527,617,74201.0
2221,1175,531,606,2810,1168,527,617,74251.0
2222,1176,532,606,2813,1169,527,618,74301.0
2223,1177,532,607,2814,1170,528,618,74351.0
2224,1178,532,608,2814,1170,528,618,74401.0
2225,1179,532,609,2816,1171,529,618,74451.0
2226,1180,533,609,2816,1171,529,618,74501.0
2227,1181,533,610,2816,1171,529,618,74551.0
2228,1182,534,610,2816,1171,529,618,74601.0
2228,1182,534,610,2820,1172,529,618,74651.0
2228,1182,534,610,2821,1173,529,619,74701.0
2232,1184,535,611,2822,1174,529,620,74751.0
2233,1185,535,612,2822,1174,529,620,74801.0
2233,1185,535,612,2824,1175,529,621,74851.0
2235,1187,536,613,2825,1176,529,622,74901.0
2235,1187,536,613,2825,1176,529,622,74951.0
2237,1188,536,614,2825,1176,529,622,75001.0
2238,1189,537,614,2828,1177,530,622,75051.0
2239,1190,537,615,2829,1178,530,623,75101.0
2240,1191,538,615,2829,1178,530,623,75151.0
2241,1192,538,616,2831,1179,530,624,75201.0
2242,1193,538,617,2832,1180,531,624,75252.0
2243,1194,538,618,2833,1181,531,625,75301.0
2244,1195,539,618,2834,1182,532,625,75351.0
2245,1196,539,619,2834,1182,532,625,75401.0
2246,1197,540,619,2836,1183,533,625,75451.0
2247,1198,540,620,2837,1184,533,626,75501.0
2248,1199,541,620,2838,1185,534,626,75551.0
2249,1200,541,621,2839,1186,534,627,75601.0
2250,1201,542,621,2840,1187,535,627,75651.0
2251,1202,542,622,2840,1187,535,627,75701.0
2252,1203,543,622,2842,1188,536,627,75751.0
2253,1204,543,623,2843,1189,536,628,75801.0
2254,1205,544,623,2845,1190,536,629,75851.0
2255,1206,544,624,2845,1190,536,629,75901.0
2256,1207,545,624,2846,1191,537,629,75951.0
2257,1208,545,625,2847,1192,537,630,76001.0
2258,1209,546,625,2848,1193,538,630,76051.0
2259,1210,546,626,2849,1194,538,631,76101.0
2260,1211,547,626,2850,1195,539,631,76151.0
2261,1212,547,627,2850,1195,539,631,76201.0
2262,1213,548,627,2852,1196,540,631,76251.0
2263,1214,548,628,2853,1197,540,632,76301.0
2264,1215,549,628,2854,1198,541,632,76351.0
2265,1216,549,629,2855,1199,541,633,76401.0
2266,1217,550,629,2856,1200,541,634,76451.0
2267,1218,550,630,2857,1201,541,635,76501.0
2268,1219,551,630,2858,1202,542,635,76551.0
2269,1220,551,631,2859,1203,542,636,76601.0
2270,1221,552,631,2860,1204,543,636,76652.0
2271,1222,552,632,2861,1205,543,637,76701.0
2272,1223,553,632,2861,1205,543,637,76752.0
2273,1224,553,633,2861,1205,543,637,76801.0
2274,1225,554,633,2864,1206,544,637,76851.0
2275,1226,554,634,2865,1207,544,638,76901.0
2276,1227,555,634,2866,1208,545,638,76951.0
2277,1228,555,635,2867,1209,545,639,77001.0
2278,1229,556,635,2868,1210,546,639,77051.0
2279,1230,556,636,2869,1211,546,640,77101.0
2280,1231,556,637,2870,1212,547,640,77151.0
2281,1232,556,638,2871,1213,547,641,77201.0
2282,1233,557,638,2872,1214,547,642,77251.0
2283,1234,557,639,2873,1215,547,643,77301.0
2284,1235,558,639,2874,1216,548,643,77351.0
2285,1236,558,640,2875,1217,548,644,77401.0
2286,1237,559,640,2876,1218,549,644,77451.0
2287,1238,559,641,2877,1219,549,645,77501.0
2288,1239,560,641,2878,1220,550,645,77551.0
2289,1240,560,642,2879,1221,550,646,77601.0
2289,1240,560,642,2880,1222,551,646,77651.0
2291,1241,560,643,2881,1223,551,647,77701.0
2292,1242,561,643,2882,1224,552,647,77751.0
2293,1243,561,644,2883,1225,552,648,77801.0
2294,1244,562,644,2884,1226,553,648,77851.0
2295,1245,562,645,2885,1227,553,649,77901.0
2296,1246,563,645,2886,1228,554,649,77951.0
2297,1247,563,646,2887,1229,554,650,78001.0
2297,1247,563,646,2888,1230,555,650,78051.0
2299,1248,563,647,2889,1231,555,651,78101.0
2299,1248,563,647,2890,1232,556,651,78151.0
2300,1249,564,647,2891,1233,556,652,78201.0
2301,1250,564,648,2892,1234,557,652,78251.0
2302,1251,565,648,2893,1235,557,653,78301.0
2303,1252,565,649,2894,1236,558,653,78351.0
2304,1253,566,649,2894,1236,558,653,78401.0
2305,1254,566,650,2897,1237,558,654,78451.0
2306,1255,567,650,2898,1238,559,654,78501.0
2307,1256,567,651,2898,1238,559,654,78551.0
2308,1257,568,651,2899,1239,559,655,78601.0
2309,1258,568,652,2900,1240,560,655,78651.0
2310,1259,569,652,2901,1241,560,656,78701.0
2310,1259,569,652,2902,1242,561,656,78751.0
2312,1260,570,652,2903,1243,561,657,78801.0
2313,1261,570,653,2903,1243,561,657,78851.0
2314,1262,571,653,2903,1243,561,657,78901.0
2315,1263,571,654,2903,1243,561,657,78951.0
2316,1264,572,654,2903,1243,561,657,79002.0
2317,1265,572,655,2908,1244,562,657,79051.0
2318,1266,573,655,2909,1245,562,658,79101.0
2319,1267,573,656,2910,1246,563,658,79151.0
2320,1268,574,656,2910,1246,563,658,79201.0
2321,1269,574,657,2912,1247,564,658,79251.0
2322,1270,574,658,2913,1248,564,659,79301.0
2323,1271,574,659,2913,1248,564,659,79351.0
2324,1272,575,659,2913,1248,564,659,79401.0
2325,1273,575,660,2916,1249,565,659,79451.0
2326,1274,576,660,2917,1250,565,659,79501.0
2327,1275,576,661,2917,1250,565,659,79551.0
2328,1276,577,661,2917,1250,565,659,79601.0
2329,1277,577,662,2920,1251,566,659,79651.0
2330,1278,578,662,2921,1252,566,660,79701.0
2331,1279,578,663,2922,1253,567,660,79751.0
2332,1280,579,663,2922,1253,567,660,79801.0
2333,1281,579,664,2922,1253,567,660,79851.0
2334,1282,580,664,2922,1253,567,660,79901.0
2335,1283,580,665,2922,1253,567,660,79951.0
2336,1284,581,665,2927,1254,567,660,80001.0
2337,1285,581,666,2928,1255,568,660,80051.0
2338,1286,582,666,2929,1256,568,661,80101.0
2339,1287,582,667,2930,1257,568,661,80151.0
2340,1288,583,667,2931,1258,568,662,80201.0
2341,1289,583,668,2932,1259,569,662,80251.0
2342,1290,584,668,2933,1260,569,663,80301.0
2343,1291,584,669,2934,1261,570,663,80351.0
2344,1292,585,669,2935,1262,570,664,80401.0
2345,1293,585,670,2936,1263,571,664,80451.0
2346,1294,586,670,2937,1264,571,665,80501.0
2347,1295,586,671,2938,1265,572,665,80551.0
2348,1296,587,671,2939,1266,572,666,80601.0
2349,1297,587,672,2939,1266,572,666,80651.0
2350,1298,588,672,2941,1267,572,667,80701.0
2351,1299,588,673,2942,1268,573,667,80751.0
2352,1300,589,673,2943,1269,573,668,80801.0
2353,1301,589,674,2944,1270,574,668,80851.0
2354,1302,590,674,2945,1271,574,669,80901.0
2355,1303,590,675,2946,1272,575,669,80951.0
2356,1304,591,675,2947,1273,575,670,81001.0
2357,1305,591,676,2948,1274,576,670,81051.0
2358,1306,592,676,2949,1275,576,671,81101.0
2359,1307,592,677,2950,1276,577,671,81151.0
2359,1307,592,677,2951,1277,577,672,81201.0
2361,1308,592,678,2952,1278,578,672,81251.0
2362,1309,593,678,2953,1279,578,673,81301.0
2363,1310,593,679,2954,1280,579,673,81351.0
2364,1311,594,679,2955,1281,579,674,81401.0
2365,1312,594,680,2956,1282,580,674,81451.0
2366,1313,594,681,2957,1283,580,675,81502.0
2367,1314,594,682,2958,1284,581,675,81551.0
2368,1315,595,682,2959,1285,581,676,81601.0
2369,1316,595,683,2960,1286,581,676,81651.0
2370,1317,596,683,2961,1287,581,676,81701.0
2371,1318,596,684,2962,1288,581,676,81751.0
2372,1319,597,684,2963,1289,581,677,81801.0
2373,1320,597,685,2964,1290,581,678,81851.0
2374,1321,597,686,2965,1291,581,679,81901.0
2375,1322,597,687,2966,1292,582,679,81951.0
2376,1323,598,687,2967,1293,582,680,82001.0
2377,1324,598,688,2968,1294,583,680,82051.0
2378,1325,599,688,2968,1294,583,680,82101.0
2379,1326,599,689,2970,1295,584,680,82151.0
2380,1327,600,689,2971,1296,584,681,82201.0
2381,1328,600,690,2972,1297,585,681,82251.0
2382,1329,601,690,2973,1298,585,682,82301.0
2383,1330,601,691,2974,1299,586,682,82351.0
2384,1331,602,691,2975,1300,586,683,82401.0
2385,1332,602,692,2976,1301,587,683,82451.0
2386,1333,603,692,2977,1302,587,684,82501.0
2386,1333,603,692,2978,1303,588,684,82551.0
2388,1334,604,692,2978,1303,588,684,82601.0
2389,1335,604,693,2980,1304,589,684,82652.0
2390,1336,605,693,2981,1305,589,685,82701.0
2391,1337,605,694,2981,1305,589,685,82751.0
2392,1338,606,694,2981,1305,589,685,82801.0
2393,1339,606,695,2984,1306,590,685,82851.0
2394,1340,607,695,2985,1307,590,686,82901.0
2395,1341,607,696,2986,1308,591,686,82951.0
2396,1342,608,696,2986,1308,591,686,83001.0
2397,1343,608,697,2988,1309,592,686,83051.0
2398,1344,609,697,2988,1309,592,686,83101.0
2399,1345,609,698,2988,1309,592,686,83151.0
2400,1346,610,698,2988,1309,592,686,83201.0
2401,1347,610,699,2992,1310,592,686,83251.0
2402,1348,611,699,2993,1311,592,687,83301.0
2403,1349,611,700,2994,1312,593,687,83351.0
2404,1350,612,700,2995,1313,593,688,83401.0
2405,1351,612,701,2995,1313,593,688,83451.0
2406,1352,613,701,2997,1314,593,689,83501.0
2407,1353,613,702,2998,1315,594,689,83551.0
2408,1354,614,702,2998,1315,594,689,83601.0
2409,1355,614,703,3000,1316,594,690,83651.0
2410,1356,614,704,3000,1316,594,690,83701.0
2411,1357,614,705,3002,1317,594,691,83751.0
2412,1358,615,705,3003,1318,594,692,83801.0
2413,1359,615,706,3004,1319,595,692,83851.0
2414,1360,616,706,3005,1320,595,693,83901.0
2415,1361,616,707,3005,1320,595,693,83951.0
2416,1362,617,707,3007,1321,595,694,84001.0
2417,1363,617,708,3008,1322,596,694,84051.0
2418,1364,618,708,3009,1323,596,695,84101.0
2419,1365,618,709,3010,1324,597,695,84151.0
2420,1366,619,709,3010,1324,597,695,84201.0
2421,1367,619,710,3012,1325,598,695,84251.0
2422,1368,620,710,3013,1326,598,696,84301.0
2423,1369,620,711,3014,1327,598,697,84351.0
2424,1370,621,711,3015,1328,598,698,84401.0
2425,1371,621,712,3016,1329,598,699,84451.0
2426,1372,621,713,3017,1330,598,700,84501.0
2427,1373,621,714,3017,1330,598,700,84551.0
2428,1374,622,714,3019,1331,598,701,84601.0
2429,1375,622,715,3020,1332,599,701,84651.0
2430,1376,623,715,3021,1333,599,702,84701.0
2430,1376,623,715,3022,1334,600,702,84751.0
2432,1377,624,715,3023,1335,600,703,84801.0
2433,1378,624,716,3024,1336,601,703,84851.0
2434,1379,625,716,3025,1337,601,704,84901.0
2434,1379,625,716,3026,1338,601,705,84951.0
2434,1379,625,716,3026,1338,601,705,85001.0
2434,1379,625,716,3028,1339,601,706,85051.0
2438,1380,625,717,3028,1339,601,706,85101.0
2439,1381,625,718,3030,1340,602,706,85151.0
2440,1382,626,718,3031,1341,602,707,85201.0
2441,1383,626,719,3032,1342,603,707,85251.0
2442,1384,627,719,3033,1343,603,708,85301.0
2443,1385,627,720,3034,1344,604,708,85351.0
2443,1385,627,720,3035,1345,604,709,85401.0
2443,1385,627,720,3036,1346,604,710,85451.0
2443,1385,627,720,3037,1347,604,711,85501.0
2447,1386,627,721,3038,1348,605,711,85551.0
2448,1387,628,721,3039,1349,605,712,85601.0
2449,1388,628,722,3040,1350,606,712,85651.0
2450,1389,628,723,3041,1351,606,713,85701.0
2450,1389,628,723,3042,1352,607,713,85751.0
2450,1389,628,723,3043,1353,607,714,85801.0
2453,1390,628,724,3044,1354,608,714,85851.0
2453,1390,628,724,3045,1355,608,715,85901.0
2453,1390,628,724,3046,1356,609,715,85951.0
2456,1391,629,724,3047,1357,609,716,86001.0
2457,1392,629,725,3048,1358,610,716,86051.0
2457,1392,629,725,3049,1359,610,717,86101.0
2457,1392,629,725,3050,1360,611,717,86151.0
2457,1392,629,725,3051,1361,611,718,86201.0
2461,1393,629,726,3052,1362,612,718,86251.0
2462,1394,630,726,3053,1363,612,719,86301.0
2463,1395,630,727,3054,1364,612,719,86351.0
2463,1395,630,727,3055,1365,612,720,86401.0
2465,1396,630,728,3056,1366,613,720,86451.0
2466,1397,630,728,3057,1367,613,721,86501.0
2467,1398,630,729,3058,1368,614,721,86551.0
2468,1399,631,729,3059,1369,614,722,86601.0
2469,1400,631,730,3060,1370,615,722,86652.0
2469,1400,631,730,3060,1370,615,722,86701.0
2471,1401,631,731,3062,1371,616,722,86751.0
2472,1402,632,731,3063,1372,616,723,86801.0
2472,1402,632,731,3064,1373,617,723,86851.0
2474,1403,633,731,3065,1374,617,724,86901.0
2475,1404,633,732,3066,1375,618,724,86951.0
2475,1404,633,732,3067,1376,618,725,87001.0
2475,1404,633,732,3068,1377,619,725,87051.0
2478,1405,634,732,3068,1377,619,725,87101.0
2479,1406,634,733,3070,1378,620,725,87151.0
2480,1407,635,733,3071,1379,620,726,87201.0
2481,1408,635,734,3071,1379,620,726,87251.0
2482,1409,636,734,3071,1379,620,726,87301.0
2483,1410,636,735,3071,1379,620,726,87351.0
2484,1411,636,736,3075,1380,620,727,87401.0
2485,1412,636,737,3076,1381,620,728,87451.0
2485,1412,636,737,3077,1382,620,729,87501.0
2485,1412,636,737,3078,1383,621,729,87551.0
2488,1413,637,737,3079,1384,621,730,87601.0
2488,1413,637,737,3080,1385,622,730,87651.0
2488,1413,637,737,3081,1386,622,731,87701.0
2491,1414,637,738,3082,1387,623,731,87751.0
2492,1415,638,738,3083,1388,623,732,87801.0
2493,1416,638,739,3084,1389,624,732,87851.0
2494,1417,639,739,3085,1390,624,733,87901.0
2495,1418,639,740,3086,1391,625,733,87951.0
2496,1419,640,740,3087,1392,625,734,88001.0
2497,1420,640,741,3087,1392,625,734,88051.0
2497,1420,640,741,3089,1393,625,735,88101.0
2497,1420,640,741,3090,1394,626,735,88151.0
2500,1421,641,741,3091,1395,626,736,88201.0
2501,1422,641,742,3092,1396,627,736,88251.0
2502,1423,642,742,3093,1397,627,736,88301.0
2503,1424,642,743,3094,1398,627,737,88351.0
2504,1425,643,743,3095,1399,627,738,88401.0
2505,1426,643,744,3095,1399,627,738,88451.0
2506,1427,643,745,3097,1400,627,739,88501.0
2507,1428,643,746,3097,1400,627,739,88551.0
2508,1429,644,746,3099,1401,627,740,88601.0
2509,1430,644,747,3099,1401,627,740,88651.0
2510,1431,645,747,3101,1402,627,741,88701.0
2511,1432,645,748,3102,1403,628,741,88751.0
2512,1433,646,748,3103,1404,628,742,88801.0
2513,1434,646,749,3104,1405,629,742,88851.0
2514,1435,647,749,3105,1406,629,743,88901.0
2515,1436,647,750,3106,1407,630,743,88951.0
2516,1437,648,750,3107,1408,630,744,89001.0
2517,1438,648,751,3107,1408,630,744,89051.0
2518,1439,649,751,3107,1408,630,744,89101.0
2519,1440,649,752,3110,1409,631,744,89151.0
2520,1441,650,752,3110,1409,631,744,89201.0
2521,1442,650,753,3112,1410,632,744,89251.0
2522,1443,651,753,3113,1411,632,745,89301.0
2523,1444,651,754,3114,1412,633,745,89351.0
2524,1445,652,754,3115,1413,633,746,89401.0
2525,1446,652,755,3116,1414,634,746,89451.0
2526,1447,653,755,3117,1415,634,747,89501.0
2527,1448,653,756,3118,1416,635,747,89551.0
2528,1449,654,756,3119,1417,635,748,89601.0
2529,1450,654,757,3120,1418,636,748,89651.0
2530,1451,655,757,3121,1419,636,749,89701.0
2530,1451,655,757,3122,1420,637,749,89751.0
2530,1451,655,757,3123,1421,637,749,89801.0
2534,1452,656,757,3124,1422,638,749,89851.0
2535,1453,656,757,3125,1423,638,750,89901.0
2535,1453,656,757,3125,1423,638,750,89951.0
2535,1453,656,757,3125,1423,638,750,90001.0
2538,1454,657,757,3128,1424,639,750,90051.0
2539,1455,657,758,3128,1424,639,750,90101.0
2540,1456,657,759,3128,1424,639,750,90151.0
2541,1457,657,760,3128,1424,639,750,90201.0
2542,1458,658,760,3128,1424,639,750,90251.0
2543,1459,658,761,3133,1425,639,750,90301.0
2544,1460,659,761,3134,1426,640,750,90351.0
2545,1461,659,762,3135,1427,640,751,90401.0
2546,1462,660,762,3136,1428,641,751,90451.0
2547,1463,660,763,3137,1429,641,752,90501.0
2548,1464,661,763,3138,1430,642,752,90551.0
2549,1465,661,764,3139,1431,642,753,90601.0
2550,1466,662,764,3140,1432,643,753,90651.0
2551,1467,662,765,3140,1432,643,753,90701.0
2551,1467,662,765,3142,1433,644,753,90751.0
2552,1468,663,765,3142,1433,644,753,90801.0
2554,1470,664,766,3144,1434,645,753,90851.0
2554,1470,664,766,3144,1434,645,753,90901.0
2555,1471,664,767,3146,1435,646,753,90951.0
2556,1472,665,767,3147,1436,646,754,91001.0
2557,1473,665,768,3148,1437,647,754,91051.0
2559,1475,666,769,3149,1438,647,755,91101.0
2560,1476,667,769,3150,1439,648,755,91151.0
2561,1477,667,770,3151,1440,648,756,91201.0
2562,1478,668,770,3152,1441,649,756,91251.0
2563,1479,668,771,3153,1442,649,757,91301.0
2563,1479,668,771,3154,1443,650,757,91351.0
2563,1479,668,771,3155,1444,650,758,91401.0
2563,1479,668,771,3156,1445,651,758,91451.0
2566,1480,669,771,3157,1446,651,759,91501.0
2568,1482,670,772,3158,1447,652,759,91551.0
2568,1482,670,772,3159,1448,652,760,91601.0
2569,1483,670,773,3160,1449,653,760,91651.0
2569,1483,670,773,3161,1450,653,761,91701.0
2569,1483,670,773,3162,1451,654,761,91751.0
2569,1483,670,773,3163,1452,654,762,91801.0
2573,1484,670,774,3164,1453,655,762,91851.0
2573,1484,670,774,3165,1454,655,763,91901.0
2573,1484,670,774,3166,1455,656,763,91951.0
2573,1484,670,774,3167,1456,656,764,92001.0
2573,1484,670,774,3168,1457,657,764,92051.0
2578,1485,671,774,3169,1458,657,765,92101.0
2579,1486,671,775,3170,1459,658,765,92151.0
2580,1487,672,775,3171,1460,658,766,92201.0
2580,1487,672,775,3172,1461,659,766,92252.0
2582,1488,673,775,3173,1462,659,767,92301.0
2583,1489,673,776,3174,1463,660,767,92351.0
2583,1489,673,776,3175,1464,660,768,92401.0
2583,1489,673,776,3176,1465,661,768,92451.0
2586,1490,674,776,3177,1466,661,769,92501.0
2587,1491,674,777,3178,1467,662,769,92551.0
2588,1492,675,777,3179,1468,662,770,92601.0
2589,1493,675,778,3179,1468,662,770,92651.0
2590,1494,676,778,3181,1469,662,771,92701.0
2590,1494,676,778,3182,1470,662,771,92751.0
2592,1495,677,778,3182,1470,662,771,92801.0
2592,1495,677,778,3184,1471,663,771,92851.0
2594,1496,677,778,3184,1471,663,771,92901.0
2595,1497,677,779,3184,1471,663,771,92951.0
2596,1498,678,779,3187,1472,663,772,93001.0
2597,1499,678,780,3188,1473,664,772,93051.0
2598,1500,679,780,3189,1474,664,773,93101.0
2599,1501,679,781,3190,1475,665,773,93151.0
2599,1501,679,781,3191,1476,665,774,93201.0
2601,1502,679,782,3191,1476,665,774,93251.0
2602,1503,680,782,3193,1477,665,775,93301.0
2603,1504,680,783,3194,1478,666,775,93351.0
2604,1505,681,783,3195,1479,666,776,93401.0
2605,1506,681,784,3196,1480,667,776,93451.0
2607,1508,682,785,3197,1481,667,777,93501.0
2608,1509,683,785,3198,1482,668,777,93551.0
2609,1510,683,786,3199,1483,668,778,93601.0
2610,1511,683,787,3200,1484,669,778,93651.0
2611,1512,683,788,3201,1485,669,779,93701.0
2612,1513,684,788,3202,1486,670,779,93751.0
2613,1514,684,789,3203,1487,670,780,93801.0
2614,1515,685,789,3204,1488,671,780,93851.0
2615,1516,685,790,3205,1489,671,781,93901.0
2616,1517,686,790,3205,1489,671,781,93952.0
2617,1518,686,791,3207,1490,671,782,94001.0
2618,1519,687,791,3207,1490,671,782,94051.0
2619,1520,687,792,3209,1491,671,783,94101.0
2620,1521,688,792,3210,1492,672,783,94151.0
2621,1522,688,793,3211,1493,672,784,94201.0
2622,1523,689,793,3212,1494,673,784,94251.0
2623,1524,689,794,3213,1495,673,785,94301.0
2624,1525,690,794,3214,1496,673,786,94351.0
2625,1526,690,795,3215,1497,673,787,94401.0
2626,1527,691,795,3216,1498,674,787,94451.0
2627,1528,691,796,3217,1499,674,788,94501.0
2628,1529,692,796,3217,1499,674,788,94551.0
2629,1530,692,797,3219,1500,674,789,94601.0
2629,1530,692,797,3220,1501,675,789,94651.0
2629,1530,692,797,3221,1502,675,790,94701.0
2629,1530,692,797,3222,1503,676,790,94751.0
2629,1530,692,797,3223,1504,676,791,94801.0
2629,1530,692,797,3224,1505,677,791,94851.0
2629,1530,692,797,3225,1506,677,792,94901.0
2636,1531,693,797,3226,1507,678,792,94951.0
2636,1531,693,797,3227,1508,678,793,95001.0
2638,1532,694,797,3228,1509,679,793,95051.0
2639,1533,694,798,3229,1510,679,794,95101.0
2640,1534,695,798,3230,1511,680,794,95151.0
2640,1534,695,798,3231,1512,680,795,95201.0
2642,1535,696,798,3232,1513,681,795,95251.0
2643,1536,696,799,3234,1515,682,796,95301.0
2644,1537,697,799,3235,1516,682,797,95351.0
2645,1538,697,800,3236,1517,683,797,95401.0
2646,1539,698,800,3236,1517,683,797,95451.0
2647,1540,698,801,3237,1518,683,798,95501.0
2648,1541,699,801,3238,1519,684,798,95551.0
2649,1542,699,802,3239,1520,684,799,95601.0
2650,1543,700,802,3240,1521,685,799,95651.0
2651,1544,700,803,3240,1521,685,799,95701.0
2652,1545,701,803,3240,1521,685,799,95751.0
2653,1546,701,804,3243,1522,685,800,95801.0
2654,1547,702,804,3245,1523,685,801,95851.0
2655,1548,702,805,3246,1524,686,801,95901.0
2655,1548,702,805,3247,1525,686,802,95951.0
2657,1549,702,806,3248,1526,687,802,96001.0
2657,1549,702,806,3249,1527,687,803,96051.0
2657,1549,702,806,3250,1528,688,803,96101.0
2660,1550,703,806,3251,1529,688,804,96151.0
2661,1551,703,807,3252,1530,689,804,96201.0
2661,1551,703,807,3253,1531,689,805,96251.0
2663,1552,703,808,3254,1532,690,805,96301.0
2664,1553,704,808,3255,1533,690,806,96351.0
2665,1554,704,809,3256,1534,691,806,96401.0
2666,1555,705,809,3257,1535,691,807,96451.0
2667,1556,705,810,3258,1536,692,807,96501.0
2668,1557,706,810,3259,1537,692,808,96551.0
2668,1557,706,810,3260,1538,692,809,96601.0
2670,1558,707,810,3261,1539,692,810,96651.0
2671,1559,707,811,3262,1540,693,810,96701.0
2672,1560,708,811,3263,1541,693,811,96751.0
2673,1561,708,812,3264,1542,694,811,96801.0
2674,1562,709,812,3265,1543,694,812,96851.0
2675,1563,709,813,3265,1543,694,812,96901.0
2676,1564,710,813,3265,1543,694,812,96951.0
2677,1565,710,814,3267,1544,694,813,97001.0
2678,1566,711,814,3267,1544,694,813,97051.0
2679,1567,711,815,3270,1545,695,813,97101.0
2680,1568,712,815,3270,1545,695,813,97151.0
2680,1568,712,815,3271,1546,695,814,97201.0
2682,1569,713,815,3272,1547,696,814,97251.0
2683,1570,713,816,3274,1548,697,814,97301.0
2684,1571,714,816,3275,1549,697,815,97351.0
2685,1572,714,817,3275,1549,697,815,97401.0
2686,1573,715,817,3277,1551,698,816,97451.0
2687,1574,715,818,3278,1552,699,816,97501.0
2688,1575,716,818,3279,1553,699,816,97551.0
2689,1576,716,819,3279,1553,699,816,97601.0
2690,1577,716,820,3281,1554,699,817,97651.0
2691,1578,716,821,3282,1555,700,817,97701.0
2692,1579,717,821,3283,1556,700,818,97751.0
2693,1580,717,822,3284,1557,701,818,97802.0
2694,1581,718,822,3285,1558,701,819,97851.0
2695,1582,718,823,3286,1559,702,819,97901.0
2696,1583,719,823,3287,1560,702,820,97951.0
2697,1584,719,824,3288,1561,703,820,98001.0
2697,1584,719,824,3288,1561,703,820,98051.0
2699,1585,719,825,3289,1562,703,821,98101.0
2699,1585,719,825,3290,1563,704,821,98151.0
2701,1586,719,826,3291,1564,704,822,98201.0
2702,1587,720,826,3292,1565,705,822,98251.0
2703,1588,720,827,3293,1566,705,823,98301.0
2703,1588,720,827,3294,1567,706,823,98351.0
2703,1588,720,827,3295,1568,706,824,98401.0
2706,1589,721,827,3296,1569,707,824,98451.0
2706,1589,721,827,3297,1570,707,825,98501.0
2706,1589,721,827,3298,1571,708,825,98551.0
2706,1589,721,827,3299,1572,708,826,98601.0
2706,1589,721,827,3300,1573,708,827,98651.0
2706,1589,721,827,3301,1574,708,828,98701.0
2712,1590,721,827,3302,1575,708,829,98751.0
2713,1591,721,828,3303,1576,708,830,98801.0
2713,1591,721,828,3304,1577,709,830,98851.0
2715,1592,721,829,3305,1578,709,831,98901.0
2715,1592,721,829,3306,1579,710,831,98951.0
2717,1593,721,830,3306,1579,710,831,99001.0
2718,1594,722,830,3306,1579,710,831,99051.0
2718,1594,722,830,3309,1580,710,832,99101.0
2720,1595,723,830,3310,1581,711,832,99151.0
2721,1596,723,831,3311,1582,711,833,99201.0
2722,1597,724,831,3312,1583,712,833,99251.0
2723,1598,724,832,3313,1584,712,834,99301.0
2724,1599,725,832,3315,1585,712,835,99351.0
2725,1600,725,833,3316,1586,713,835,99401.0
2725,1600,725,833,3317,1587,713,836,99451.0
2727,1601,725,834,3318,1588,714,836,99501.0
2728,1602,726,834,3319,1589,714,837,99551.0
2729,1603,726,835,3320,1590,715,837,99601.0
2729,1603,726,835,3321,1591,715,838,99651.0
2731,1604,726,836,3322,1592,716,838,99701.0
2732,1605,727,836,3322,1592,716,838,99751.0
2732,1605,727,836,3322,1592,716,838,99801.0
2732,1605,727,836,3324,1593,717,838,99851.0
2732,1605,727,836,3326,1594,718,838,99901.0
2732,1605,727,836,3327,1595,718,839,99951.0
2737,1606,727,836,3328,1596,718,840,100001.0
2738,1607,727,836,3328,1596,718,840,100051.0
2739,1608,727,837,3328,1596,718,840,100101.0
2740,1609,728,837,3328,1596,718,840,100151.0
2741,1610,728,838,3331,1597,718,841,100201.0
2742,1611,729,838,3332,1598,719,841,100251.0
2743,1612,729,839,3333,1599,719,842,100301.0
2744,1613,730,839,3334,1600,720,842,100351.0
2745,1614,730,840,3335,1601,720,843,100401.0
2746,1615,731,840,3336,1602,721,843,100451.0
2747,1616,731,841,3337,1603,721,844,100501.0
2748,1617,731,842,3338,1604,721,845,100551.0
2749,1618,731,843,3339,1605,721,846,100601.0
2749,1618,731,843,3339,1605,721,846,100651.0
2751,1619,731,844,3341,1606,721,847,100701.0
2752,1620,732,844,3341,1606,721,847,100751.0
2752,1620,732,844,3343,1607,721,847,100801.0
2752,1620,732,844,3345,1608,721,848,100851.0
2755,1621,732,845,3346,1609,722,848,100901.0
2756,1622,733,845,3347,1610,722,849,100951.0
2757,1623,733,846,3348,1611,723,849,101001.0
2758,1624,734,846,3349,1612,723,850,101051.0
2758,1624,734,846,3350,1613,724,850,101101.0
2760,1625,735,846,3351,1614,724,851,101151.0
2761,1626,735,847,3352,1615,725,851,101202.0
2762,1627,736,847,3353,1616,725,852,101252.0
2763,1628,736,848,3354,1617,726,852,101302.0
2763,1628,736,848,3355,1618,726,853,101351.0
2765,1629,736,849,3356,1619,727,853,101401.0
2765,1629,736,849,3357,1620,727,854,101451.0
2765,1629,736,849,3358,1621,728,854,101501.0
2765,1629,736,849,3359,1622,728,855,101551.0
2765,1629,736,849,3360,1623,729,855,101601.0
2770,1630,737,849,3361,1624,729,856,101651.0
2770,1630,737,849,3362,1625,730,856,101701.0
2772,1631,738,849,3363,1626,730,857,101751.0
2772,1631,738,849,3364,1627,731,857,101801.0
2772,1631,738,849,3365,1628,731,858,101851.0
2772,1631,738,849,3366,1629,731,859,101901.0
2772,1631,738,849,3366,1629,731,859,101951.0
2777,1632,738,849,3368,1630,732,859,102001.0
2778,1633,739,849,3369,1631,732,860,102051.0
2779,1634,739,850,3369,1631,732,860,102101.0
2780,1635,740,850,3371,1632,732,861,102151.0
2781,1636,740,851,3372,1633,733,861,102201.0
2782,1637,741,851,3373,1634,733,862,102251.0
2783,1638,741,852,3374,1635,734,862,102301.0
2784,1639,742,852,3375,1636,734,863,102351.0
2785,1640,742,853,3376,1637,735,863,102401.0
2786,1641,743,853,3377,1638,735,864,102451.0
2787,1642,743,854,3378,1639,736,864,102501.0
2788,1643,744,854,3379,1640,736,865,102551.0
2789,1644,744,855,3379,1640,736,865,102601.0
2789,1644,744,855,3381,1642,737,866,102651.0
2789,1644,744,855,3381,1642,737,866,102701.0
2792,1645,745,855,3382,1643,738,866,102751.0
2793,1646,745,856,3382,1643,738,866,102801.0
2794,1647,745,857,3384,1644,739,866,102851.0
2795,1648,745,858,3385,1645,739,867,102901.0
2796,1649,746,858,3385,1645,739,867,102951.0
2797,1650,746,859,3385,1645,739,867,103001.0
2798,1651,746,860,3385,1645,739,867,103051.0
2799,1652,746,861,3385,1645,739,867,103101.0
2800,1653,747,861,3385,1645,739,867,103151.0
2801,1654,747,862,3385,1645,739,867,103201.0
2801,1654,747,862,3392,1646,740,867,103251.0
2801,1654,747,862,3393,1647,740,868,103301.0
2804,1655,747,863,3395,1649,740,870,103351.0
2805,1656,747,864,3396,1650,741,870,103401.0
2806,1657,748,864,3396,1650,741,870,103451.0
2807,1658,748,865,3398,1651,742,870,103501.0
2808,1659,749,865,3399,1652,742,871,103551.0
2809,1660,749,866,3400,1653,742,871,103601.0
2810,1661,749,866,3400,1653,742,871,103651.0
2811,1662,749,867,3402,1654,742,871,103701.0
2812,1663,750,867,3402,1654,742,871,103751.0
2813,1664,750,868,3404,1655,743,871,103801.0
2813,1664,750,868,3404,1655,743,871,103851.0
2813,1664,750,868,3404,1655,743,871,103901.0
2816,1665,751,868,3407,1656,743,872,103951.0
2817,1666,751,869,3408,1657,744,872,104001.0
2818,1667,752,869,3409,1658,744,873,104051.0
2819,1668,752,870,3410,1659,745,873,104102.0
2819,1668,752,870,3411,1660,745,874,104151.0
2821,1669,752,871,3412,1661,746,874,104201.0
2822,1670,753,871,3412,1661,746,874,104251.0
2823,1671,753,872,3412,1661,746,874,104301.0
2824,1672,753,873,3415,1662,746,875,104351.0
2825,1673,753,874,3416,1663,747,875,104401.0
2826,1674,754,874,3417,1664,747,876,104451.0
2827,1675,754,875,3417,1664,747,876,104501.0
2827,1675,754,875,3417,1664,747,876,104551.0
2829,1676,754,876,3420,1665,748,876,104601.0
2830,1677,755,876,3421,1666,748,877,104651.0
2831,1678,755,877,3422,1667,748,878,104701.0
2832,1679,756,877,3423,1668,748,879,104751.0
2833,1680,756,878,3424,1669,749,879,104801.0
2834,1681,757,878,3425,1670,749,880,104851.0
2835,1682,757,879,3426,1671,750,880,104901.0
2836,1683,758,879,3426,1671,750,880,104951.0
2837,1684,758,880,3428,1672,750,880,105001.0
2838,1685,759,880,3429,1673,750,880,105051.0
2839,1686,759,881,3430,1674,751,880,105101.0
2840,1687,760,881,3430,1674,751,880,105151.0
2842,1689,760,883,3430,1674,751,880,105201.0
2842,1689,760,883,3433,1675,751,881,105251.0
2843,1690,760,884,3434,1676,751,882,105301.0
2844,1691,761,884,3435,1677,751,883,105351.0
2844,1691,761,884,3436,1678,752,883,105401.0
2844,1691,761,884,3437,1679,752,884,105451.0
2847,1692,761,885,3438,1680,753,884,105501.0
2847,1692,761,885,3439,1681,753,885,105551.0
2849,1693,761,886,3440,1682,753,886,105601.0
2849,1693,761,886,3441,1683,753,887,105651.0
2852,1694,762,886,3442,1684,754,887,105701.0
2852,1694,762,886,3443,1685,754,888,105751.0
2854,1695,762,887,3444,1686,754,889,105801.0
2854,1695,762,887,3445,1687,754,890,105851.0
2855,1696,762,888,3446,1688,755,890,105901.0
2856,1697,763,888,3447,1689,755,891,105951.0
2857,1698,763,889,3447,1689,755,891,106001.0
2858,1699,764,889,3447,1689,755,891,106051.0
2859,1700,764,890,3450,1690,756,891,106101.0
2860,1701,765,890,3451,1691,756,892,106151.0
2861,1702,765,891,3452,1692,757,892,106201.0
2862,1703,766,891,3452,1692,757,892,106251.0
2863,1704,766,892,3454,1693,758,892,106301.0
2864,1705,767,892,3455,1694,758,893,106351.0
2865,1706,767,893,3456,1695,759,893,106401.0
2866,1707,768,893,3457,1696,759,894,106451.0
2867,1708,768,894,3458,1697,760,894,106501.0
2868,1709,769,894,3459,1698,760,895,106551.0
2868,1709,769,894,3460,1699,761,895,106601.0
2870,1710,770,894,3460,1699,761,895,106651.0
2871,1711,770,895,3462,1700,762,895,106701.0
2872,1712,771,895,3463,1701,762,895,106751.0
2873,1713,771,895,3464,1702,763,895,106801.0
2874,1714,772,895,3465,1703,763,896,106851.0
2875,1715,772,896,3466,1704,764,896,106901.0
2876,1716,773,896,3467,1705,764,897,106951.0
2877,1717,773,897,3468,1706,765,897,107001.0
2878,1718,774,897,3469,1707,765,898,107051.0
2879,1719,774,898,3470,1708,766,898,107101.0
2879,1719,774,898,3471,1709,766,899,107151.0
2881,1720,774,899,3472,1710,767,899,107201.0
2882,1721,775,899,3473,1711,767,900,107251.0
2883,1722,775,900,3473,1711,767,900,107301.0
2883,1722,775,900,3473,1711,767,900,107351.0
2885,1723,775,901,3476,1712,768,900,107401.0
2886,1724,776,901,3476,1712,768,900,107451.0
2887,1725,776,902,3478,1713,769,900,107501.0
2888,1726,777,902,3478,1713,769,900,107551.0
2889,1727,777,903,3480,1714,769,900,107601.0
2889,1727,777,903,3481,1715,769,901,107651.0
2891,1728,777,904,3482,1716,770,901,107701.0
2892,1729,778,904,3483,1717,770,902,107751.0
2893,1730,778,905,3484,1718,771,902,107801.0
2894,1731,779,905,3485,1719,771,903,107851.0
2895,1732,779,906,3485,1719,771,903,107901.0
2896,1733,780,906,3485,1719,771,903,107951.0
2897,1734,780,907,3485,1719,771,903,108001.0
2898,1735,780,907,3489,1720,771,904,108051.0
2899,1736,780,908,3489,1720,771,904,108101.0
2900,1737,781,908,3491,1721,771,905,108151.0
2901,1738,781,909,3492,1722,772,905,108201.0
2902,1739,782,909,3493,1723,772,906,108251.0
2903,1740,782,910,3494,1724,772,907,108301.0
2903,1740,782,910,3495,1725,772,908,108351.0
2905,1741,782,911,3496,1726,773,908,108401.0
2905,1741,782,911,3497,1727,773,909,108451.0
2905,1741,782,911,3498,1728,774,909,108501.0
2908,1742,783,911,3498,1728,774,909,108551.0
2909,1743,783,912,3498,1728,774,909,108601.0
2910,1744,784,912,3501,1729,774,910,108651.0
2911,1745,784,912,3501,1729,774,910,108701.0
2912,1746,784,912,3503,1730,774,911,108751.0
2913,1747,784,912,3504,1731,774,911,108801.0
2914,1748,784,912,3505,1732,774,911,108851.0
2915,1749,784,913,3506,1733,774,911,108901.0
2916,1750,785,913,3507,1734,774,912,108951.0
2917,1751,785,914,3508,1735,775,912,109001.0
2918,1752,786,914,3508,1735,775,912,109051.0
2919,1753,786,914,3510,1736,776,912,109101.0
2920,1754,787,914,3511,1737,776,913,109151.0
2920,1754,787,914,3512,1738,777,913,109201.0
2922,1755,787,915,3513,1739,777,914,109251.0
2923,1756,787,916,3513,1739,777,914,109301.0
2924,1757,788,916,3513,1739,777,914,109351.0
2925,1758,788,917,3513,1739,777,914,109401.0
2926,1759,789,917,3513,1739,777,914,109451.0
2927,1760,789,918,3518,1740,778,914,109501.0
2928,1761,790,918,3519,1741,778,915,109551.0
2928,1761,790,918,3520,1742,779,915,109601.0
2930,1762,791,918,3520,1742,779,915,109651.0
2931,1763,791,919,3522,1743,780,915,109701.0
2932,1764,792,919,3523,1744,780,916,109752.0
2933,1765,792,920,3524,1745,781,916,109801.0
2934,1766,793,920,3525,1746,781,917,109851.0
2934,1766,793,920,3525,1746,781,917,109901.0
2934,1766,793,920,3527,1747,781,918,109951.0
2937,1767,793,921,3528,1748,782,918,110001.0
2937,1767,793,921,3529,1749,782,919,110051.0
2939,1768,793,922,3529,1749,782,919,110101.0
2939,1768,793,922,3531,1750,782,920,110151.0
2941,1769,793,923,3532,1751,783,920,110201.0
2942,1770,794,923,3533,1752,783,921,110251.0
2943,1771,794,924,3534,1753,784,921,110301.0
2943,1771,794,924,3535,1754,784,922,110351.0
2943,1771,794,924,3536,1755,785,922,110401.0
2943,1771,794,924,3537,1756,785,923,110451.0
2943,1771,794,924,3537,1756,785,923,110501.0
2948,1772,795,924,3537,1756,785,923,110551.0
2949,1773,795,925,3540,1757,786,923,110601.0
2950,1774,795,926,3541,1758,786,924,110651.0
2951,1775,795,927,3541,1758,786,924,110701.0
2952,1776,796,927,3543,1759,786,925,110751.0
2952,1776,796,927,3544,1760,787,925,110801.0
2954,1777,797,927,3545,1761,787,926,110851.0
2954,1777,797,927,3546,1762,788,926,110901.0
2954,1777,797,927,3547,1763,788,927,110951.0
2954,1777,797,927,3548,1764,789,927,111001.0
2954,1777,797,927,3548,1764,789,927,111051.0
2959,1778,797,927,3550,1765,790,927,111101.0
2960,1779,798,927,3551,1766,790,928,111151.0
2960,1779,798,927,3552,1767,791,928,111201.0
2962,1780,799,927,3553,1768,791,929,111251.0
2963,1781,799,928,3554,1769,792,929,111301.0
2963,1781,799,928,3555,1770,792,930,111351.0
2965,1782,799,929,3556,1771,793,930,111401.0
2965,1782,799,929,3556,1771,793,930,111451.0
2967,1783,799,930,3556,1771,793,930,111501.0
2968,1784,800,930,3559,1772,793,931,111551.0
2969,1785,800,931,3560,1773,794,931,111601.0
2970,1786,801,931,3560,1773,794,931,111651.0
2971,1787,801,932,3562,1774,795,931,111701.0
2972,1788,802,932,3563,1775,795,932,111751.0
2973,1789,802,933,3564,1776,796,932,111801.0
2974,1790,803,933,3564,1776,796,932,111851.0
2975,1791,803,934,3566,1777,797,932,111901.0
2975,1791,803,934,3567,1778,797,933,111951.0
2977,1792,803,935,3568,1779,798,933,112001.0
2977,1792,803,935,3569,1780,798,934,112051.0
2977,1792,803,935,3570,1781,799,934,112101.0
2977,1792,803,935,3571,1782,799,935,112151.0
2981,1793,803,936,3572,1783,800,935,112201.0
2982,1794,804,936,3573,1784,800,936,112251.0
2983,1795,804,937,3574,1785,801,936,112301.0
2984,1796,805,937,3575,1786,801,937,112351.0
2985,1797,805,938,3576,1787,802,937,112401.0
2985,1797,805,938,3577,1788,802,938,112451.0
2987,1798,805,939,3578,1789,803,938,112501.0
2987,1798,805,939,3579,1790,803,939,112551.0
2989,1799,805,940,3580,1791,804,939,112601.0
2990,1800,806,940,3581,1792,804,940,112651.0
2991,1801,806,941,3582,1793,804,941,112701.0
2992,1802,807,941,3583,1794,804,942,112752.0
2993,1803,807,942,3583,1794,804,942,112801.0
2993,1803,807,942,3585,1795,804,943,112851.0
2995,1804,807,943,3585,1795,804,943,112901.0
2995,1804,807,943,3587,1796,804,944,112951.0
2997,1805,807,944,3587,1796,804,944,113001.0
2998,1806,808,944,3587,1796,804,944,113051.0
2999,1807,808,945,3590,1797,805,944,113101.0
3000,1808,809,945,3591,1798,805,945,113151.0
3001,1809,809,946,3592,1799,806,945,113201.0
3002,1810,810,946,3593,1800,806,946,113251.0
3003,1811,810,947,3594,1801,807,946,113301.0
3004,1812,811,947,3595,1802,807,947,113351.0
3005,1813,811,948,3596,1803,808,947,113401.0
3006,1814,812,948,3597,1804,808,948,113451.0
3007,1815,812,949,3598,1805,809,948,113501.0
3008,1816,813,949,3599,1806,809,949,113551.0
3009,1817,813,950,3600,1807,810,949,113601.0
3010,1818,814,950,3601,1808,810,950,113651.0
3011,1819,814,951,3602,1809,811,950,113701.0
3012,1820,815,951,3603,1810,811,951,113751.0
3012,1820,815,951,3604,1811,812,951,113801.0
3012,1820,815,951,3605,1812,812,952,113851.0
3015,1821,815,952,3606,1813,812,953,113901.0
3016,1822,816,952,3607,1814,812,954,113951.0
3016,1822,816,952,3608,1815,813,954,114001.0
3016,1822,816,952,3608,1815,813,954,114051.0
3016,1822,816,952,3608,1815,813,954,114101.0
3016,1822,816,952,3608,1815,813,954,114151.0
3021,1823,816,952,3612,1816,813,954,114201.0
3022,1824,817,952,3612,1816,813,954,114251.0
3023,1825,817,953,3614,1817,814,954,114302.0
3024,1826,818,953,3614,1817,814,954,114351.0
3025,1827,818,954,3616,1818,814,954,114401.0
3026,1828,819,954,3617,1819,814,955,114451.0
3027,1829,819,955,3618,1820,815,955,114501.0
3028,1830,820,955,3619,1821,815,956,114551.0
3029,1831,820,956,3620,1822,816,956,114601.0
3030,1832,820,957,3621,1823,816,957,114651.0
3031,1833,820,958,3622,1824,817,957,114701.0
3032,1834,821,958,3623,1825,817,958,114751.0
3033,1835,821,959,3624,1826,818,958,114801.0
3034,1836,822,959,3625,1827,818,959,114851.0
3035,1837,822,960,3626,1828,819,959,114901.0
3035,1837,822,960,3627,1829,819,960,114951.0
3037,1838,822,961,3628,1830,820,960,115001.0
3038,1839,823,961,3629,1831,820,961,115051.0
3038,1839,823,961,3629,1831,820,961,115101.0
3038,1839,823,961,3631,1832,820,962,115151.0
