Ranging.distTo0,Ranging.truthDistTo0,Ranging.distTo1,Ranging.truthDistTo1,Ranging.distTo7,Ranging.truthDistTo7
147,140.75936889648438,105,101.44197082519531,230,227.7322235107422
146,140.763671875,106,101.9019546508789,229,227.5957489013672
145,140.98583984375,108,101.4531021118164,228,227.6003875732422
146,140.98583984375,108,101.4531021118164,230,227.60035705566406
146,140.9842987060547,104,102.2574462890625,230,227.60035705566406
147,140.9842987060547,105,102.28862762451172,228,227.60035705566406
148,140.9842987060547,102,102.28862762451172,231,227.60035705566406
147,140.99362182617188,102,102.10381317138672,229,228.82920837402344
147,140.99362182617188,106,102.10381317138672,229,227.607177734375
145,141.91668701171875,106,101.97769927978516,229,228.13999938964844
144,141.91668701171875,105,101.97769927978516,227,228.13999938964844
146,141.91668701171875,104,101.33633422851562,228,228.15130615234375
146,141.91668701171875,105,101.33633422851562,231,228.23081970214844
147,141.92042541503906,105,101.33633422851562,229,228.27366638183594
147,141.7014617919922,106,101.33633422851562,229,228.13815307617188
147,141.69595336914062,105,101.33633422851562,228,228.16778564453125
147,142.05340576171875,110,102.70503997802734,230,228.8424530029297
146,141.00442504882812,109,101.4551010131836,228,228.8384552001953
146,141.8546905517578,106,102.7332763671875,226,227.8589630126953
144,141.8580780029297,106,103.54908752441406,228,229.11585998535156
144,142.05044555664062,106,103.53923797607422,230,228.4774627685547
145,141.8236541748047,106,103.39990997314453,233,228.88174438476562
145,141.8239288330078,104,103.39990997314453,235,228.84494018554688
146,142.0925750732422,105,102.70574188232422,228,228.84494018554688
147,142.1097412109375,103,103.18213653564453,229,228.84494018554688
147,141.04769897460938,103,102.28418731689453,229,227.59608459472656
146,140.99551391601562,111,102.28418731689453,230,227.6084747314453
145,140.7499542236328,111,102.28533935546875,230,227.6084747314453
145,140.838134765625,104,102.28533935546875,232,227.61363220214844
145,141.05270385742188,104,102.28533935546875,229,227.61363220214844
145,140.74960327148438,106,102.12310791015625,227,227.61521911621094
146,142.04747009277344,105,103.3751220703125,228,228.8446502685547
146,141.8295135498047,105,103.3751220703125,229,228.8446502685547
146,142.12640380859375,106,103.3751220703125,226,228.8446502685547
145,142.12083435058594,105,103.17092895507812,227,228.8446502685547
148,142.0624542236328,105,103.17659759521484,228,228.8446502685547
148,142.0624542236328,109,103.54368591308594,227,228.8446502685547
146,142.0624542236328,108,103.54368591308594,224,228.84539794921875
146,142.0608673095703,105,102.7137451171875,230,228.83224487304688
145,142.11734008789062,104,102.7137451171875,230,228.8414306640625
145,142.11778259277344,104,103.53312683105469,227,228.8414306640625
145,142.1013641357422,105,103.52957153320312,229,228.4399871826172
145,141.8362579345703,106,103.5252914428711,229,228.8853302001953
146,141.8153076171875,106,103.5252914428711,232,228.8849639892578
146,141.02516174316406,107,102.25900268554688,233,227.6412811279297
147,141.02197265625,106,102.25900268554688,230,227.6461944580078
147,141.02197265625,105,102.25900268554688,230,227.6461944580078
147,140.72036743164062,106,102.25900268554688,230,228.54991149902344
147,141.6896514892578,102,101.33570861816406,230,228.54991149902344
145,140.7617950439453,102,102.26590728759766,228,227.58705139160156
145,141.90054321289062,106,101.31867980957031,226,228.12237548828125
145,141.67385864257812,106,101.31867980957031,228,228.16331481933594
145,140.80645751953125,106,102.40303039550781,230,227.75375366210938
145,140.80645751953125,106,101.94062805175781,233,227.71580505371094
145,141.84828186035156,104,102.72521209716797,225,228.86102294921875
144,142.07745361328125,105,103.53438568115234,228,228.84707641601562
144,142.07745361328125,105,102.71208953857422,227,228.88592529296875
144,142.06507873535156,104,103.15772247314453,228,228.88592529296875
148,141.8346405029297,102,103.14787292480469,231,228.87451171875
148,142.12571716308594,103,102.79573822021484,228,228.87451171875
146,140.82980346679688,106,103.54179382324219,230,227.61093139648438
146,140.79837036132812,106,102.75564575195312,230,227.70046997070312
146,140.8094482421875,107,103.5274429321289,229,227.70046997070312
146,142.05154418945312,107,102.26268005371094,229,227.70046997070312
147,140.9805145263672,107,102.26268005371094,228,227.59490966796875
147,140.62449645996094,107,102.26268005371094,228,227.59490966796875
147,140.62449645996094,103,102.26268005371094,227,227.59490966796875
146,140.62449645996094,103,101.45917510986328,228,227.59490966796875
145,140.97927856445312,105,101.45917510986328,230,227.59490966796875
145,140.7536163330078,106,101.45917510986328,230,227.738037109375
144,140.77334594726562,104,101.45917510986328,226,227.6104736328125
144,140.75213623046875,104,103.18535614013672,228,228.83203125
146,141.9036865234375,108,103.18535614013672,231,228.83203125
146,142.05714416503906,108,103.37154388427734,227,228.83203125
144,141.8378143310547,103,102.25205993652344,229,227.58258056640625
144,140.74253845214844,102,103.53008270263672,234,228.83277893066406
145,141.84597778320312,105,102.77050018310547,229,227.76133728027344
145,140.8212127685547,105,101.93246459960938,228,227.85079956054688
145,140.8212127685547,105,101.93246459960938,228,227.73565673828125
145,140.8291778564453,105,102.39055633544922,230,227.76077270507812
145,140.60018920898438,105,102.39055633544922,226,227.76724243164062
145,140.59678649902344,107,102.74488830566406,226,227.76724243164062
147,140.5838623046875,107,102.74488830566406,227,227.6936492919922
147,140.5874786376953,104,102.74488830566406,230,227.65380859375
149,141.0419158935547,103,101.91741943359375,228,228.8697509765625
149,141.83941650390625,107,103.5132064819336,227,228.8697509765625
146,141.81240844726562,108,103.5132064819336,227,228.8697509765625
146,142.1078643798828,110,103.5132064819336,232,228.8697509765625
144,142.109619140625,111,103.5132064819336,231,228.8697509765625
144,142.109619140625,106,102.69637298583984,229,228.95547485351562
146,142.109619140625,106,102.6833724975586,227,228.8312530517578
146,142.109619140625,106,102.6833724975586,228,228.82177734375
146,141.8902587890625,106,102.6833724975586,230,228.83749389648438
147,142.048095703125,105,103.52127838134766,231,228.83749389648438
147,141.7987823486328,105,103.5379409790039,229,228.82821655273438
147,141.80728149414062,104,103.54426574707031,225,228.88038635253906
145,142.1084442138672,105,103.53933715820312,229,227.64964294433594
145,141.74148559570312,105,103.53262329101562,227,228.8690643310547
146,141.74148559570312,105,103.53262329101562,230,228.8650360107422
146,142.119140625,104,103.55693054199219,226,228.8958740234375
144,141.80250549316406,104,103.55693054199219,223,228.8519744873047
145,141.69586181640625,106,102.18367004394531,229,228.83436584472656
148,140.96017456054688,106,103.5318374633789,233,227.5821075439453
147,140.97189331054688,104,102.26749420166016,228,227.70806884765625
145,141.74005126953125,105,101.41954803466797,232,228.41183471679688
145,142.05557250976562,104,103.54345703125,230,228.8863525390625
145,142.04837036132812,104,103.53072357177734,228,227.68881225585938
145,140.7926788330078,103,102.76139831542969,227,227.74449157714844
145,140.7916259765625,104,102.75331115722656,228,227.7615966796875
145,142.06036376953125,105,103.519287109375,228,227.7615966796875
147,140.73692321777344,105,103.17460632324219,224,227.58377075195312
147,140.9832305908203,104,102.2653579711914,228,227.74237060546875
147,142.03953552246094,103,103.52539825439453,231,228.95516967773438
147,140.80690002441406,107,102.28813171386719,233,228.9589080810547
146,141.88626098632812,107,102.68780517578125,227,228.9589080810547
145,141.88626098632812,107,103.51221466064453,228,228.9589080810547
147,141.88626098632812,107,102.68893432617188,228,228.97166442871094
147,141.89845275878906,105,102.72396850585938,228,228.97166442871094
149,141.8833770751953,105,102.71466827392578,228,227.75283813476562
149,140.82302856445312,105,101.46669006347656,229,227.73704528808594
148,141.03384399414062,104,101.46669006347656,231,227.6409454345703
147,140.7412872314453,104,101.46669006347656,228,227.6409454345703
148,140.81024169921875,104,101.46669006347656,228,228.89283752441406
148,142.1200714111328,105,102.73617553710938,232,228.86538696289062
145,142.13116455078125,106,102.73617553710938,231,228.44447326660156
145,142.0856475830078,103,102.73617553710938,229,228.44447326660156
147,141.80760192871094,103,102.7301254272461,232,228.4335174560547
148,140.57470703125,105,101.9611587524414,230,227.3011474609375
147,140.83436584472656,105,101.92671966552734,230,227.3011474609375
147,140.83082580566406,102,102.41761779785156,226,227.76966857910156
147,140.8218994140625,103,102.40833282470703,230,227.72447204589844
147,142.0701141357422,104,103.18301391601562,227,228.89588928222656
149,142.11404418945312,104,103.55535125732422,232,228.89588928222656
148,141.84898376464844,103,103.5405044555664,229,227.6011962890625
149,140.76930236816406,102,102.2586669921875,229,228.84291076660156
148,142.12802124023438,103,103.52964782714844,229,228.45628356933594
145,142.12802124023438,103,103.52964782714844,233,228.4331512451172
145,142.09951782226562,105,102.7038803100586,228,227.6026153564453
144,140.7854461669922,106,101.91062927246094,231,227.60569763183594
144,140.7854461669922,104,102.24649810791016,224,227.20384216308594
145,141.67172241210938,103,102.13832092285156,227,227.72789001464844
145,140.75392150878906,107,102.27323150634766,233,227.19813537597656
148,140.75392150878906,107,102.27323150634766,228,227.19813537597656
148,141.01560974121094,104,101.43037414550781,227,228.46200561523438
146,142.12515258789062,105,103.54981994628906,230,228.87069702148438
145,142.12515258789062,105,103.54981994628906,231,227.5719757080078
146,141.34483337402344,105,102.24868774414062,228,227.39108276367188
148,141.34893798828125,103,102.24737548828125,231,226.45457458496094
145,141.72068786621094,107,102.26129913330078,227,225.8957061767578
146,143.0438995361328,105,102.25579833984375,225,225.14976501464844
144,144.0777587890625,105,102.25579833984375,227,222.8033905029297
145,147.36044311523438,106,101.7879409790039,225,222.8033905029297
152,148.52517700195312,97,101.78125,219,219.17776489257812
150,148.52517700195312,96,101.55694580078125,215,219.86651611328125
156,153.63177490234375,97,102.0805892944336,219,217.10040283203125
156,155.44845581054688,97,102.64659118652344,213,216.113525390625
159,155.98361206054688,99,101.89009094238281,226,215.68589782714844
159,157.8101806640625,99,101.90066528320312,225,215.24185180664062
159,157.8101806640625,100,101.90066528320312,220,215.85560607910156
159,156.9829559326172,100,101.90066528320312,228,216.93701171875
154,157.17431640625,103,102.33406829833984,226,216.93701171875
155,153.67416381835938,103,109.56173706054688,225,218.301513671875
153,152.7890167236328,102,110.71224975585938,224,223.79685974121094
152,149.7552490234375,102,111.51236724853516,229,223.55642700195312
160,147.1660614013672,109,112.1086196899414,235,223.3770294189453
159,147.7760009765625,108,113.8196792602539,238,223.07862854003906
129,143.7251434326172,106,113.60501098632812,238,222.92495727539062
130,142.51718139648438,106,113.60501098632812,234,223.88992309570312
152,143.41921997070312,105,115.51912689208984,236,223.88992309570312
150,140.98992919921875,104,112.4110107421875,240,220.5798797607422
131,140.98992919921875,102,112.4110107421875,247,243.80123901367188
132,135.95675659179688,102,112.54441833496094,245,243.80123901367188
141,135.03305053710938,96,112.54441833496094,247,243.80123901367188
142,134.5372772216797,96,112.54441833496094,244,243.80123901367188
140,134.04290771484375,95,111.74331665039062,244,239.3473663330078
140,132.7676239013672,95,106.60747528076172,249,246.72215270996094
139,133.9633331298828,93,106.60747528076172,247,246.72215270996094
140,134.13775634765625,93,106.60747528076172,244,246.72215270996094
148,135.3292236328125,92,107.19136047363281,243,246.72215270996094
148,141.08380126953125,93,105.79611206054688,247,246.6795654296875
152,142.73898315429688,95,105.79611206054688,243,246.6795654296875
152,142.73898315429688,95,105.79611206054688,244,246.6795654296875
166,146.0893096923828,96,105.80291748046875,240,237.60989379882812
166,146.0893096923828,96,105.61858367919922,243,237.49403381347656
161,153.81954956054688,94,105.82211303710938,239,237.49403381347656
160,154.22744750976562,94,105.78496551513672,235,233.03627014160156
163,155.48211669921875,96,104.63116455078125,234,231.12554931640625
164,156.0684356689453,96,104.63116455078125,230,230.27957153320312
162,155.48818969726562,95,104.26370239257812,229,228.85879516601562
161,155.28469848632812,95,103.13592529296875,227,227.61875915527344
159,155.28469848632812,91,103.2841796875,224,227.62159729003906
160,157.34974670410156,91,103.2841796875,225,227.62159729003906
156,157.8614959716797,89,103.2841796875,220,223.00927734375
156,150.48936462402344,89,100.06328582763672,213,222.48448181152344
153,150.48936462402344,88,100.64077758789062,213,222.68246459960938
152,150.48936462402344,88,100.64077758789062,216,222.68246459960938
144,150.48936462402344,88,100.64077758789062,217,222.68246459960938
144,150.48936462402344,88,100.61119842529297,215,222.68246459960938
143,141.67457580566406,84,95.03450775146484,214,214.25465393066406
142,139.60498046875,84,93.85578918457031,213,211.80657958984375
147,139.6096954345703,80,93.85578918457031,212,211.80657958984375
146,137.53465270996094,80,90.85198974609375,212,208.78196716308594
143,137.8046875,76,91.42436981201172,209,210.05770874023438
143,138.2997589111328,76,91.42436981201172,211,210.05770874023438
136,138.6416778564453,74,91.42436981201172,210,210.05770874023438
136,139.27154541015625,74,91.42436981201172,211,203.38836669921875
136,135.8612518310547,72,84.49261474609375,207,206.50460815429688
136,136.1566162109375,72,84.60082244873047,208,206.50460815429688
142,136.1566162109375,69,84.59381103515625,208,206.50460815429688
142,135.93333435058594,69,82.4557113647461,209,208.5859832763672
139,136.24143981933594,65,81.88880920410156,207,206.39093017578125
140,135.8556365966797,65,81.08602905273438,207,205.99758911132812
139,135.74319458007812,65,80.69906616210938,209,207.77059936523438
139,135.54725646972656,65,80.64103698730469,211,208.32261657714844
140,135.5057830810547,66,80.64103698730469,210,207.66419982910156
142,135.4159393310547,66,80.62251281738281,211,209.90940856933594
141,135.22860717773438,66,79.53266143798828,210,209.90940856933594
142,135.1243896484375,67,79.41857147216797,208,210.1750946044922
141,135.2159881591797,67,79.41857147216797,208,210.1750946044922
141,135.3995819091797,67,79.22705078125,207,210.1750946044922
143,135.3995819091797,66,79.43084716796875,209,210.1750946044922
143,134.60792541503906,65,79.04447937011719,207,210.1750946044922
141,134.60792541503906,64,79.04447937011719,210,211.23953247070312
141,134.60792541503906,63,79.04447937011719,208,211.23953247070312
142,136.58360290527344,68,79.04447937011719,209,211.23953247070312
142,136.9253387451172,69,79.04447937011719,210,211.23953247070312
141,137.41323852539062,68,79.04447937011719,211,211.23953247070312
142,137.7480926513672,68,79.04447937011719,207,211.23953247070312
141,137.60531616210938,70,79.04447937011719,209,204.14999389648438
141,137.7543182373047,70,79.04447937011719,210,204.14999389648438
140,136.51812744140625,72,85.09845733642578,212,201.15191650390625
139,136.2129364013672,72,85.19207763671875,209,208.84730529785156
140,136.45245361328125,74,86.42786407470703,208,210.5189208984375
140,136.87339782714844,74,86.03264617919922,208,210.5189208984375
139,136.74290466308594,75,86.35576629638672,208,204.72476196289062
139,137.2158966064453,75,86.51919555664062,207,203.61306762695312
143,137.2158966064453,80,86.51919555664062,206,202.92355346679688
144,137.5894317626953,80,90.67692565917969,210,206.34315490722656
143,137.9005126953125,82,92.40930938720703,208,207.26165771484375
143,137.8273468017578,81,93.71623229980469,208,206.41883850097656
140,138.01687622070312,79,94.13481140136719,207,206.73484802246094
140,138.3547821044922,79,94.13481140136719,207,206.73484802246094
138,138.73483276367188,83,94.2704086303711,206,206.73484802246094
138,139.05152893066406,83,94.2704086303711,209,208.88619995117188
138,139.80308532714844,83,94.06062316894531,209,208.88619995117188
141,139.47096252441406,83,93.21983337402344,204,210.2875213623047
141,141.14808654785156,86,93.21983337402344,206,210.2875213623047
141,142.1651153564453,86,88.60375213623047,208,210.2875213623047
144,142.2224578857422,82,89.96174621582031,205,211.89761352539062
144,143.0546875,82,87.28636932373047,205,205.4682159423828
143,143.8665008544922,76,87.28636932373047,206,205.24911499023438
143,143.44537353515625,77,87.28636932373047,202,205.23736572265625
143,143.86770629882812,76,83.10576629638672,205,205.26748657226562
143,142.2622833251953,76,77.67472839355469,205,205.26748657226562
141,142.70631408691406,74,77.99378967285156,203,205.63995361328125
142,142.4462127685547,74,70.41524505615234,204,203.48300170898438
143,141.56008911132812,61,68.03263092041016,203,203.2886199951172
143,142.182861328125,61,68.03263092041016,205,203.66012573242188
142,142.46371459960938,53,68.03263092041016,207,204.66160583496094
142,142.9088897705078,53,68.03263092041016,203,204.66160583496094
142,143.24220275878906,43,58.88901901245117,201,204.66160583496094
142,140.18780517578125,43,49.466041564941406,203,201.8526153564453
138,141.07003784179688,42,47.3038215637207,206,203.37582397460938
139,140.85409545898438,41,46.29734420776367,208,203.2638397216797
139,140.427978515625,40,44.44834518432617,205,203.79393005371094
138,140.62222290039062,40,48.4604377746582,207,203.52789306640625
141,140.3429718017578,40,50.30588912963867,208,203.7498321533203
141,140.50965881347656,41,48.90934371948242,207,203.177490234375
138,140.74703979492188,47,53.66659927368164,204,203.9103240966797
138,140.01712036132812,47,53.66659927368164,203,205.11021423339844
138,139.60231018066406,48,52.07576370239258,206,204.59536743164062
138,140.69248962402344,48,50.24294662475586,208,204.59536743164062
139,140.72422790527344,49,50.24294662475586,207,203.37623596191406
139,140.72422790527344,49,50.24294662475586,205,203.37623596191406
143,140.74888610839844,51,48.361534118652344,206,206.92747497558594
143,141.06861877441406,51,47.30054473876953,207,205.25048828125
142,141.06861877441406,55,47.30054473876953,207,204.85958862304688
142,141.06861877441406,55,47.30054473876953,208,204.85958862304688
145,140.2918701171875,57,47.30054473876953,205,204.85958862304688
145,139.91868591308594,57,47.30054473876953,207,204.85958862304688
145,140.0511016845703,56,47.30054473876953,207,210.0635986328125
146,139.4992218017578,56,47.30054473876953,210,211.1577606201172
146,139.45849609375,54,47.30054473876953,209,211.1577606201172
146,139.23281860351562,54,47.30054473876953,208,211.1577606201172
145,139.3448028564453,55,47.30054473876953,207,211.1577606201172
145,139.3448028564453,55,47.30054473876953,208,211.1577606201172
143,139.70237731933594,53,47.30054473876953,205,211.1577606201172
143,141.497802734375,53,43.94447326660156,205,211.1577606201172
144,141.65867614746094,54,44.422271728515625,205,207.823486328125
144,142.2627716064453,54,44.422271728515625,203,207.05709838867188
146,141.36456298828125,53,60.02528762817383,203,207.13661193847656
147,140.89144897460938,53,61.30921173095703,203,206.83255004882812
147,141.8326416015625,53,62.6213493347168,205,206.3888702392578
146,141.41514587402344,53,64.44258880615234,205,206.33226013183594
147,141.8033447265625,54,64.44258880615234,204,207.74362182617188
147,141.08042907714844,54,60.569068908691406,204,207.74362182617188
149,144.14503479003906,60,64.25250244140625,204,208.80990600585938
150,143.67263793945312,60,64.97982025146484,205,207.74789428710938
150,143.96388244628906,59,64.97982025146484,204,208.01806640625
151,144.5467071533203,59,66.43878173828125,204,207.56651306152344
150,144.2920379638672,54,66.55293273925781,202,209.02110290527344
150,142.80308532714844,54,59.672523498535156,205,209.02110290527344
151,143.12384033203125,54,61.10713195800781,206,206.75999450683594
151,143.77734375,54,61.10713195800781,205,208.03009033203125
148,143.9411163330078,52,61.60913848876953,204,208.03009033203125
148,143.64854431152344,51,61.60913848876953,203,203.62762451171875
145,144.61416625976562,47,61.60913848876953,200,203.62762451171875
144,144.07818603515625,47,62.119876861572266,198,203.6782989501953
144,144.92697143554688,43,62.119876861572266,197,203.79869079589844
144,145.21742248535156,43,62.119876861572266,196,203.95216369628906
141,145.32171630859375,43,62.119876861572266,196,204.0445098876953
142,145.62109375,43,62.119876861572266,196,204.0445098876953
144,145.77015686035156,41,62.119876861572266,195,204.0445098876953
144,145.39044189453125,41,60.706336975097656,194,204.6006317138672
140,145.39044189453125,40,60.706336975097656,193,204.87159729003906
140,138.81703186035156,40,44.238590240478516,196,189.96470642089844
143,138.90151977539062,37,44.03175735473633,196,190.15386962890625
143,138.17947387695312,37,43.912811279296875,194,190.1706085205078
141,138.28756713867188,33,42.35105514526367,194,190.52642822265625
141,138.96006774902344,33,42.370765686035156,192,190.52642822265625
139,139.1240234375,33,42.39620590209961,191,191.11102294921875
139,139.1240234375,33,42.39620590209961,193,191.11102294921875
138,139.3109130859375,32,42.21103286743164,191,191.11102294921875
137,137.87506103515625,32,41.35288619995117,193,191.11102294921875
140,138.34983825683594,33,40.950035095214844,190,189.83279418945312
140,138.34983825683594,33,40.950035095214844,192,191.36239624023438
136,138.34983825683594,30,40.950035095214844,190,191.36239624023438
137,138.34983825683594,31,40.950035095214844,193,191.8221893310547
143,138.34983825683594,36,40.950035095214844,194,191.9945526123047
143,138.34983825683594,36,40.950035095214844,194,192.191650390625
146,140.1744842529297,36,40.950035095214844,196,192.31317138671875
146,140.325439453125,36,40.950035095214844,193,192.31317138671875
145,139.9410400390625,36,40.950035095214844,194,192.31317138671875
145,139.5996856689453,36,40.950035095214844,193,192.31317138671875
148,140.1916046142578,36,43.478939056396484,192,192.06283569335938
148,139.78021240234375,39,43.43743133544922,192,192.82998657226562
147,139.78021240234375,39,43.43743133544922,193,192.82998657226562
147,138.65599060058594,41,43.43743133544922,191,192.82998657226562
145,139.62716674804688,40,42.92592239379883,192,192.32659912109375
145,139.6385955810547,42,42.92592239379883,193,192.4973602294922
142,139.6385955810547,42,42.92592239379883,192,192.49212646484375
142,136.989501953125,45,42.92592239379883,190,192.49212646484375
142,137.8983612060547,45,47.97747039794922,190,190.87835693359375
142,136.82623291015625,41,47.97747039794922,190,190.96229553222656
140,137.64236450195312,41,48.183448791503906,192,190.96229553222656
140,136.7306365966797,43,48.183448791503906,189,190.4659423828125
139,136.68333435058594,43,47.273780822753906,190,190.02813720703125
140,136.1246337890625,40,46.988372802734375,189,190.19100952148438
138,134.43942260742188,40,46.07727813720703,191,189.23194885253906
138,133.98663330078125,35,44.504947662353516,191,189.23194885253906
136,133.53257751464844,35,44.34816360473633,189,188.5164031982422
136,131.49075317382812,29,39.26883316040039,188,187.17681884765625
128,130.80076599121094,29,39.10506057739258,188,187.5303192138672
128,130.80076599121094,29,39.10506057739258,189,187.60218811035156
124,124.38906860351562,29,39.10506057739258,186,187.60218811035156
125,124.10961151123047,26,27.62726593017578,182,185.44369506835938
126,124.10993194580078,26,24.82722282409668,184,185.44369506835938
126,117.85543060302734,22,22.0113525390625,185,186.68118286132812
119,117.85543060302734,22,22.965457916259766,185,184.75204467773438
118,112.64228057861328,8,22.965457916259766,188,186.40377807617188
108,110.68122100830078,9,28.136676788330078,188,186.50094604492188
109,110.28074645996094,4,23.53593635559082,189,187.45248413085938
108,106.74909973144531,4,21.557025909423828,187,187.38755798339844
108,105.2881088256836,15,24.495540618896484,186,189.16490173339844
108,105.2881088256836,15,26.689584732055664,186,189.74032592773438
99,105.2881088256836,10,26.689584732055664,188,191.0961151123047
98,102.05272674560547,10,31.685449600219727,190,192.0355224609375
91,100.1192398071289,14,35.363555908203125,190,194.05577087402344
91,98.27456665039062,14,30.87216567993164,194,195.82272338867188
91,98.02383422851562,15,32.588417053222656,198,198.64158630371094
91,96.65039825439453,16,34.823360443115234,200,200.6208038330078
91,96.33660125732422,18,36.64972686767578,204,202.6165313720703
91,96.47765350341797,18,38.53813171386719,205,202.64825439453125
92,97.47581481933594,25,40.911041259765625,205,210.03201293945312
93,96.21118927001953,26,44.964454650878906,207,212.05487060546875
97,96.95309448242188,29,46.380531311035156,209,215.80865478515625
98,98.36518859863281,29,50.63877868652344,212,218.13954162597656
115,98.81126403808594,35,52.46690368652344,215,220.13340759277344
116,98.81126403808594,35,52.364776611328125,218,220.13340759277344
119,98.81126403808594,45,54.96821975708008,221,220.13340759277344
119,98.81126403808594,45,61.827369689941406,225,225.13388061523438
107,99.70742797851562,45,61.91858673095703,228,228.0181121826172
107,100.9851303100586,45,63.56047439575195,228,230.8974151611328
108,100.68070983886719,49,64.2952880859375,230,230.9914093017578
108,100.76278686523438,49,64.2952880859375,233,230.9914093017578
101,100.73344421386719,46,64.2952880859375,230,227.76348876953125
102,97.07469177246094,47,66.85346221923828,227,226.0291290283203
105,97.19412994384766,44,65.75346374511719,226,224.2135467529297
105,96.4938735961914,43,65.0301513671875,221,222.82708740234375
107,96.27410888671875,43,63.73140335083008,218,221.32579040527344
107,95.28581237792969,43,63.59627151489258,219,218.59353637695312
111,94.14414978027344,40,63.01091766357422,218,217.10995483398438
111,94.18600463867188,40,62.542808532714844,212,215.8732452392578
112,94.17801666259766,39,62.27997589111328,210,215.40802001953125
113,94.64704895019531,39,62.60416793823242,210,215.7029571533203
116,94.24124908447266,41,64.05541229248047,212,215.5653533935547
117,93.60643005371094,41,66.05490112304688,210,216.49423217773438
118,93.18699645996094,48,67.71502685546875,213,217.57908630371094
116,93.13856506347656,48,69.84074401855469,215,218.63839721679688
83,91.60403442382812,55,72.86129760742188,213,219.24583435058594
82,90.52938079833984,55,75.53682708740234,217,221.6197509765625
73,91.18097686767578,51,79.8078384399414,219,221.74974060058594
74,89.67193603515625,52,81.2931900024414,217,222.7914276123047
77,90.27246856689453,71,81.2931900024414,220,223.26783752441406
79,89.38298034667969,72,88.97003936767578,222,225.9773712158203
81,89.98001098632812,68,88.77300262451172,222,225.9773712158203
82,90.17463684082031,68,88.50448608398438,220,229.6023712158203
83,92.14082336425781,76,94.04133605957031,226,231.50791931152344
83,93.72718811035156,76,94.85820007324219,227,232.526611328125
91,95.741943359375,83,96.0086898803711,227,233.4421844482422
92,96.88143920898438,83,94.98667907714844,231,235.7361297607422
103,99.06524658203125,89,95.6007080078125,232,237.31590270996094
103,102.14118957519531,89,96.4556655883789,235,237.49493408203125
93,103.51481628417969,85,95.16849517822266,237,238.0066375732422
93,105.91149139404297,85,94.99231719970703,238,240.21923828125
92,108.3287124633789,88,95.17041778564453,238,240.93740844726562
93,108.38924407958984,88,96.38822174072266,241,241.32521057128906
97,108.47026824951172,85,95.40951538085938,242,241.32521057128906
98,109.35432434082031,85,94.45671081542969,242,242.73699951171875
110,110.3482437133789,88,95.65862274169922,238,242.85763549804688
111,110.3482437133789,88,95.65862274169922,238,242.89686584472656
108,110.95877838134766,89,95.34333801269531,241,244.3986358642578
108,110.8108901977539,88,94.58135223388672,238,244.59292602539062
108,111.30579376220703,88,93.55474853515625,243,244.78993225097656
108,111.8137435913086,88,93.80979919433594,244,246.07835388183594
110,110.95066833496094,84,94.09288787841797,244,246.2580108642578
110,111.4358901977539,84,95.13385009765625,244,247.38156127929688
106,111.69187927246094,80,96.00103759765625,243,248.01019287109375
106,111.3540267944336,80,95.47687530517578,242,248.0638885498047
106,111.77864074707031,78,95.36419677734375,242,247.90049743652344
106,111.77864074707031,79,95.43168640136719,240,247.90049743652344
106,111.77864074707031,80,95.43168640136719,236,247.71832275390625
106,111.15496063232422,81,96.49398040771484,237,249.09178161621094
106,110.85992431640625,82,97.47393798828125,236,248.40682983398438
107,110.85992431640625,82,94.83328247070312,236,248.40682983398438
114,110.85992431640625,82,99.31649017333984,233,247.71730041503906
114,110.12565612792969,82,102.30084228515625,233,248.00628662109375
115,109.5723648071289,90,102.30084228515625,235,248.00628662109375
115,110.15421295166016,89,108.59041595458984,232,250.9182891845703
113,110.8608169555664,92,110.7830581665039,230,252.8993682861328
113,111.31448364257812,93,98.76448059082031,228,252.8993682861328
112,110.65218353271484,98,96.0458755493164,229,252.8993682861328
112,111.21873474121094,98,94.61209869384766,231,252.8993682861328
114,110.70223999023438,101,92.41996002197266,231,252.8993682861328
113,110.7735366821289,101,92.41996002197266,230,252.8993682861328
113,116.72811126708984,103,105.88075256347656,231,240.6591339111328
113,117.1941146850586,103,104.1540298461914,231,240.6591339111328
115,117.81402587890625,101,107.04276275634766,230,244.99888610839844
116,122.09187316894531,101,107.982421875,230,241.8697967529297
117,123.79778289794922,98,108.26042175292969,229,242.78125
117,125.7234878540039,98,110.19690704345703,230,241.6108856201172
117,126.92581939697266,97,109.25708770751953,229,242.67637634277344
117,128.68568420410156,97,110.40283966064453,228,244.22674560546875
119,129.1438446044922,107,110.40283966064453,231,244.22674560546875
119,128.7711944580078,107,106.00689697265625,228,244.22674560546875
126,128.50367736816406,113,103.56108856201172,226,244.22674560546875
126,136.83245849609375,113,116.39387512207031,228,242.75856018066406
134,139.11521911621094,136,113.33074951171875,231,244.0992889404297
134,140.78231811523438,136,114.0037612915039,231,245.59791564941406
139,140.78231811523438,151,113.02798461914062,233,245.59791564941406
139,145.27841186523438,151,116.63179779052734,231,250.4906463623047
142,147.4163360595703,90,118.35498809814453,233,254.08973693847656
142,149.18463134765625,89,119.61955261230469,235,245.34735107421875
141,151.16793823242188,115,121.46678161621094,234,247.57797241210938
141,151.88047790527344,116,121.52523803710938,232,244.07057189941406
145,153.92445373535156,135,122.7987289428711,236,246.82725524902344
146,155.05911254882812,136,123.49564361572266,235,243.00807189941406
154,156.65924072265625,143,124.11897277832031,233,241.87600708007812
154,156.3059844970703,143,124.05265045166016,232,240.14382934570312
156,156.5059814453125,135,124.27688598632812,231,239.9606170654297
156,156.49310302734375,135,124.24913787841797,230,239.9606170654297
151,156.45176696777344,129,124.27520751953125,229,239.9606170654297
151,156.45176696777344,129,124.27520751953125,231,235.07379150390625
148,155.5966033935547,105,123.92891693115234,228,234.94419860839844
148,155.15505981445312,104,123.5820541381836,230,234.92115783691406
144,154.9342803955078,94,122.85429382324219,229,234.92115783691406
144,154.0403594970703,94,119.76603698730469,230,236.50363159179688
137,154.2867431640625,128,120.64453887939453,229,236.9945831298828
137,153.26632690429688,132,119.38333129882812,228,239.117919921875
138,153.37083435058594,155,119.5760269165039,231,239.62159729003906
138,153.77804565429688,155,119.48941040039062,228,240.37550354003906
141,153.48690795898438,126,119.63573455810547,230,240.95974731445312
141,153.76260375976562,128,120.0765609741211,232,241.45127868652344
146,153.2031707763672,98,119.50809478759766,235,241.52154541015625
146,153.89837646484375,98,120.40342712402344,235,246.860595703125
151,154.5175018310547,101,121.50130462646484,234,247.49546813964844
152,154.8501434326172,101,121.3936767578125,233,247.8900909423828
156,155.16139221191406,123,121.08846282958984,231,246.70799255371094
155,155.6540985107422,124,122.1448974609375,233,245.9697265625
159,155.6540985107422,135,122.1448974609375,234,244.48536682128906
158,157.79185485839844,135,123.1794204711914,229,243.7718963623047
158,157.06997680664062,135,123.47374725341797,229,243.69407653808594
158,156.87460327148438,135,121.6305160522461,229,243.429443359375
155,156.75381469726562,127,120.84305572509766,227,242.85877990722656
155,155.6103057861328,126,119.3308334350586,226,237.1309051513672
156,155.0546112060547,116,118.79096984863281,224,237.1309051513672
156,155.1975860595703,115,117.89678192138672,224,236.25096130371094
150,154.72315979003906,100,117.66380310058594,224,236.25096130371094
150,155.20462036132812,100,116.86172485351562,223,236.25096130371094
144,155.027587890625,106,116.10913848876953,220,236.4710235595703
144,154.55458068847656,106,116.09866333007812,218,230.3245086669922
137,148.28237915039062,107,111.55039978027344,216,229.4574737548828
136,146.02474975585938,107,111.13819122314453,216,229.06329345703125
134,145.99932861328125,112,111.4602279663086,213,228.77468872070312
134,145.7161102294922,111,111.48493957519531,215,227.52035522460938
135,146.0708465576172,101,111.68771362304688,211,227.52035522460938
136,146.09799194335938,100,111.94648742675781,209,227.52035522460938
132,145.99612426757812,94,113.52417755126953,211,221.66737365722656
133,146.50030517578125,94,114.6298599243164,212,222.05538940429688
135,145.6974639892578,97,115.51824951171875,213,222.61460876464844
136,146.31460571289062,98,115.93582916259766,215,222.78997802734375
140,146.49423217773438,111,115.7800064086914,217,223.78750610351562
140,148.51052856445312,111,117.02473449707031,220,223.95875549316406
146,147.6457061767578,109,116.69053649902344,219,223.95875549316406
147,147.310546875,109,116.67781829833984,215,225.38345336914062
149,147.95912170410156,112,114.35337829589844,213,228.32644653320312
149,146.43983459472656,112,113.46913146972656,217,226.20437622070312
145,145.74900817871094,105,109.88251495361328,218,224.19677734375
145,142.27828979492188,105,110.01921081542969,221,227.423583984375
134,139.1728057861328,91,104.82440948486328,223,226.32955932617188
134,137.34141540527344,90,99.11980438232422,219,224.3037109375
131,132.5340118408203,91,94.71916961669922,216,224.27000427246094
131,132.5363006591797,91,92.83921813964844,216,224.27000427246094
129,132.5363006591797,69,88.47972106933594,218,224.27000427246094
128,132.03460693359375,68,85.47991180419922,213,224.27000427246094
116,119.09554290771484,64,81.58570098876953,204,224.27000427246094
117,118.44483947753906,64,79.20171356201172,198,209.73443603515625
118,117.95561981201172,62,78.16030883789062,207,208.2455596923828
117,111.7944564819336,62,79.12776184082031,204,202.4636688232422
99,111.21891784667969,67,79.12776184082031,200,201.24371337890625
99,110.72760009765625,68,70.70182037353516,194,201.24371337890625
108,104.92677307128906,67,74.43717956542969,190,201.24371337890625
108,103.89710235595703,67,76.63461303710938,190,196.58413696289062
108,102.27889251708984,67,78.22554016113281,189,196.90103149414062
91,101.601318359375,65,76.75173950195312,188,197.78598022460938
82,99.20349884033203,70,79.74012756347656,193,199.9759979248047
82,99.20349884033203,70,79.87271118164062,193,199.37159729003906
77,98.9591064453125,74,83.61026763916016,198,201.08460998535156
76,99.77499389648438,74,87.14651489257812,199,208.31153869628906
89,100.71434783935547,77,87.60525512695312,196,212.28929138183594
91,100.72921752929688,78,85.99314880371094,198,214.16891479492188
100,100.72921752929688,79,85.06548309326172,197,214.16891479492188
100,101.17230987548828,79,85.0090560913086,204,214.16891479492188
98,105.34121704101562,82,93.47622680664062,206,221.4280548095703
98,106.17993927001953,82,94.41423797607422,214,222.18411254882812
92,106.62877655029297,89,94.67900085449219,220,235.0772247314453
92,107.76103210449219,90,95.19657135009766,220,236.25389099121094
85,108.09152221679688,88,96.29415130615234,226,237.5428009033203
84,109.90956115722656,89,96.74896240234375,229,241.05751037597656
82,109.90956115722656,94,96.2228775024414,232,240.37136840820312
81,108.2018814086914,95,101.1109619140625,235,240.9627685546875
123,108.08179473876953,106,103.66067504882812,236,243.64065551757812
129,107.5983657836914,106,104.59664916992188,238,244.63894653320312
140,107.33946990966797,106,104.59664916992188,239,244.63894653320312
139,105.86925506591797,106,110.83834075927734,238,245.123779296875
128,106.88626861572266,93,112.65631103515625,237,246.53591918945312
128,105.97267150878906,93,112.80975341796875,235,246.94265747070312
88,105.90898895263672,100,112.80975341796875,233,247.94065856933594
85,105.90898895263672,101,112.80975341796875,236,249.0332794189453
89,105.90898895263672,91,112.80975341796875,237,249.18133544921875
88,102.10539245605469,91,115.29532623291016,234,249.5169677734375
82,99.70809173583984,98,117.32382202148438,233,245.0454864501953
81,99.02901458740234,98,115.29418182373047,230,243.36044311523438
72,98.77200317382812,101,114.26191711425781,228,241.6672821044922
71,97.52106475830078,101,112.59740447998047,226,240.274658203125
67,97.81080627441406,102,112.56944274902344,225,240.83526611328125
67,98.39988708496094,102,105.4178695678711,223,240.83526611328125
74,98.50129699707031,94,104.54773712158203,225,239.11080932617188
76,98.3101806640625,94,104.91276550292969,226,239.11080932617188
81,103.1281967163086,93,98.210693359375,227,239.11080932617188
81,105.91228485107422,93,94.91607666015625,228,240.6936798095703
92,106.85102081298828,87,94.1067886352539,233,242.0774688720703
93,105.82977294921875,87,94.0208740234375,232,242.82688903808594
104,105.5425033569336,84,92.82939910888672,235,242.82688903808594
104,105.43251037597656,84,92.41197204589844,235,242.82688903808594
102,105.32659912109375,84,92.41197204589844,235,242.82688903808594
102,105.28987121582031,84,92.41197204589844,238,239.0791473388672
104,119.61799621582031,81,86.47978210449219,239,249.1238555908203
104,119.59410095214844,81,86.47978210449219,237,249.1238555908203
109,119.80892944335938,71,84.25318145751953,240,249.1238555908203
109,120.72990417480469,71,85.14132690429688,238,247.65769958496094
121,121.12055206298828,65,85.92878723144531,239,246.12205505371094
121,121.49476623535156,65,84.28828430175781,240,246.72816467285156
123,121.21085357666016,71,83.91230010986328,239,246.4709930419922
123,122.19949340820312,72,84.08565521240234,240,246.4709930419922
120,120.03558349609375,81,86.03470611572266,240,245.6054229736328
120,117.64906311035156,81,87.56086730957031,235,245.11886596679688
125,118.47500610351562,79,87.18052673339844,236,244.25503540039062
124,116.26664733886719,78,89.06885528564453,235,243.70664978027344
115,115.09774780273438,81,91.8011245727539,232,244.3994598388672
114,114.07073211669922,81,93.89678955078125,232,243.40582275390625
112,114.07073211669922,83,93.89678955078125,234,244.02403259277344
111,114.07073211669922,83,93.89842987060547,235,244.02403259277344
106,114.07073211669922,84,92.48787689208984,233,244.02403259277344
105,111.14891815185547,84,94.66930389404297,233,244.02403259277344
100,110.87100982666016,87,92.40731048583984,235,244.30584716796875
100,109.80796813964844,87,91.38362884521484,232,243.23936462402344
112,109.85844421386719,94,90.84041595458984,233,242.79150390625
112,109.0144271850586,94,89.59397888183594,234,242.79150390625
102,108.95500946044922,84,89.59397888183594,229,241.32763671875
101,105.81416320800781,84,89.01212310791016,228,239.41929626464844
82,105.40099334716797,87,87.10762786865234,226,235.3524169921875
81,105.17256927490234,86,90.17756652832031,223,235.3524169921875
77,105.10240936279297,85,87.14595031738281,223,231.288330078125
77,105.68560028076172,85,85.43186950683594,220,231.288330078125
88,101.5395736694336,82,91.23102569580078,218,227.29574584960938
88,101.89933776855469,82,93.0750732421875,214,228.5836944580078
88,100.74405670166016,83,90.5821762084961,212,221.7432403564453
89,101.35685729980469,84,88.67205810546875,208,219.28057861328125
90,100.19418334960938,88,88.67205810546875,202,215.80259704589844
91,101.90972900390625,88,100.7237319946289,203,213.93893432617188
112,102.329345703125,91,101.7992935180664,203,217.51382446289062
112,103.61146545410156,91,106.37066650390625,199,215.4066162109375
121,103.11597442626953,94,97.83248138427734,205,215.20803833007812
124,104.76536560058594,94,100.01189422607422,205,214.06103515625
135,105.96761322021484,98,102.42815399169922,205,216.09866333007812
136,106.72623443603516,98,103.78060150146484,206,214.9275665283203
101,108.68599700927734,112,103.34883880615234,204,215.3937225341797
98,108.69094848632812,112,100.68919372558594,205,216.68385314941406
91,107.98300170898438,110,99.64142608642578,207,216.68385314941406
91,111.09199523925781,109,104.70413970947266,207,216.68385314941406
78,110.13536071777344,88,103.80057525634766,207,212.79331970214844
78,111.25825500488281,87,103.65678405761719,205,208.45474243164062
75,111.08964538574219,94,99.92216491699219,197,207.48931884765625
75,111.08964538574219,94,97.92188262939453,196,207.2281494140625
75,110.79047393798828,100,95.53302764892578,190,207.2281494140625
74,109.38231658935547,101,92.33865356445312,185,203.57763671875
89,109.2485122680664,106,92.33865356445312,188,201.96295166015625
95,109.21625518798828,106,92.33865356445312,198,201.14964294433594
154,109.80027770996094,104,84.45501708984375,207,200.6667022705078
157,109.64356994628906,104,82.23686218261719,208,200.6667022705078
159,108.9171371459961,97,110.85194396972656,218,199.1040496826172
159,108.9171371459961,97,114.88736724853516,221,224.1409912109375
120,132.1420135498047,102,110.13819122314453,223,227.3900604248047
112,133.85446166992188,102,110.31282043457031,226,226.53457641601562
144,137.34092712402344,106,113.30091857910156,228,228.9950408935547
146,138.4495391845703,106,111.77130889892578,235,233.9794921875
155,140.02853393554688,93,114.32563018798828,233,235.52896118164062
155,142.20274353027344,93,111.5684585571289,241,236.3376922607422
156,142.20274353027344,103,108.32555389404297,239,236.57650756835938
156,142.20274353027344,103,102.116943359375,240,236.74557495117188
149,142.48838806152344,91,106.78273010253906,240,236.12705993652344
149,143.23455810546875,91,101.73873901367188,240,238.8957061767578
148,143.23455810546875,88,101.06517791748047,241,238.7386016845703
148,141.70614624023438,88,98.68109130859375,239,238.058349609375
153,141.09130859375,88,96.66112518310547,239,236.0384979248047
154,140.39427185058594,88,96.66112518310547,239,236.0384979248047
145,139.2015380859375,88,96.66112518310547,241,235.4054412841797
145,138.8181915283203,87,94.99758911132812,241,234.56515502929688
154,138.2732696533203,87,94.48814392089844,237,234.56515502929688
153,139.19570922851562,85,93.21098327636719,233,231.05203247070312
160,137.1223907470703,85,93.21098327636719,231,230.44630432128906
161,138.16241455078125,83,92.51841735839844,234,229.33816528320312
147,138.16241455078125,83,92.51841735839844,235,229.16619873046875
148,138.22244262695312,81,92.513671875,230,230.1239471435547
141,135.87271118164062,82,94.38017272949219,227,230.0694580078125
142,137.12982177734375,82,92.33466339111328,232,228.9976348876953
147,135.80911254882812,82,92.33466339111328,232,228.9976348876953
148,135.06300354003906,83,91.75181579589844,237,229.778076171875
154,134.87008666992188,83,92.56482696533203,236,228.4632568359375
157,134.2923583984375,83,93.04235076904297,237,229.16758728027344
150,133.1117706298828,83,94.5724105834961,231,229.283447265625
149,132.70428466796875,82,95.14603424072266,230,228.81521606445312
149,134.98345947265625,82,95.32963562011719,231,229.40213012695312
150,134.518310546875,79,97.30919647216797,229,230.14999389648438
159,133.67364501953125,79,97.75736999511719,232,230.12623596191406
160,132.04443359375,84,97.74005889892578,232,228.05197143554688
157,132.5420684814453,84,95.45411682128906,232,228.05197143554688
157,131.90151977539062,83,94.77033233642578,233,226.29859924316406
154,131.90151977539062,83,94.33541870117188,231,225.18060302734375
153,133.50750732421875,82,93.22734069824219,230,224.89100646972656
162,133.3786163330078,82,93.83761596679688,228,226.08407592773438
163,131.09597778320312,81,93.4186019897461,228,225.23236083984375
152,130.6730194091797,81,92.20591735839844,228,222.3483428955078
152,130.6730194091797,81,91.16281127929688,224,221.3166961669922
152,128.7809295654297,81,91.28972625732422,223,220.38360595703125
147,127.35200500488281,80,86.72559356689453,221,220.76004028320312
112,127.62382507324219,80,85.56012725830078,220,217.87315368652344
110,127.58793640136719,81,85.12408447265625,220,216.5312957763672
110,127.58793640136719,82,84.35791015625,219,216.84361267089844
98,126.95731353759766,75,84.35791015625,215,216.42266845703125
97,126.73181915283203,75,84.35791015625,218,215.82742309570312
102,126.73181915283203,69,84.35791015625,211,215.87921142578125
102,126.97701263427734,69,79.7465591430664,210,215.1278076171875
124,121.41285705566406,71,79.1771469116211,205,210.2877655029297
126,120.81022644042969,71,79.3966064453125,210,207.94338989257812
135,121.65450286865234,68,72.1393814086914,204,207.3427734375
135,120.8871078491211,68,72.1393814086914,204,201.338623046875
133,115.2063980102539,63,70.30577850341797,202,201.338623046875
133,114.34567260742188,63,74.061279296875,198,198.9222869873047
126,111.27144622802734,55,66.44520568847656,200,197.63739013671875
125,111.41100311279297,55,68.12854766845703,202,197.74264526367188
119,109.15094757080078,64,66.43650817871094,199,195.20994567871094
117,109.15094757080078,65,63.51362991333008,198,195.20994567871094
106,109.15094757080078,72,62.602237701416016,199,190.1905975341797
106,102.6558837890625,72,61.40390396118164,190,188.40965270996094
103,102.6558837890625,63,59.83366775512695,186,188.18978881835938
103,102.6558837890625,63,58.78131866455078,176,187.5952606201172
104,103.05097961425781,56,58.78131866455078,177,179.59628295898438
104,91.32913970947266,56,53.28764724731445,182,180.101318359375
84,91.32913970947266,46,52.61247253417969,175,181.0490264892578
84,91.32913970947266,46,49.691925048828125,179,181.7314910888672
94,91.07942199707031,40,48.07189178466797,175,181.7314910888672
95,90.96123504638672,40,47.02442932128906,180,183.0403289794922
89,91.92137908935547,30,47.02442932128906,181,184.534912109375
89,90.81033325195312,30,47.02442932128906,181,181.0422821044922
76,79.2733383178711,40,60.11240768432617,182,181.0422821044922
76,79.2733383178711,40,57.526763916015625,184,181.0422821044922
82,78.24164581298828,64,57.526763916015625,185,186.96817016601562
83,79.41069030761719,65,66.32994842529297,184,189.4349822998047
80,76.25055694580078,74,69.29031372070312,188,194.41241455078125
80,79.39219665527344,74,70.9986801147461,188,196.18844604492188
73,80.46563720703125,89,74.93476867675781,192,197.2894287109375
72,80.65480041503906,89,74.93476867675781,192,200.03958129882812
65,80.1675033569336,87,74.93476867675781,200,200.95034790039062
66,80.11335754394531,87,74.93476867675781,202,201.98573303222656
76,80.0380630493164,98,74.93476867675781,198,203.63279724121094
77,80.0380630493164,98,74.65562438964844,202,203.63279724121094
80,80.0380630493164,91,74.73255157470703,214,203.63279724121094
80,79.94332122802734,91,74.73255157470703,224,203.63279724121094
84,79.11851501464844,97,74.73255157470703,231,203.63279724121094
84,79.11851501464844,97,73.25360107421875,231,208.05650329589844
83,90.43212890625,103,92.85187530517578,234,226.30068969726562
83,90.07781982421875,104,92.85187530517578,235,226.9762725830078
84,89.75965118408203,105,92.85187530517578,229,227.44635009765625
84,89.09282684326172,105,94.09687042236328,232,227.69509887695312
90,95.55034637451172,106,96.89319610595703,229,236.58543395996094
91,97.31278991699219,107,97.94092559814453,235,236.58543395996094
95,97.31278991699219,106,96.5406265258789,235,236.75570678710938
96,97.31278991699219,106,96.5406265258789,238,241.15528869628906
99,101.70221710205078,114,99.06143951416016,241,241.15528869628906
99,101.09320831298828,114,99.06143951416016,242,239.63401794433594
98,101.5046615600586,109,99.06143951416016,239,238.63902282714844
98,101.5046615600586,109,99.06143951416016,247,238.63902282714844
102,100.78644561767578,110,99.06143951416016,245,236.50079345703125
102,100.61526489257812,110,99.06143951416016,247,236.50079345703125
106,99.79010772705078,105,99.06143951416016,249,236.50079345703125
106,99.79010772705078,106,99.06143951416016,247,236.50079345703125
108,100.7342529296875,106,99.06143951416016,243,239.5289306640625
108,107.39226531982422,107,107.60392761230469,246,239.5289306640625
107,106.83318328857422,112,107.60392761230469,243,239.5289306640625
107,107.0589599609375,112,105.77570343017578,245,239.58851623535156
103,106.90312194824219,110,106.00779724121094,243,239.5778350830078
103,106.90312194824219,110,106.6796875,242,239.5778350830078
104,106.90312194824219,115,106.6796875,241,234.09329223632812
103,106.90312194824219,115,106.6796875,240,233.5574493408203
102,106.90312194824219,121,106.6796875,242,233.41656494140625
103,106.90312194824219,121,106.6796875,241,233.4211883544922
104,107.02232360839844,128,106.6796875,237,233.51712036132812
104,107.02232360839844,129,106.6796875,239,233.51712036132812
105,106.64080047607422,130,106.6796875,243,233.51712036132812
105,106.64080047607422,130,106.6796875,244,234.503662109375
106,106.64080047607422,132,106.6796875,243,234.91452026367188
106,106.64080047607422,132,106.6796875,245,237.00392150878906
107,107.22205352783203,135,113.01592254638672,245,237.00392150878906
108,108.05416107177734,135,114.89173889160156,245,238.11444091796875
108,108.06221771240234,124,114.89173889160156,245,238.1659393310547
108,108.38764190673828,124,114.89173889160156,246,238.1597137451172
114,107.9609375,121,114.89173889160156,248,238.05677795410156
115,107.9609375,121,114.89173889160156,245,238.7644805908203
113,108.21550750732422,123,114.89173889160156,244,238.7644805908203
112,107.11029815673828,123,118.96179962158203,246,238.7644805908203
114,107.71630859375,123,118.69569396972656,247,238.19236755371094
113,107.96503448486328,123,118.69569396972656,241,236.872802734375
110,105.65593719482422,108,120.72161865234375,241,235.77691650390625
110,106.33131408691406,108,120.72161865234375,239,234.1234130859375
105,106.33131408691406,109,120.72161865234375,239,233.00933837890625
105,106.55560302734375,109,120.72161865234375,236,231.26759338378906
109,106.1834487915039,109,120.72161865234375,234,228.64894104003906
109,106.1834487915039,110,130.69509887695312,231,230.3580780029297
111,106.81670379638672,124,131.76077270507812,228,230.3580780029297
110,107.11587524414062,125,131.76077270507812,231,230.3580780029297
110,106.82577514648438,141,131.76077270507812,227,218.815185546875
110,106.03302764892578,141,131.76077270507812,228,215.63987731933594
112,107.18870544433594,143,131.76077270507812,224,213.63636779785156
112,111.385498046875,144,148.43194580078125,218,216.70785522460938
114,111.17453002929688,144,123.23250579833984,213,212.8694305419922
114,111.33399963378906,145,123.23250579833984,211,211.14125061035156
117,111.48435974121094,144,123.23250579833984,205,211.14125061035156
117,111.48435974121094,144,123.23250579833984,199,204.81494140625
116,111.48435974121094,137,123.23250579833984,197,204.2649383544922
117,111.48435974121094,137,111.32646179199219,195,204.2649383544922
123,110.71173858642578,136,111.32646179199219,197,200.03781127929688
124,110.63883972167969,136,111.32646179199219,197,199.587158203125
123,110.88447570800781,136,111.32646179199219,197,198.2284393310547
123,110.36956024169922,136,111.32646179199219,198,196.39773559570312
125,110.71044158935547,133,111.32646179199219,197,196.39773559570312
126,109.35396575927734,133,99.42425537109375,199,196.39773559570312
125,109.35396575927734,136,99.42425537109375,197,196.39773559570312
125,110.48335266113281,137,99.42425537109375,198,196.39773559570312
129,110.0053482055664,134,93.81857299804688,201,196.39773559570312
129,109.18479919433594,134,91.97295379638672,205,222.55799865722656
137,136.6004180908203,133,130.54750061035156,204,222.01925659179688
138,136.61904907226562,133,130.54750061035156,205,222.4481201171875
142,136.65370178222656,131,130.54750061035156,207,222.4481201171875
142,136.13067626953125,132,130.54750061035156,207,221.26065063476562
148,136.80105590820312,125,130.54750061035156,208,221.2727508544922
148,136.80105590820312,125,130.54750061035156,212,221.2140350341797
145,141.41192626953125,123,134.97499084472656,209,226.17388916015625
145,142.5777587890625,123,136.78553771972656,215,225.23776245117188
143,141.1561737060547,122,137.418701171875,212,227.15895080566406
143,141.74899291992188,122,138.9320526123047,219,226.95436096191406
140,142.29901123046875,123,139.67543029785156,222,226.6016082763672
141,141.9823760986328,123,140.31704711914062,222,225.11190795898438
137,142.14425659179688,132,140.31704711914062,222,225.03172302246094
137,141.7981414794922,132,142.01785278320312,225,225.22869873046875
132,141.6624298095703,136,118.04166412353516,218,225.9741668701172
131,141.66200256347656,136,118.62664794921875,220,227.54762268066406
131,141.61436462402344,138,119.25150299072266,226,227.54762268066406
131,141.95965576171875,138,119.25150299072266,231,227.54762268066406
132,142.1222381591797,145,119.25150299072266,233,227.54762268066406
132,142.64321899414062,146,126.69403839111328,233,228.32325744628906
129,142.77696228027344,86,126.69403839111328,235,228.32325744628906
129,144.1773223876953,85,127.83958435058594,237,230.13851928710938
134,143.74014282226562,86,128.21063232421875,238,230.3308563232422
134,143.74014282226562,88,134.54486083984375,240,231.45779418945312
131,145.9523162841797,141,135.40280151367188,243,243.56671142578125
131,147.11009216308594,142,135.51873779296875,246,243.56671142578125
129,147.24554443359375,172,138.69580078125,247,246.55068969726562
129,149.53140258789062,172,140.5137176513672,247,247.4449462890625
129,150.15660095214844,172,141.052978515625,251,248.35507202148438
130,151.07598876953125,162,141.95948791503906,259,247.5484161376953
131,151.07598876953125,160,141.95948791503906,258,247.16061401367188
132,151.17776489257812,160,141.95948791503906,261,247.12564086914062
131,151.17776489257812,168,141.95948791503906,251,246.7844696044922
132,151.17210388183594,168,141.95948791503906,250,246.6202392578125
132,151.17320251464844,159,136.88998413085938,257,246.6202392578125
132,149.85316467285156,159,136.88998413085938,255,246.6202392578125
146,149.93431091308594,156,136.88998413085938,251,244.6209716796875
147,151.23760986328125,156,136.88998413085938,253,253.02166748046875
169,159.01806640625,152,146.8565673828125,255,253.552490234375
171,158.94154357910156,152,147.4881591796875,251,252.764404296875
148,159.54522705078125,157,147.4881591796875,258,252.3769989013672
147,158.92176818847656,157,147.4881591796875,251,248.63636779785156
160,160.3649444580078,158,148.06939697265625,247,249.4308624267578
163,161.25621032714844,157,148.06939697265625,247,249.4308624267578
153,159.92515563964844,151,147.51486206054688,249,245.1260223388672
153,161.04205322265625,151,147.51486206054688,244,244.873046875
157,160.02301025390625,151,145.94264221191406,245,242.25613403320312
156,159.4647979736328,151,144.2659454345703,245,242.25613403320312
172,158.0835723876953,149,133.0331573486328,236,236.15582275390625
172,158.0835723876953,150,133.0331573486328,231,235.58413696289062
202,156.00184631347656,142,129.82177734375,225,232.6367950439453
197,154.923095703125,142,127.61041259765625,228,229.513427734375
138,154.85594177246094,136,127.61041259765625,226,228.72178649902344
142,153.17970275878906,136,125.59117889404297,232,228.72178649902344
133,151.0686798095703,132,124.3200912475586,231,226.505126953125
133,150.16029357910156,132,123.85479736328125,228,225.1328125
135,150.62059020996094,123,120.10077667236328,229,225.1328125
134,147.97332763671875,122,120.17910766601562,234,225.1328125
129,147.80393981933594,114,120.17910766601562,236,222.5500946044922
129,147.80393981933594,114,120.17910766601562,220,222.59178161621094
129,147.37049865722656,99,120.17910766601562,220,222.67059326171875
129,144.41807556152344,99,124.57129669189453,223,222.33448791503906
122,143.45428466796875,96,125.52375030517578,220,221.47267150878906
122,142.39219665527344,96,127.14945220947266,222,220.99356079101562
114,143.62966918945312,100,128.91778564453125,221,221.27464294433594
114,143.64263916015625,100,128.91778564453125,220,221.37408447265625
107,142.4682159423828,96,132.5597381591797,221,222.09500122070312
108,143.87791442871094,96,112.11446380615234,228,222.35667419433594
111,143.33169555664062,91,113.40100860595703,222,224.95997619628906
111,143.1460418701172,91,116.83247375488281,218,224.67239379882812
109,144.06678771972656,96,117.6693115234375,213,226.47079467773438
110,144.51976013183594,96,117.6693115234375,206,226.47079467773438
152,144.5657196044922,100,117.6693115234375,208,226.47079467773438
152,144.76129150390625,101,117.6693115234375,213,226.47079467773438
190,144.57656860351562,103,103.15243530273438,215,226.47079467773438
194,144.57656860351562,103,101.14552307128906,221,226.47079467773438
185,144.40509033203125,104,115.42317199707031,229,230.48561096191406
184,144.9143524169922,105,116.25653076171875,225,230.2713623046875
177,141.74560546875,100,110.20196533203125,227,229.37185668945312
176,141.26571655273438,100,109.45841979980469,226,238.87957763671875
178,139.83177185058594,100,109.01509094238281,227,237.50096130371094
177,136.172119140625,100,105.4544677734375,225,234.95370483398438
183,136.172119140625,100,105.4544677734375,228,239.044677734375
183,131.5664825439453,99,99.06239318847656,228,240.23898315429688
130,130.3794708251953,81,97.68756103515625,225,231.642822265625
134,130.28440856933594,81,97.68756103515625,228,235.10691833496094
153,130.28440856933594,69,97.68756103515625,229,233.38186645507812
156,130.54261779785156,70,84.25961303710938,224,236.24713134765625
129,122.97920227050781,62,80.67636108398438,220,223.9423065185547
120,121.57534790039062,62,62.2406120300293,216,222.34315490722656
162,122.54705047607422,55,59.745723724365234,205,219.1498565673828
164,121.57081604003906,54,56.29690170288086,193,217.7906951904297
139,120.90452575683594,44,53.01663589477539,184,215.2184295654297
136,120.90452575683594,44,53.01663589477539,196,214.4306640625
102,118.4975814819336,38,44.99570846557617,237,214.4306640625
100,116.74156951904297,38,40.797996520996094,245,207.91944885253906
89,115.70963287353516,36,38.56873321533203,218,209.19125366210938
88,115.2299575805664,35,37.227317810058594,207,208.19540405273438
85,114.35325622558594,33,33.64146041870117,202,205.2265625
86,114.05937194824219,33,33.64146041870117,200,205.2265625
93,114.05937194824219,26,37.978397369384766,196,205.2265625
94,112.77830505371094,25,37.457149505615234,194,198.33584594726562
106,112.15054321289062,27,36.484962463378906,197,196.37022399902344
107,111.25325775146484,27,37.41035461425781,196,198.03240966796875
112,112.90579223632812,26,35.652957916259766,197,197.88687133789062
113,115.15519714355469,26,34.8663215637207,195,197.81556701660156
115,115.82318878173828,22,34.33693313598633,196,198.00851440429688
115,115.84429931640625,22,34.33693313598633,199,198.17599487304688
119,115.84429931640625,20,34.33693313598633,196,198.54965209960938
120,118.55391693115234,20,31.728431701660156,202,200.04042053222656
122,118.55391693115234,19,31.728431701660156,200,200.04042053222656
123,117.58033752441406,19,31.728431701660156,202,200.04042053222656
121,118.91878509521484,14,31.728431701660156,204,200.04042053222656
121,117.00819396972656,14,33.76356887817383,208,200.04042053222656
126,115.59449005126953,22,34.86026382446289,201,198.05255126953125
126,115.59449005126953,22,34.86026382446289,204,198.35601806640625
123,115.59449005126953,26,40.05033874511719,200,198.35601806640625
121,110.19035339355469,26,43.5767707824707,193,195.57003784179688
103,107.35818481445312,34,46.058902740478516,187,194.43515014648438
103,107.35818481445312,35,46.058902740478516,182,194.43515014648438
105,107.35818481445312,40,46.058902740478516,171,185.6227569580078
104,94.82887268066406,41,56.24800109863281,156,185.6227569580078
91,91.73733520507812,45,59.84927749633789,148,179.46205139160156
91,91.22291564941406,46,60.70694351196289,151,177.542724609375
95,91.22291564941406,52,60.70694351196289,168,177.542724609375
95,91.22291564941406,52,60.70694351196289,171,174.28372192382812
85,89.6195068359375,55,60.70694351196289,167,174.1627960205078
84,88.86610412597656,55,60.70694351196289,166,174.1627960205078
78,81.22531127929688,59,69.24537658691406,167,174.138427734375
77,80.77239227294922,60,69.48531341552734,169,172.56106567382812
74,80.53015899658203,61,69.664794921875,165,171.9202423095703
75,81.69780731201172,61,68.41923522949219,175,172.6421661376953
72,80.75038146972656,63,68.21688842773438,180,173.47311401367188
71,81.0939712524414,64,69.05591583251953,206,174.4407958984375
69,80.9624252319336,64,69.05591583251953,150,174.4407958984375
69,80.9624252319336,64,69.05591583251953,146,175.99891662597656
65,80.9624252319336,63,69.05591583251953,149,176.3334503173828
64,80.55255889892578,64,69.05591583251953,150,176.3334503173828
59,80.11395263671875,64,69.05591583251953,153,176.63555908203125
58,79.9637680053711,64,78.90434265136719,160,176.63555908203125
57,79.79993438720703,61,78.90434265136719,167,176.24603271484375
57,86.30520629882812,61,75.14193725585938,172,186.7440185546875
55,86.80502319335938,52,75.05195617675781,172,189.7921600341797
56,88.06742095947266,52,70.25090789794922,175,191.5446319580078
59,87.23550415039062,59,71.58846282958984,176,193.1452178955078
60,88.31700134277344,59,71.58846282958984,177,187.16136169433594
61,90.28706359863281,56,74.76560974121094,180,187.16136169433594
68,92.1178207397461,56,75.68143463134766,179,188.03443908691406
130,92.11138153076172,55,61.93962478637695,176,191.40353393554688
133,95.21436309814453,55,59.75270080566406,177,194.33132934570312
128,96.20567321777344,51,61.68490982055664,180,199.94876098632812
128,96.98230743408203,51,62.620582580566406,181,202.8502655029297
118,96.98230743408203,53,54.11980056762695,183,190.92605590820312
117,96.98230743408203,53,52.39377212524414,179,190.92605590820312
136,96.98230743408203,52,49.84706115722656,179,190.92605590820312
136,106.05803680419922,52,57.119625091552734,178,196.352783203125
128,106.85238647460938,54,57.2293701171875,179,197.97067260742188
129,107.391845703125,54,56.216453552246094,180,200.89796447753906
130,106.77957153320312,54,54.369606018066406,182,200.89796447753906
129,106.70851135253906,54,59.167911529541016,182,203.5584259033203
126,105.86011505126953,51,57.172119140625,183,193.30235290527344
125,106.46499633789062,51,58.83697509765625,184,189.8234405517578
123,105.58029174804688,53,61.77022171020508,183,191.2236785888672
122,105.37263488769531,53,64.55867767333984,181,192.28184509277344
115,104.80374908447266,57,66.43196868896484,179,193.40830993652344
115,105.48169708251953,57,66.43196868896484,180,193.77650451660156
117,105.48169708251953,54,66.43196868896484,176,193.77650451660156
117,105.48169708251953,54,66.43196868896484,178,193.77650451660156
120,106.4605712890625,59,66.43196868896484,179,193.77650451660156
121,107.63639068603516,59,66.43196868896484,176,199.52720642089844
131,109.70227813720703,59,55.40890884399414,177,199.52720642089844
131,109.63223266601562,55,55.64118194580078,179,202.5869598388672
141,111.82018280029297,55,55.7125358581543,180,204.70057678222656
143,112.08084106445312,59,55.88066101074219,184,186.9071807861328
154,113.98985290527344,59,55.578216552734375,186,189.05384826660156
153,113.98985290527344,59,58.50436782836914,187,189.55636596679688
159,113.61473846435547,58,58.641693115234375,190,189.55636596679688
160,115.03832244873047,61,58.641693115234375,194,193.0928497314453
126,118.13997650146484,61,62.906463623046875,193,194.3900146484375
117,118.39495086669922,61,67.22296905517578,194,194.54263305664062
97,118.46477508544922,60,67.40465545654297,194,193.4849395751953
98,118.46477508544922,63,67.40465545654297,193,193.4849395751953
103,117.9509506225586,63,67.40465545654297,193,193.3662872314453
103,119.46757507324219,64,71.77920532226562,196,194.62045288085938
101,119.94115447998047,65,71.0791244506836,192,193.8785858154297
102,120.22602081298828,62,71.2255630493164,189,193.83522033691406
107,119.4238052368164,63,71.20624542236328,190,193.83522033691406
107,121.61909484863281,61,70.5513687133789,190,194.53192138671875
116,121.61909484863281,61,69.96746063232422,189,192.4845428466797
117,128.31666564941406,66,69.96746063232422,190,192.4845428466797
119,130.0033416748047,66,72.57966613769531,191,195.7211456298828
119,132.0624542236328,63,71.67364501953125,192,198.1214141845703
106,132.92884826660156,63,72.37085723876953,192,198.95364379882812
106,137.7543487548828,66,75.09515380859375,193,202.3107452392578
138,138.71385192871094,66,76.30431365966797,196,203.55078125
141,138.30116271972656,70,76.30431365966797,194,203.51104736328125
174,138.42401123046875,70,76.30431365966797,198,202.30264282226562
176,147.61119079589844,75,75.25308990478516,206,211.45166015625
158,150.8564453125,75,84.99542236328125,209,213.94293212890625
158,152.3233642578125,82,86.95537567138672,212,217.06959533691406
192,152.3881378173828,82,88.50914764404297,216,217.9059295654297
192,152.3881378173828,77,90.22396087646484,219,219.0005645751953
196,152.56564331054688,78,91.85122680664062,221,219.38885498046875
197,154.35235595703125,86,92.34961700439453,222,219.58798217773438
198,154.50772094726562,86,92.81697082519531,220,221.4862518310547
196,151.75344848632812,85,90.80807495117188,218,220.16725158691406
196,150.6103973388672,85,90.26347351074219,219,218.77130126953125
189,149.1609649658203,85,90.5108871459961,217,219.2423095703125
189,150.96286010742188,86,90.7477798461914,210,219.2423095703125
176,149.96514892578125,82,83.87588500976562,206,212.82249450683594
174,140.8936767578125,82,82.72368621826172,204,209.10906982421875
151,139.56350708007812,76,80.95903015136719,194,206.02587890625
149,137.70155334472656,76,79.31222534179688,195,206.02587890625
128,134.10643005371094,73,77.7176284790039,195,202.3671875
126,133.32229614257812,73,77.68363952636719,194,199.9526824951172
117,129.00730895996094,71,76.103271484375,193,198.6934051513672
116,127.0759048461914,71,75.7848892211914,191,197.32127380371094
124,125.65838623046875,73,76.11579132080078,192,196.95578002929688
124,124.53144836425781,73,75.8888931274414,190,196.0138702392578
124,123.40631866455078,76,77.14257049560547,190,195.13560485839844
124,122.70353698730469,76,77.68353271484375,192,195.66697692871094
124,122.37881469726562,71,78.97164916992188,192,195.66697692871094
125,122.03206634521484,71,78.97164916992188,190,195.66697692871094
133,122.74729919433594,77,80.65013122558594,187,198.85372924804688
133,124.75503540039062,78,85.80995178222656,191,199.19273376464844
134,124.66447448730469,89,85.80995178222656,192,199.23170471191406
134,124.66447448730469,89,86.66143035888672,193,199.33738708496094
124,123.79336547851562,80,86.88671875,197,199.51712036132812
124,123.47222137451172,80,86.88671875,199,199.51712036132812
133,125.02298736572266,87,89.8686294555664,197,201.49960327148438
133,125.19486236572266,87,89.88304138183594,199,201.3716583251953
123,125.01644134521484,80,89.6972885131836,196,201.47994995117188
124,125.18228912353516,80,89.89761352539062,192,200.98948669433594
133,124.90475463867188,83,89.4388427734375,197,200.58082580566406
133,125.47337341308594,83,89.65580749511719,197,200.33071899414062
126,126.18690490722656,88,89.43672180175781,193,198.8231964111328
127,124.99532318115234,88,89.31396484375,194,197.93438720703125
122,124.66045379638672,89,89.86376953125,196,198.0370635986328
122,124.27938842773438,89,90.33956146240234,193,197.74371337890625
128,124.146728515625,84,90.02115631103516,194,197.74371337890625
128,123.8828125,84,90.37625885009766,194,197.9064178466797
120,123.57283020019531,83,90.82395935058594,192,197.56126403808594
120,122.97258758544922,84,90.9001693725586,192,197.4561767578125
131,122.9814224243164,82,91.49198150634766,197,197.4561767578125
131,121.31072998046875,82,92.37728881835938,197,197.4561767578125
122,121.20894622802734,85,92.66262817382812,192,197.11544799804688
122,120.6900634765625,85,92.71505737304688,188,195.81077575683594
130,120.08552551269531,84,93.19998168945312,192,195.73948669433594
129,119.7839126586914,84,92.80949401855469,193,196.02203369140625
120,119.38998413085938,89,93.53821563720703,192,195.7796173095703
121,119.52731323242188,89,93.58335876464844,190,195.23707580566406
122,118.77375793457031,83,93.04286193847656,190,195.2017822265625
123,118.84452056884766,83,92.63716125488281,193,195.59837341308594
117,118.76161193847656,90,92.57191467285156,192,195.97018432617188
118,118.50292205810547,90,92.34748840332031,192,195.52914428710938
119,118.56285095214844,88,92.85210418701172,193,194.8933563232422
120,117.82246398925781,88,92.07670593261719,192,195.01766967773438
120,117.49722290039062,84,91.28384399414062,192,195.00314331054688
120,117.02684020996094,84,91.54078674316406,191,194.55401611328125
118,116.76809692382812,87,91.24224853515625,191,194.61778259277344
118,116.15398406982422,88,90.30059814453125,190,194.5066375732422
120,116.15398406982422,86,91.25282287597656,189,194.53253173828125
120,117.73838806152344,86,91.34232330322266,190,194.64784240722656
117,116.2526626586914,85,89.810791015625,189,193.139404296875
118,116.88914489746094,85,89.49457550048828,189,193.09503173828125
118,117.3516616821289,85,89.5060806274414,189,192.8214111328125
118,116.85523986816406,85,89.5060806274414,190,192.8214111328125
115,116.99243927001953,85,88.66088104248047,190,193.45828247070312
118,117.40553283691406,86,88.75772857666016,195,193.45828247070312
120,117.77910614013672,93,89.25199127197266,194,193.89425659179688
120,118.24708557128906,93,89.8926773071289,191,194.78575134277344
121,118.7488784790039,85,90.2603759765625,195,194.87677001953125
122,119.0673828125,85,90.48223114013672,196,194.57351684570312
121,118.39179229736328,90,90.48988342285156,194,194.2835693359375
121,118.39179229736328,90,94.88599395751953,192,194.66151428222656
119,118.31415557861328,90,94.88599395751953,195,195.080322265625
118,116.4022216796875,90,94.4120864868164,191,193.9661865234375
121,116.21637725830078,98,96.54666900634766,190,193.9661865234375
120,116.21637725830078,99,97.68897247314453,191,193.12225341796875
118,115.76458740234375,97,97.93370819091797,193,193.0782928466797
119,116.29885864257812,97,98.19896697998047,193,192.26426696777344
116,115.41788482666016,97,97.89500427246094,193,192.77484130859375
116,115.03801727294922,97,97.62621307373047,194,191.82962036132812
121,114.36170196533203,100,97.62621307373047,191,191.9437255859375
121,114.01493835449219,100,97.25285339355469,188,191.4896240234375
116,114.40261840820312,98,97.39734649658203,190,191.39639282226562
116,114.3908462524414,98,97.39734649658203,191,191.39639282226562
117,113.72111511230469,99,97.19941711425781,194,190.9386749267578
116,113.35197448730469,99,97.07075500488281,193,191.10623168945312
115,113.30091857910156,98,97.035400390625,193,190.78863525390625
115,112.88864135742188,98,97.0551528930664,193,190.7506561279297
117,112.89378356933594,100,97.0551528930664,191,190.58578491210938
117,112.68965911865234,100,97.22115325927734,192,190.48480224609375
118,112.79302215576172,100,96.81024932861328,192,190.14791870117188
118,112.64564514160156,101,96.78571319580078,192,191.68638610839844
119,112.36959838867188,95,96.90930938720703,192,191.49954223632812
119,112.0363998413086,95,96.80440521240234,191,191.70928955078125
118,112.98027801513672,96,96.80440521240234,189,191.70928955078125
119,111.66471862792969,96,96.19834899902344,194,190.97586059570312
118,111.64889526367188,97,96.19759368896484,192,191.25730895996094
117,111.66175079345703,97,96.1941146850586,190,191.3404541015625
114,111.84918975830078,98,96.27378845214844,189,191.2555389404297
114,111.8447494506836,98,96.28858184814453,190,191.25723266601562
114,112.04837799072266,99,96.49554443359375,189,191.24961853027344
113,112.32833099365234,99,96.15316772460938,189,191.27072143554688
113,111.54603576660156,97,96.24775695800781,189,191.34568786621094
114,111.54902648925781,97,96.23841094970703,190,191.33363342285156
115,111.79179382324219,98,96.21277618408203,190,191.4965362548828
115,111.95084381103516,98,96.33979034423828,190,191.4965362548828
115,112.15129089355469,98,96.32917022705078,189,191.23712158203125
115,111.72157287597656,98,96.3367691040039,188,191.49717712402344
115,111.84783935546875,100,96.24066162109375,190,191.339599609375
115,111.96800994873047,100,96.25211334228516,191,191.33242797851562
114,111.96800994873047,98,96.2531967163086,194,191.33706665039062
114,111.5338134765625,98,96.24938201904297,193,190.41529846191406
111,112.6633529663086,100,96.3439712524414,193,190.6619873046875
111,112.00624084472656,100,96.506103515625,190,191.4977569580078
111,111.40187072753906,100,96.34962463378906,192,191.25514221191406
116,111.95650482177734,99,96.44681549072266,191,191.34140014648438
114,112.48162078857422,96,96.04743194580078,188,191.3380889892578
114,112.68553924560547,97,96.32804870605469,190,191.6180877685547
116,112.13910675048828,101,96.50468444824219,192,191.6180877685547
116,112.13910675048828,101,96.50468444824219,189,191.51637268066406
115,111.69194793701172,99,96.52955627441406,190,191.59063720703125
115,111.7098159790039,99,96.34923553466797,191,191.51638793945312
119,112.66173553466797,96,96.32830047607422,190,191.51638793945312
119,112.64679718017578,96,96.32830047607422,191,191.52938842773438
113,112.65966796875,98,96.44060516357422,190,191.51577758789062
113,111.96907806396484,99,96.44060516357422,191,191.51577758789062
116,112.67132568359375,97,96.44060516357422,191,191.51577758789062
116,112.67132568359375,97,96.34420776367188,191,191.27664184570312
112,112.55062866210938,98,96.50371551513672,193,191.26670837402344
113,112.55191802978516,98,96.50255584716797,190,191.5050811767578
114,112.16657257080078,98,96.33219146728516,191,191.5189666748047
114,112.55366516113281,98,96.48613739013672,194,191.52056884765625
115,112.05863952636719,101,96.48613739013672,188,191.5282745361328
115,111.99640655517578,102,96.50202941894531,192,191.28590393066406
115,112.34833526611328,97,96.48822784423828,190,191.33262634277344
114,112.46023559570312,96,96.23950958251953,192,191.32080078125
114,111.77461242675781,101,96.23950958251953,190,191.59715270996094
114,111.74726104736328,101,96.6207504272461,189,191.6134490966797
121,111.40910339355469,98,96.334716796875,190,191.27951049804688
120,112.46461486816406,98,96.2561264038086,190,191.34579467773438
112,112.46824645996094,98,96.2561264038086,190,191.3481903076172
112,112.46479034423828,98,96.23921203613281,190,191.32559204101562
112,112.46766662597656,97,96.23722839355469,192,191.32559204101562
112,112.46766662597656,97,96.23837280273438,190,191.27452087402344
113,112.56893157958984,94,96.51628112792969,192,191.3449249267578
113,112.49789428710938,95,96.22726440429688,192,191.3449249267578
117,111.52429962158203,98,96.22726440429688,189,191.50086975097656
118,112.64827728271484,98,96.31986999511719,190,191.50086975097656
117,112.675537109375,92,96.30744934082031,190,191.26974487304688
117,111.76647186279297,92,96.30744934082031,190,191.2701873779297
114,111.78453826904297,99,96.30744934082031,190,191.26356506347656
114,111.79386901855469,99,96.31002807617188,189,191.34005737304688
114,112.34300231933594,96,96.5201644897461,190,191.49172973632812
114,112.53575897216797,96,96.50509643554688,189,191.33836364746094
110,111.9517822265625,100,96.2232894897461,189,191.33836364746094
111,112.70270538330078,100,96.50045776367188,193,190.5550537109375
117,111.5854721069336,97,96.3458480834961,193,190.5550537109375
117,111.92237854003906,97,96.07947540283203,192,191.50379943847656
113,111.40032196044922,99,96.1695327758789,191,191.2772979736328
112,111.85054016113281,99,96.6172103881836,193,191.50106811523438
113,111.84951782226562,102,96.61302185058594,194,191.50997924804688
113,111.84661865234375,102,96.49702453613281,191,191.32009887695312
115,112.3284683227539,99,96.32923126220703,190,191.49978637695312
115,112.12646484375,99,96.33519744873047,193,191.28518676757812
109,111.9623794555664,98,96.32990264892578,192,191.5066375732422
110,111.59749603271484,98,96.5017318725586,192,191.508056640625
114,111.65210723876953,97,96.4175033569336,190,191.51036071777344
115,111.99281311035156,97,96.60933685302734,190,191.25843811035156
117,111.65296173095703,100,96.15502166748047,191,191.48858642578125
117,111.84217834472656,100,96.3345718383789,192,191.60302734375
115,111.64749908447266,97,96.05068969726562,194,191.23817443847656
114,111.64344024658203,97,96.05068969726562,194,191.2364959716797
115,111.64183044433594,99,96.21841430664062,191,191.23684692382812
115,111.8405532836914,99,96.21841430664062,190,191.24696350097656
115,112.34046936035156,96,96.22808074951172,186,191.24696350097656
116,112.34030151367188,96,96.23564147949219,188,191.25180053710938
114,111.6410140991211,103,96.29935455322266,187,191.51361083984375
113,111.64337158203125,103,96.31224060058594,191,191.48585510253906
116,111.64337158203125,100,96.31224060058594,196,191.28485107421875
116,111.77545166015625,99,96.21245574951172,195,191.33753967285156
120,111.91008758544922,98,96.25020599365234,196,191.33424377441406
119,111.91578674316406,98,96.32413482666016,197,191.3346710205078
119,111.84451293945312,95,96.51405334472656,198,191.3376007080078
119,111.82503509521484,95,96.49822998046875,196,191.51670837402344
116,111.84294891357422,96,96.50635528564453,191,191.49728393554688
115,111.76873779296875,96,96.22026062011719,197,191.5127716064453
114,111.63851165771484,98,96.41649627685547,195,191.3413543701172
114,111.82542419433594,98,96.6038818359375,195,191.3321533203125
110,111.83953094482422,99,96.60396575927734,192,191.50323486328125
110,111.82778930664062,99,96.60396575927734,186,191.4964141845703
113,111.77928924560547,100,96.40440368652344,194,191.4964141845703
113,112.34381103515625,99,96.44025421142578,186,191.2676239013672
114,112.33257293701172,103,96.44093322753906,190,191.49693298339844
115,112.54685974121094,103,96.62861633300781,191,191.5018310546875
115,111.63481903076172,100,96.63420104980469,196,191.32557678222656
114,111.39055633544922,100,96.430908203125,193,191.49920654296875
116,111.39219665527344,98,96.34588623046875,195,191.27871704101562
116,112.35294342041016,98,96.34588623046875,192,191.26214599609375
