Ranging.distTo0,Ranging.truthDistTo0,Ranging.distTo2,Ranging.truthDistTo2,Ranging.distTo5,Ranging.truthDistTo5,Ranging.distTo7,Ranging.truthDistTo7
77,101.5713119506836,100,105.56526947021484,-1,199.99989318847656,136,143.7314453125
76,101.60285186767578,101,105.53764343261719,-1,199.99989318847656,135,143.61151123046875
76,100.53899383544922,100,105.1500473022461,-1,199.99989318847656,136,143.59982299804688
76,100.66985321044922,103,104.7618637084961,-1,199.99989318847656,136,143.61013793945312
76,100.66985321044922,102,105.1490478515625,-1,199.99989318847656,134,143.7471923828125
77,101.75906372070312,101,105.56641387939453,-1,199.99989318847656,135,143.79075622558594
77,101.75906372070312,100,105.55069732666016,-1,199.99989318847656,135,143.79075622558594
76,101.73097229003906,102,105.55069732666016,-1,199.99989318847656,134,143.88827514648438
114,101.72228240966797,100,105.40186309814453,-1,199.99989318847656,136,143.88827514648438
114,101.47210693359375,101,105.3984375,-1,199.99989318847656,136,143.05825805664062
78,100.89604187011719,103,105.13545227050781,-1,199.99989318847656,136,143.07044982910156
78,100.89604187011719,103,105.13321685791016,-1,199.99989318847656,136,143.0740203857422
78,100.89604187011719,106,105.13321685791016,-1,199.99989318847656,136,144.0845947265625
74,100.51730346679688,105,104.72552490234375,-1,199.99989318847656,135,144.08102416992188
75,100.6575927734375,101,104.74286651611328,-1,199.99989318847656,136,143.55911254882812
75,101.15574645996094,102,104.35889434814453,-1,199.99989318847656,136,144.20590209960938
74,100.76419067382812,102,104.3590087890625,-1,199.99989318847656,135,143.51268005371094
74,100.97968292236328,100,105.1270980834961,-1,199.99989318847656,135,143.0694122314453
74,100.97968292236328,98,105.5430908203125,-1,199.99989318847656,136,143.60801696777344
74,100.89012908935547,101,105.12224578857422,-1,199.99989318847656,136,143.813232421875
72,101.56793212890625,101,105.13554382324219,-1,199.99989318847656,136,143.6225128173828
72,101.56793212890625,102,104.74478149414062,-1,199.99989318847656,136,143.60186767578125
72,100.67023468017578,101,104.74422454833984,-1,199.99989318847656,134,143.6072998046875
72,101.51595306396484,100,105.39936828613281,-1,199.99989318847656,134,143.61114501953125
72,101.57500457763672,98,104.7398910522461,-1,199.99989318847656,135,143.58599853515625
72,100.98204040527344,102,105.13563537597656,-1,199.99989318847656,135,143.74522399902344
70,101.60478973388672,101,105.54385375976562,-1,199.99989318847656,136,143.74522399902344
70,101.60478973388672,103,105.51483917236328,-1,199.99989318847656,136,143.5885467529297
72,100.88599395751953,102,105.1183090209961,-1,199.99989318847656,135,143.58868408203125
73,100.88599395751953,103,105.15609741210938,-1,199.99989318847656,134,143.56846618652344
73,100.88599395751953,103,105.15609741210938,-1,199.99989318847656,135,143.67697143554688
73,100.88634490966797,104,105.13614654541016,-1,199.99989318847656,135,143.06967163085938
73,100.89874267578125,102,105.55449676513672,-1,199.99989318847656,135,143.72633361816406
73,100.89874267578125,101,104.7533950805664,-1,199.99989318847656,135,143.57383728027344
73,101.75303649902344,102,105.56587982177734,-1,199.99989318847656,137,143.58743286132812
73,100.67366790771484,101,104.75094604492188,-1,199.99989318847656,137,143.605712890625
70,101.49481964111328,103,105.56031036376953,-1,199.99989318847656,135,143.82785034179688
70,101.57079315185547,100,105.4124526977539,-1,199.99989318847656,134,143.82785034179688
67,101.5691909790039,100,105.4088363647461,-1,199.99989318847656,134,143.60499572753906
67,101.5691909790039,100,105.43875122070312,-1,199.99989318847656,135,143.01805114746094
67,101.5691909790039,101,105.14751434326172,-1,199.99989318847656,136,143.59877014160156
67,101.5691909790039,100,105.1469497680664,-1,199.99989318847656,136,143.5977783203125
72,101.02535247802734,103,104.37394714355469,-1,199.99989318847656,134,144.0933837890625
72,101.13971710205078,103,105.1298599243164,-1,199.99989318847656,134,143.61395263671875
72,100.50409698486328,102,105.53451538085938,-1,199.99989318847656,136,143.71434020996094
72,101.51067352294922,102,105.52446746826172,-1,199.99989318847656,136,143.61195373535156
75,100.52619934082031,101,104.72512817382812,-1,199.99989318847656,135,143.61053466796875
75,100.52619934082031,103,105.13009643554688,-1,199.99989318847656,136,143.60629272460938
73,100.6668701171875,103,104.73819732666016,-1,199.99989318847656,134,143.08218383789062
72,100.65638732910156,100,105.14742279052734,-1,199.99989318847656,134,143.0806884765625
73,100.88091278076172,100,105.1245346069336,-1,199.99989318847656,137,143.6155548095703
74,100.84759521484375,101,105.14164733886719,-1,199.99989318847656,137,143.6804962158203
74,100.88127899169922,99,105.1353530883789,-1,199.99989318847656,134,143.59024047851562
73,100.95835876464844,103,104.7337875366211,-1,199.99989318847656,134,143.73092651367188
74,101.58053588867188,100,105.5358657836914,-1,199.99989318847656,136,143.59487915039062
74,100.94741821289062,102,105.14751434326172,-1,199.99989318847656,136,143.59046936035156
73,101.59149169921875,100,105.13995361328125,-1,199.99989318847656,135,143.08253479003906
73,101.48759460449219,103,105.1437759399414,-1,199.99989318847656,135,143.05393981933594
81,100.87582397460938,103,105.12830352783203,-1,199.99989318847656,136,143.69778442382812
81,100.87582397460938,100,105.55081939697266,-1,199.99989318847656,136,143.725341796875
81,100.87582397460938,101,105.55226135253906,-1,199.99989318847656,135,143.725341796875
80,101.75691986083984,101,105.56550598144531,-1,199.99989318847656,136,143.725341796875
73,101.75691986083984,103,105.56550598144531,-1,199.99989318847656,136,143.725341796875
73,101.47222900390625,100,105.5530776977539,-1,199.99989318847656,136,143.7232666015625
72,101.48127746582031,99,105.5530776977539,-1,199.99989318847656,135,143.7232666015625
72,101.48127746582031,101,105.5530776977539,-1,199.99989318847656,135,143.7232666015625
72,101.47298431396484,100,104.74303436279297,-1,199.99989318847656,137,143.5443878173828
72,101.47298431396484,101,104.37322998046875,-1,199.99989318847656,136,143.5443878173828
78,101.00566864013672,99,105.15756225585938,-1,199.99989318847656,136,143.05499267578125
77,101.11521911621094,104,105.15331268310547,-1,199.99989318847656,135,143.67660522460938
69,100.89871978759766,100,105.15570831298828,-1,199.99989318847656,134,143.6778106689453
69,100.87682342529297,102,105.15570831298828,-1,199.99989318847656,136,143.0473175048828
69,100.87682342529297,101,104.73188018798828,-1,199.99989318847656,136,143.59036254882812
69,100.87682342529297,103,104.35846710205078,-1,199.99989318847656,136,143.5861358642578
73,100.68464660644531,101,104.7134780883789,-1,199.99989318847656,134,143.05227661132812
76,100.42407989501953,101,104.72283172607422,-1,199.99989318847656,135,143.58189392089844
78,101.12056732177734,100,104.73614501953125,-1,199.99989318847656,136,143.7191619873047
77,101.4980697631836,99,105.13343048095703,-1,199.99989318847656,136,143.60804748535156
78,100.49764251708984,102,105.15398406982422,-1,199.99989318847656,136,143.60020446777344
78,100.84119415283203,103,104.36609649658203,-1,199.99989318847656,136,143.72830200195312
78,101.58160400390625,103,105.52383422851562,-1,199.99989318847656,134,143.61911010742188
78,100.97032165527344,101,105.13360595703125,-1,199.99989318847656,135,143.59872436523438
69,100.97032165527344,102,105.13360595703125,-1,199.99989318847656,135,143.6793670654297
69,100.89823150634766,103,105.13360595703125,-1,199.99989318847656,135,143.6039276123047
69,100.89823150634766,102,105.55302429199219,-1,199.99989318847656,138,143.1619415283203
69,101.48490142822266,103,105.54200744628906,-1,199.99989318847656,135,143.7102508544922
68,101.73536682128906,100,105.52446746826172,-1,199.99989318847656,135,143.81979370117188
69,100.5023193359375,101,104.72915649414062,-1,199.99989318847656,135,143.68038940429688
72,100.4212875366211,101,104.7450942993164,-1,199.99989318847656,135,143.68463134765625
72,100.67305755615234,100,104.73773193359375,-1,199.99989318847656,135,143.71633911132812
71,100.50563049316406,102,104.72904205322266,-1,199.99989318847656,135,143.5812225341797
72,100.50563049316406,101,104.72904205322266,-1,199.99989318847656,135,143.58848571777344
68,100.52226257324219,100,104.7525634765625,-1,199.99989318847656,135,143.597900390625
68,100.66938781738281,98,104.75109100341797,-1,199.99989318847656,135,143.58572387695312
68,101.51569366455078,101,105.16571807861328,-1,199.99989318847656,137,143.59405517578125
68,100.75030517578125,101,104.37690734863281,-1,199.99989318847656,137,143.05343627929688
69,100.88968658447266,100,105.1605224609375,-1,199.99989318847656,136,143.5886993408203
69,100.95136260986328,102,105.15042114257812,-1,199.99989318847656,136,143.5886993408203
69,100.95136260986328,102,105.15042114257812,-1,199.99989318847656,135,143.5919189453125
69,100.95136260986328,102,105.13363647460938,-1,199.99989318847656,136,143.62008666992188
69,100.41695404052734,101,104.74121856689453,-1,199.99989318847656,134,143.62025451660156
75,100.42840576171875,101,104.35999298095703,-1,199.99989318847656,135,144.1016387939453
74,100.88388061523438,98,105.14541625976562,-1,199.99989318847656,133,143.70774841308594
75,100.88662719726562,102,105.1382064819336,-1,199.99989318847656,134,143.60595703125
73,100.87704467773438,102,105.1382064819336,-1,199.99989318847656,133,143.592529296875
73,100.87889099121094,101,105.1410903930664,-1,199.99989318847656,134,143.58975219726562
73,101.14588165283203,100,105.1410903930664,-1,199.99989318847656,133,143.63360595703125
73,100.52996826171875,102,104.75132751464844,-1,199.99989318847656,135,143.56832885742188
73,100.52996826171875,102,105.53765869140625,-1,199.99989318847656,134,143.18124389648438
73,101.7593994140625,101,105.1437759399414,-1,199.99989318847656,135,143.17056274414062
72,101.13298034667969,101,105.14398193359375,-1,199.99989318847656,134,143.5571746826172
69,101.13653564453125,102,105.16539764404297,-1,199.99989318847656,134,143.04771423339844
70,101.13653564453125,100,105.16451263427734,-1,199.99989318847656,133,143.044677734375
71,100.68170166015625,101,104.7520523071289,-1,199.99989318847656,134,143.044677734375
69,100.67821502685547,103,104.72927856445312,-1,199.99989318847656,135,143.04965209960938
70,101.71150207519531,101,105.44033813476562,-1,199.99989318847656,135,143.40171813964844
70,101.71150207519531,103,105.44033813476562,-1,199.99989318847656,136,143.40171813964844
69,101.71208190917969,102,105.44033813476562,-1,199.99989318847656,136,143.40171813964844
74,101.80089569091797,103,105.44033813476562,-1,199.99989318847656,136,143.40171813964844
74,101.71070098876953,104,105.44033813476562,-1,199.99989318847656,135,143.40171813964844
74,101.79882049560547,102,105.44033813476562,-1,199.99989318847656,137,143.40171813964844
76,101.79882049560547,103,105.44033813476562,-1,199.99989318847656,136,143.95901489257812
77,101.79882049560547,101,105.44033813476562,-1,199.99989318847656,133,143.95001220703125
76,100.96312713623047,100,105.14067077636719,-1,199.99989318847656,134,143.5558624267578
66,100.15882873535156,104,105.14067077636719,-1,199.99989318847656,134,143.54344177246094
66,100.10456085205078,102,104.53479766845703,-1,199.99989318847656,135,143.77569580078125
78,100.19581604003906,100,105.53997802734375,-1,199.99989318847656,138,142.77479553222656
78,101.78458404541016,105,105.4206771850586,-1,199.99989318847656,135,142.94564819335938
78,101.78458404541016,101,104.69676208496094,-1,199.99989318847656,128,142.6283416748047
78,102.58872985839844,99,105.3206787109375,-1,199.99989318847656,129,143.1365509033203
88,105.52845001220703,104,106.28780364990234,-1,199.99989318847656,128,143.93531799316406
88,105.83613586425781,106,107.49369812011719,-1,199.99989318847656,125,145.34747314453125
95,105.485107421875,105,106.46150970458984,-1,201.92465209960938,134,145.4649200439453
95,110.22663116455078,108,110.03583526611328,-1,201.92465209960938,132,145.4649200439453
91,110.9021987915039,111,111.91134643554688,-1,201.92465209960938,135,148.05569458007812
91,112.30259704589844,114,111.86375427246094,-1,205.79550170898438,133,148.38697814941406
93,112.30259704589844,117,111.86375427246094,-1,207.1000518798828,137,148.68930053710938
94,114.81572723388672,122,114.85806274414062,-1,207.073974609375,138,150.05459594726562
106,115.23884582519531,122,117.51024627685547,181,207.0525360107422,136,151.9302520751953
106,115.23884582519531,126,118.72645568847656,181,207.0525360107422,140,152.3730926513672
88,114.33039093017578,133,120.15050506591797,191,207.56878662109375,138,152.66696166992188
89,114.92008972167969,133,120.15050506591797,220,208.78414916992188,136,152.66696166992188
113,115.03894805908203,136,122.6391830444336,220,221.21865844726562,144,152.25384521484375
113,122.93922424316406,139,138.7766571044922,215,222.5640869140625,149,152.25384521484375
97,122.93922424316406,144,138.50357055664062,209,222.93353271484375,144,155.75161743164062
97,122.54312896728516,147,138.50357055664062,209,222.6505584716797,142,156.2098846435547
115,127.90799713134766,150,150.74403381347656,220,230.80911254882812,146,155.49716186523438
116,125.93773651123047,151,147.26626586914062,227,230.90499877929688,149,156.02792358398438
122,125.66734313964844,150,147.26626586914062,228,230.90499877929688,145,156.02792358398438
123,126.20950317382812,147,147.26626586914062,227,231.7569580078125,144,157.75257873535156
117,125.39737701416016,147,138.92218017578125,229,231.6317596435547,144,157.75257873535156
116,124.63282775878906,151,136.84164428710938,229,231.6317596435547,146,157.75257873535156
105,124.63282775878906,155,131.1945037841797,226,231.6317596435547,149,157.38165283203125
105,124.97119140625,152,128.6992645263672,222,231.6317596435547,149,157.38165283203125
108,124.13726043701172,152,128.6992645263672,224,230.79727172851562,144,157.38165283203125
108,124.10922241210938,150,124.96615600585938,223,229.8714599609375,142,157.38165283203125
105,124.20629119873047,149,120.55408477783203,228,229.8714599609375,137,157.38165283203125
106,124.20629119873047,148,119.57987976074219,229,229.8714599609375,143,163.06353759765625
106,124.20629119873047,148,115.71334075927734,232,229.8714599609375,145,163.06353759765625
107,124.20629119873047,148,111.7890625,232,229.8714599609375,146,163.06353759765625
115,124.58332061767578,146,109.87749481201172,228,236.77151489257812,138,141.96270751953125
115,135.66221618652344,146,148.04994201660156,233,236.480224609375,135,142.11636352539062
117,136.64808654785156,143,145.318115234375,230,234.7420654296875,129,143.40951538085938
117,137.33590698242188,141,143.10733032226562,232,235.2397003173828,127,141.62603759765625
120,137.43626403808594,136,140.63006591796875,230,235.2397003173828,126,141.62603759765625
120,137.43626403808594,137,140.63006591796875,230,235.2397003173828,125,141.62603759765625
122,138.65426635742188,132,137.7850799560547,235,237.3704833984375,127,139.8944854736328
122,139.67567443847656,131,138.525634765625,233,239.65939331054688,127,140.37884521484375
121,140.47030639648438,129,138.525634765625,233,241.6006317138672,125,140.37884521484375
121,140.47030639648438,125,138.525634765625,231,243.5931396484375,125,140.37884521484375
124,140.47030639648438,126,138.525634765625,232,243.5931396484375,129,136.92213439941406
124,141.7703857421875,125,138.525634765625,231,243.5931396484375,128,136.92213439941406
118,141.92539978027344,123,136.82772827148438,229,250.2467041015625,131,136.92213439941406
118,142.40530395507812,120,137.5376434326172,228,251.94483947753906,133,136.92213439941406
117,143.38217163085938,118,137.5376434326172,229,253.0829315185547,131,136.92213439941406
117,143.9969024658203,118,137.5376434326172,228,254.57151794433594,129,136.92213439941406
120,143.9969024658203,120,137.5376434326172,233,256.80950927734375,124,136.92213439941406
120,145.1723175048828,116,140.22833251953125,236,256.2056579589844,124,135.03855895996094
122,145.1723175048828,115,140.22833251953125,245,255.66441345214844,124,135.67906188964844
122,147.6436309814453,114,140.02682495117188,239,255.86387634277344,123,135.67906188964844
123,148.2939910888672,114,140.02682495117188,226,255.86387634277344,124,138.14544677734375
122,127.96762084960938,113,110.33401489257812,224,226.35316467285156,126,131.7802734375
113,126.50738525390625,111,109.63485717773438,222,223.46824645996094,131,137.2123565673828
112,125.74391174316406,109,109.00689697265625,222,220.3265380859375,133,135.18980407714844
105,126.4663314819336,108,108.83358764648438,212,220.3265380859375,137,140.2181854248047
105,127.12370300292969,106,108.19818878173828,211,220.3265380859375,136,142.9423370361328
94,126.69992065429688,105,107.62720489501953,201,217.34103393554688,140,144.74021911621094
94,126.10010528564453,106,107.62720489501953,193,217.365478515625,138,144.74021911621094
92,125.13468933105469,102,107.62720489501953,190,217.365478515625,143,144.74021911621094
92,124.22481536865234,102,107.53868103027344,188,217.365478515625,142,153.27000427246094
89,122.89138793945312,102,107.53868103027344,194,220.5050811767578,143,153.36949157714844
89,120.58876037597656,102,108.60266876220703,197,223.32701110839844,137,156.67709350585938
98,117.51618194580078,103,107.21324920654297,204,225.4750518798828,133,156.67709350585938
98,115.75565338134766,103,107.21324920654297,207,226.14828491210938,133,156.67709350585938
98,115.22106170654297,104,108.45413208007812,211,228.9483184814453,130,156.67709350585938
98,113.60775756835938,102,108.45413208007812,217,229.74978637695312,132,156.67709350585938
95,111.05912017822266,103,108.45413208007812,220,230.70916748046875,138,162.2010040283203
95,111.05912017822266,106,108.45413208007812,221,232.37197875976562,143,162.01512145996094
88,110.01166534423828,104,108.45413208007812,219,232.11712646484375,145,162.01512145996094
88,108.5052261352539,102,108.45413208007812,220,229.57994079589844,144,162.01512145996094
86,107.49639892578125,102,105.85734558105469,223,228.5815887451172,138,162.01512145996094
86,107.41374969482422,98,105.21407318115234,221,225.8539581298828,135,157.57321166992188
90,107.1783676147461,98,105.80714416503906,219,224.63246154785156,139,154.4016571044922
90,107.4011459350586,98,105.842529296875,212,222.4849853515625,140,154.4016571044922
95,107.40589141845703,100,107.22747039794922,203,222.4849853515625,141,154.4016571044922
95,109.31334686279297,104,107.110107421875,205,219.50318908691406,142,154.4016571044922
109,110.8038330078125,106,107.45787048339844,214,219.50318908691406,145,145.39111328125
110,113.30927276611328,108,107.45787048339844,217,219.50318908691406,145,145.39111328125
110,114.60984802246094,106,109.25645446777344,210,219.50318908691406,145,145.39111328125
109,119.65432739257812,105,104.6449966430664,205,221.10281372070312,143,151.61026000976562
93,121.17632293701172,107,105.65140533447266,204,221.08685302734375,141,147.12255859375
93,122.91300964355469,105,105.75853729248047,202,211.0523223876953,141,146.34434509277344
152,125.18363189697266,104,108.89009857177734,202,210.87518310546875,143,146.57269287109375
153,126.42532348632812,105,109.28460693359375,203,207.82098388671875,144,147.8164825439453
160,127.92723083496094,106,107.76560974121094,199,207.08070373535156,145,148.84210205078125
159,127.92723083496094,105,109.56256866455078,200,206.8072967529297,144,148.84210205078125
133,130.00999450683594,106,107.97570037841797,195,207.06224060058594,140,148.84210205078125
132,130.00999450683594,106,107.97570037841797,195,207.06224060058594,136,148.84210205078125
151,130.00999450683594,108,107.97570037841797,193,207.70689392089844,136,148.84210205078125
151,131.541748046875,108,107.97570037841797,191,207.70689392089844,135,148.84210205078125
151,131.4376220703125,106,107.97570037841797,191,207.70689392089844,135,148.84210205078125
138,113.17203521728516,105,115.16124725341797,190,197.25155639648438,134,128.50706481933594
138,112.2077407836914,104,116.05716705322266,187,198.78245544433594,142,127.52403259277344
136,108.4488754272461,101,116.05716705322266,186,200.71157836914062,143,121.67582702636719
78,102.28680419921875,99,119.1826400756836,187,195.63583374023438,146,120.43621826171875
77,96.21939849853516,99,120.4705810546875,186,195.7206268310547,145,117.75374603271484
85,92.48009490966797,98,111.05252838134766,182,194.64105224609375,140,146.4227294921875
85,90.70783996582031,101,109.14061737060547,181,194.64105224609375,137,146.4227294921875
77,89.54271697998047,101,108.52457427978516,181,196.71994018554688,135,146.14259338378906
77,88.267333984375,96,109.04450988769531,183,197.1510009765625,137,148.55072021484375
70,87.31156158447266,100,109.18083190917969,183,197.1510009765625,135,148.55072021484375
70,86.55073547363281,103,107.81623840332031,184,188.1128387451172,132,140.3785858154297
64,76.42707824707031,103,107.16081237792969,187,188.8182830810547,124,141.7864990234375
64,75.43758392333984,102,108.66071319580078,188,188.29859924316406,123,141.7864990234375
64,76.89248657226562,102,108.34883117675781,184,187.20587158203125,123,145.40194702148438
64,77.58231353759766,102,109.0459213256836,185,185.6957244873047,122,147.24169921875
69,79.33419799804688,103,108.70221710205078,187,186.71484375,123,148.5794677734375
69,79.90421295166016,107,110.51091003417969,184,186.9398956298828,123,150.88946533203125
53,82.0376205444336,112,110.30725860595703,183,184.3438262939453,127,137.0734405517578
53,82.23906707763672,114,113.02899932861328,175,184.76441955566406,128,137.0734405517578
53,82.23906707763672,114,113.02899932861328,176,180.68528747558594,132,132.51161193847656
53,82.23906707763672,104,115.87565612792969,174,180.1986083984375,132,131.01312255859375
63,83.50291442871094,105,110.68374633789062,166,177.89215087890625,143,134.7617950439453
63,82.08467102050781,104,110.68374633789062,160,175.8814697265625,137,134.04660034179688
67,82.25857543945312,103,110.68374633789062,172,175.0321044921875,134,142.23272705078125
68,87.22866821289062,114,111.22164154052734,167,173.9627685546875,136,143.7554473876953
68,87.24121856689453,113,110.30281066894531,154,163.0330352783203,152,137.11988830566406
68,76.73001098632812,117,110.30281066894531,145,162.4282684326172,154,137.11988830566406
44,76.5664291381836,121,110.62651824951172,140,142.95391845703125,132,131.8985137939453
44,60.66197204589844,111,111.35263061523438,146,142.95391845703125,122,129.8937225341797
44,56.82192611694336,111,113.91002655029297,131,133.8288116455078,128,129.20703125
44,56.98019027709961,116,125.84894561767578,120,133.877685546875,122,127.87174987792969
33,56.999839782714844,114,127.16043090820312,99,114.26724243164062,118,131.1168212890625
34,48.12248611450195,125,126.65055847167969,101,108.99475860595703,125,131.3102264404297
42,47.84755325317383,123,129.10293579101562,92,103.99676513671875,121,132.17080688476562
42,48.69063949584961,127,131.93490600585938,88,103.93035125732422,121,132.17080688476562
44,50.66213607788086,141,138.01907348632812,80,91.909423828125,120,129.9376983642578
45,53.31584548950195,137,143.36038208007812,77,88.55613708496094,122,131.5147705078125
58,53.31584548950195,142,143.2162322998047,67,88.55613708496094,120,129.16957092285156
59,55.296836853027344,138,143.2162322998047,67,88.55613708496094,124,129.16957092285156
60,56.087764739990234,136,143.2162322998047,68,88.55613708496094,129,129.60595703125
62,57.148677825927734,145,145.13082885742188,70,90.80459594726562,129,140.7560577392578
71,75.72262573242188,158,165.66812133789062,65,67.10453033447266,146,141.9747772216797
71,79.31472778320312,164,169.48583984375,60,65.46845245361328,142,144.27293395996094
73,85.49720001220703,164,173.2798309326172,51,62.68446731567383,130,145.59823608398438
74,88.7826919555664,170,176.85604858398438,52,60.6722526550293,133,147.93612670898438
84,89.97814178466797,169,176.45257568359375,45,56.851318359375,136,152.21676635742188
84,96.37954711914062,181,179.5692901611328,50,56.21755599975586,137,153.64944458007812
86,103.12811279296875,188,181.77752685546875,40,53.83533477783203,149,160.37997436523438
86,108.03579711914062,175,181.0839385986328,36,54.23003005981445,162,173.5092315673828
106,109.82478332519531,172,178.44725036621094,45,56.04288101196289,168,179.69650268554688
106,115.10147857666016,173,180.69020080566406,53,58.24578857421875,171,181.7585906982422
113,115.23954010009766,172,180.69020080566406,55,58.24578857421875,184,181.7585906982422
112,115.23954010009766,165,180.69020080566406,60,59.90614318847656,195,181.7585906982422
105,115.23954010009766,168,180.69020080566406,69,61.00129699707031,194,181.7585906982422
103,115.23954010009766,163,180.69020080566406,58,61.736473083496094,184,181.7585906982422
106,113.70476531982422,165,180.69020080566406,57,62.477012634277344,198,181.7585906982422
108,113.70476531982422,164,176.45790100097656,57,64.25236511230469,200,181.7585906982422
107,112.28636932373047,163,176.45790100097656,62,65.30962371826172,193,188.52317810058594
107,112.15949249267578,162,174.76748657226562,60,65.93451690673828,202,188.52317810058594
106,111.62487030029297,161,174.65133666992188,60,66.25460052490234,215,189.6311492919922
106,111.62487030029297,162,174.70730590820312,64,66.85062408447266,211,189.61764526367188
102,111.31099700927734,161,174.9617156982422,60,66.85062408447266,198,190.55514526367188
101,111.32762908935547,161,175.1274871826172,62,66.85062408447266,191,189.78720092773438
107,111.54894256591797,163,175.3538818359375,61,66.85062408447266,190,189.52220153808594
107,111.54894256591797,161,175.3538818359375,62,64.62420654296875,190,189.52220153808594
106,112.07056427001953,161,176.18826293945312,58,64.0512924194336,191,189.52220153808594
106,112.42811584472656,166,176.94732666015625,59,62.69313430786133,190,189.52220153808594
109,112.62419128417969,166,177.38949584960938,59,61.1862678527832,184,187.8601531982422
109,112.62419128417969,163,177.66574096679688,57,60.4530029296875,182,186.9993896484375
109,113.19416046142578,165,177.66574096679688,58,60.4530029296875,186,187.4739532470703
109,113.19416046142578,167,178.14576721191406,56,60.4530029296875,185,187.49728393554688
110,113.16250610351562,167,178.2316131591797,57,58.43597412109375,184,187.49728393554688
110,113.27738952636719,166,178.2316131591797,55,57.72810363769531,185,187.49728393554688
108,113.12135314941406,166,178.98545837402344,51,58.169490814208984,186,187.49728393554688
108,112.92781829833984,165,178.6466522216797,53,58.1810188293457,185,188.77403259277344
110,112.88663482666016,169,178.6466522216797,49,58.39027786254883,182,188.4638671875
110,112.88663482666016,167,178.6466522216797,51,58.63991165161133,189,189.50338745117188
111,113.0598373413086,168,178.6466522216797,53,59.03302001953125,189,189.50338745117188
112,113.22323608398438,166,178.6466522216797,58,59.03302001953125,191,189.50338745117188
108,113.55331420898438,169,179.48468017578125,55,61.244590759277344,185,189.50338745117188
108,113.58848571777344,171,179.6636199951172,53,61.69286346435547,187,189.50338745117188
110,113.58848571777344,164,181.08726501464844,57,61.69286346435547,184,191.87733459472656
110,113.58848571777344,168,180.34300231933594,63,63.15787124633789,179,191.65809631347656
109,114.46148681640625,169,180.5367431640625,62,63.88898849487305,179,191.65809631347656
109,114.90076446533203,182,180.84323120117188,64,64.09623718261719,183,191.88446044921875
114,115.17271423339844,172,181.24180603027344,71,65.73865509033203,205,191.88446044921875
115,129.8937225341797,173,182.02310180664062,76,81.12330627441406,206,210.70535278320312
123,132.4239044189453,169,183.73731994628906,85,83.11637878417969,207,212.75347900390625
123,132.66448974609375,168,185.3849639892578,85,83.93757629394531,205,212.8278045654297
124,132.9079132080078,168,185.67335510253906,90,83.93757629394531,206,212.8278045654297
124,132.9582061767578,168,185.67335510253906,89,83.93757629394531,207,212.8278045654297
138,133.01808166503906,167,185.67335510253906,90,83.93757629394531,206,212.8278045654297
137,133.0112762451172,168,186.25205993652344,89,83.93757629394531,206,212.8278045654297
128,133.0670166015625,166,186.3123016357422,90,84.85126495361328,206,212.8278045654297
127,133.0670166015625,173,186.34219360351562,88,83.77586364746094,206,214.70852661132812
124,133.0670166015625,169,186.28053283691406,84,82.78097534179688,211,214.26499938964844
124,133.7977752685547,168,186.21298217773438,86,80.9991455078125,209,214.26499938964844
128,133.75448608398438,165,186.09141540527344,83,80.9991455078125,206,214.26499938964844
127,133.84637451171875,164,185.8214111328125,76,77.73295593261719,205,215.75758361816406
129,134.12985229492188,166,185.67214965820312,77,76.41622161865234,205,215.1350860595703
128,134.201416015625,168,185.61141967773438,72,74.9117431640625,205,215.9511260986328
127,134.10960388183594,170,185.61141967773438,68,74.1868667602539,206,216.5390625
128,134.10960388183594,171,186.10215759277344,65,73.44087219238281,207,216.5390625
125,134.0180206298828,169,185.47915649414062,60,73.1634750366211,213,216.5390625
125,133.9936981201172,167,185.47915649414062,58,73.40360260009766,212,216.5390625
121,133.9936981201172,165,181.86322021484375,60,74.53495788574219,211,216.5390625
121,133.7535858154297,163,181.01451110839844,64,74.53495788574219,212,216.5390625
128,133.7535858154297,160,176.8818817138672,65,77.32603454589844,205,216.5390625
128,133.7535858154297,156,176.8818817138672,68,79.62398529052734,205,217.4520263671875
129,133.3197021484375,153,174.0876922607422,73,79.62398529052734,207,217.4520263671875
129,133.28443908691406,149,169.16123962402344,76,85.43318939208984,209,217.4520263671875
134,133.19866943359375,149,166.80560302734375,81,87.25798034667969,209,217.4520263671875
134,133.3409881591797,148,166.80560302734375,83,88.13312530517578,207,217.4520263671875
126,133.21104431152344,149,163.15142822265625,91,92.89705657958984,207,219.74600219726562
126,133.28358459472656,147,159.25848388671875,93,96.06128692626953,207,220.2388916015625
129,133.28358459472656,142,159.25848388671875,99,97.49803161621094,210,220.6982879638672
128,133.50302124023438,139,159.25848388671875,98,97.49803161621094,211,220.6982879638672
121,133.57928466796875,139,159.25848388671875,101,103.41963195800781,208,220.6982879638672
121,133.58534240722656,135,150.482666015625,102,105.53948974609375,207,223.40635681152344
125,133.55877685546875,131,148.6308135986328,105,108.238525390625,211,223.40635681152344
125,133.505615234375,136,146.48231506347656,106,109.90446472167969,210,224.9552001953125
127,133.505615234375,128,145.66819763183594,112,111.83689880371094,215,224.9552001953125
127,133.13914489746094,129,141.3140411376953,112,115.83931732177734,215,227.62246704101562
126,132.99232482910156,127,139.10279846191406,114,116.36683654785156,213,228.012939453125
126,133.0431365966797,125,136.78541564941406,117,119.81565856933594,213,228.012939453125
124,133.0431365966797,123,134.1053009033203,121,119.81565856933594,217,230.69915771484375
123,132.9170379638672,124,134.1053009033203,121,119.81565856933594,218,232.16903686523438
127,132.9170379638672,121,131.2643585205078,125,127.87284851074219,220,232.16903686523438
127,132.9110565185547,118,126.68584442138672,128,128.81332397460938,220,232.16903686523438
126,132.91114807128906,116,126.68584442138672,133,133.89480590820312,220,232.16903686523438
125,132.91798400878906,110,121.26119232177734,133,136.62350463867188,221,236.50149536132812
121,133.144287109375,106,120.04994201660156,141,138.0653076171875,223,237.45748901367188
121,133.01901245117188,105,117.25263977050781,143,142.74598693847656,223,239.04566955566406
126,133.02154541015625,103,115.43891906738281,146,144.61846923828125,225,240.3260955810547
127,133.02154541015625,98,112.94803619384766,148,147.28826904296875,225,241.6680908203125
126,133.09716796875,93,110.0254898071289,152,149.06480407714844,227,243.1303253173828
126,132.82810974121094,90,107.19567108154297,158,153.01046752929688,226,243.1303253173828
125,132.7863006591797,90,106.5562973022461,162,154.40664672851562,228,243.1303253173828
124,132.74314880371094,87,106.5562973022461,165,157.9281768798828,228,248.00880432128906
125,132.6585235595703,87,100.32955169677734,169,157.85231018066406,228,248.00880432128906
125,132.58370971679688,85,98.4793472290039,167,157.85231018066406,228,248.00880432128906
120,132.58370971679688,83,96.15956115722656,172,157.85231018066406,228,248.00880432128906
120,132.47434997558594,81,94.92893981933594,175,157.85231018066406,228,255.45452880859375
126,132.63067626953125,76,92.62096405029297,183,171.89724731445312,242,256.7080383300781
126,132.63076782226562,77,92.22882843017578,189,175.0006561279297,258,256.7080383300781
125,132.41940307617188,76,90.85419464111328,192,178.58291625976562,264,260.9722595214844
125,132.59857177734375,76,90.85419464111328,193,180.68801879882812,268,262.6172790527344
127,132.5919647216797,75,90.85419464111328,195,181.85293579101562,267,264.5118713378906
127,132.5530242919922,75,87.68356323242188,197,181.85293579101562,277,265.500244140625
127,132.3657989501953,71,86.01346588134766,197,188.56507873535156,267,265.90301513671875
127,132.36764526367188,76,85.59515380859375,198,191.21958923339844,267,265.90301513671875
129,132.45111083984375,72,84.97618865966797,198,191.8147430419922,271,265.90301513671875
129,132.4939422607422,73,83.6030044555664,199,191.8147430419922,270,265.90301513671875
127,132.54840087890625,73,83.94309997558594,204,196.0015411376953,277,265.90301513671875
128,132.54840087890625,71,83.55838012695312,208,197.72500610351562,279,270.47052001953125
133,132.54840087890625,72,83.50544738769531,209,197.5182647705078,276,271.0058288574219
132,132.54840087890625,70,82.717529296875,207,200.44334411621094,275,271.5285949707031
127,132.54840087890625,69,82.717529296875,211,200.44334411621094,277,271.8740539550781
127,132.69894409179688,67,83.72627258300781,207,201.59251403808594,281,272.59796142578125
130,132.69326782226562,64,84.27269744873047,213,202.75503540039062,284,273.2610168457031
131,132.69326782226562,64,84.27269744873047,212,203.1159210205078,287,273.68328857421875
124,132.69326782226562,63,84.97603607177734,212,203.37644958496094,286,273.8425598144531
125,132.81549072265625,65,85.12887573242188,213,203.37644958496094,286,273.8425598144531
124,132.81549072265625,66,85.30595397949219,211,204.83737182617188,283,273.8425598144531
124,133.0138702392578,66,85.37665557861328,214,204.83737182617188,278,273.8425598144531
133,133.11370849609375,66,85.37665557861328,216,204.83737182617188,275,273.8425598144531
132,133.22512817382812,65,85.52288818359375,219,204.83737182617188,274,275.9136962890625
129,133.39064025878906,68,85.52288818359375,222,204.83737182617188,279,276.0527038574219
129,133.39064025878906,69,82.83590698242188,220,204.83737182617188,281,276.19012451171875
129,133.74546813964844,71,82.02265930175781,221,204.83737182617188,279,276.232666015625
129,134.01498413085938,68,81.1413803100586,219,211.03077697753906,278,276.20758056640625
127,134.19227600097656,63,80.8613510131836,221,210.4083251953125,276,276.1710205078125
127,134.27061462402344,62,80.51598358154297,220,211.90078735351562,275,276.1710205078125
129,134.27061462402344,61,79.51022338867188,219,214.44744873046875,279,276.1710205078125
129,134.27061462402344,59,78.99300384521484,219,213.6332550048828,281,276.1710205078125
130,134.77342224121094,60,78.72209930419922,220,213.6332550048828,285,276.1710205078125
131,134.68765258789062,61,78.66719818115234,221,213.6332550048828,287,276.1710205078125
133,134.68765258789062,60,78.47249603271484,221,214.78599548339844,276,276.1710205078125
133,134.68765258789062,61,79.17182159423828,220,214.78599548339844,276,276.1710205078125
132,134.68765258789062,63,79.76750183105469,220,214.65647888183594,278,276.1710205078125
132,134.6456756591797,68,79.76750183105469,224,215.18020629882812,284,276.7197265625
129,134.8333282470703,70,79.76750183105469,223,214.8090057373047,285,276.9036560058594
129,134.6136474609375,77,79.76750183105469,225,214.8090057373047,286,277.1153564453125
131,134.7672119140625,80,83.53101348876953,225,214.8090057373047,285,277.1153564453125
129,134.8211212158203,80,86.35832977294922,225,212.66453552246094,285,277.082275390625
131,134.62588500976562,80,87.15413665771484,221,212.2484588623047,285,276.83355712890625
131,134.62588500976562,76,89.03190612792969,221,211.595703125,287,276.5736083984375
128,134.62588500976562,74,89.2646484375,220,211.39369201660156,289,275.7958984375
128,134.62588500976562,72,89.86679077148438,223,210.3170166015625,283,274.1812744140625
128,134.77020263671875,71,89.56961822509766,226,210.3170166015625,279,272.5830078125
128,134.78543090820312,70,89.2794418334961,225,207.3404541015625,276,271.5099182128906
129,134.84774780273438,67,87.05682373046875,226,207.3404541015625,272,270.85498046875
129,134.85986328125,67,84.47335052490234,225,207.3404541015625,268,270.85498046875
128,134.87779235839844,63,83.29719543457031,236,207.3404541015625,270,264.53729248046875
128,134.87779235839844,61,78.96649932861328,234,206.5524139404297,266,262.4095153808594
128,135.0139923095703,60,78.54647827148438,250,206.5524139404297,263,260.9432373046875
127,134.85316467285156,68,73.49560546875,255,204.34060668945312,262,259.4415283203125
135,134.78509521484375,69,71.55056762695312,241,205.03668212890625,258,256.20001220703125
135,134.7075653076172,65,70.7024917602539,230,204.12161254882812,256,254.2135467529297
128,134.7075653076172,65,66.79135131835938,187,203.29119873046875,252,252.99037170410156
128,134.52622985839844,61,64.52692413330078,185,203.29119873046875,252,252.99037170410156
130,134.42880249023438,60,63.350284576416016,187,203.29119873046875,257,252.99037170410156
130,134.36924743652344,57,61.64259719848633,189,199.50584411621094,255,252.99037170410156
133,134.32412719726562,54,61.64259719848633,189,199.50584411621094,249,252.99037170410156
133,134.2026824951172,56,60.38679885864258,192,199.50584411621094,246,244.65902709960938
125,134.1627960205078,57,60.38679885864258,191,199.50584411621094,240,244.65902709960938
126,134.10792541503906,60,59.05419158935547,191,199.50584411621094,241,244.65902709960938
130,134.10792541503906,62,58.82851028442383,186,193.62083435058594,238,244.65902709960938
129,134.10792541503906,63,58.68943405151367,186,193.62083435058594,235,244.65902709960938
124,134.10792541503906,60,58.68943405151367,187,193.62083435058594,233,235.603759765625
124,134.0518798828125,56,57.88091278076172,187,193.62083435058594,232,234.28517150878906
131,134.05831909179688,53,57.46381759643555,188,193.62083435058594,226,233.02003479003906
130,134.05831909179688,55,57.221832275390625,187,193.62083435058594,225,233.02003479003906
126,134.05831909179688,53,56.98554992675781,190,193.62083435058594,226,227.75926208496094
127,134.05831909179688,57,56.77800369262695,184,193.62083435058594,222,227.75926208496094
128,134.05831909179688,60,56.64017105102539,186,193.62083435058594,221,227.75926208496094
129,134.36273193359375,59,56.46059036254883,186,193.62083435058594,217,220.18466186523438
130,134.4014129638672,57,56.52539825439453,185,194.5271759033203,213,218.7233428955078
130,134.36734008789062,57,56.467769622802734,186,194.87332153320312,211,217.6746826171875
131,134.36842346191406,55,56.68828582763672,187,195.25732421875,205,217.6746826171875
131,134.46018981933594,56,57.28940963745117,189,195.25732421875,201,217.6746826171875
132,134.46018981933594,56,57.28940963745117,188,195.25732421875,201,212.37425231933594
131,134.34136962890625,57,58.5606689453125,189,195.25732421875,201,211.84652709960938
134,134.3375701904297,57,59.48955535888672,189,195.25732421875,201,211.41331481933594
134,134.3488311767578,60,59.48955535888672,190,198.66534423828125,197,210.91433715820312
140,134.34812927246094,56,60.92906188964844,192,198.66534423828125,197,210.5305633544922
140,134.5291290283203,64,62.62827682495117,191,200.31361389160156,196,210.5305633544922
130,134.5291290283203,66,63.73007583618164,196,202.2250213623047,198,209.66778564453125
130,134.3968505859375,69,64.84689331054688,194,202.9417266845703,199,209.50782775878906
130,134.46571350097656,73,64.84689331054688,197,204.53717041015625,203,208.42454528808594
129,134.7310028076172,81,66.93067932128906,199,204.53717041015625,201,208.42454528808594
131,134.7310028076172,83,67.83999633789062,198,204.53717041015625,207,208.42454528808594
132,134.7310028076172,30,68.98311614990234,200,206.963623046875,206,208.42454528808594
133,134.86282348632812,30,69.41314697265625,202,207.22589111328125,209,208.42454528808594
133,134.84556579589844,43,69.41314697265625,202,207.97764587402344,208,208.42454528808594
136,134.83274841308594,49,69.41314697265625,201,208.2703399658203,208,208.42454528808594
136,134.85784912109375,53,70.14486694335938,201,208.2703399658203,210,208.42454528808594
136,134.8284912109375,55,70.06299591064453,203,208.2703399658203,213,208.42454528808594
136,134.85240173339844,54,69.70026397705078,202,208.2703399658203,212,208.42454528808594
135,134.86277770996094,54,69.43953704833984,203,208.2703399658203,220,208.42454528808594
135,134.86277770996094,54,68.9988021850586,202,209.19053649902344,217,208.42454528808594
141,134.86277770996094,47,68.24055480957031,200,208.99053955078125,218,217.3981170654297
139,135.10919189453125,52,68.03978729248047,201,209.33645629882812,220,218.2561798095703
132,135.05908203125,52,67.5531005859375,203,209.33645629882812,220,219.37234497070312
132,135.0884552001953,43,67.59497833251953,203,209.11814880371094,219,219.37234497070312
132,135.1173095703125,48,67.58146667480469,202,210.29452514648438,217,219.37234497070312
132,135.1173095703125,48,67.68104553222656,203,210.29452514648438,217,220.71609497070312
136,135.1868438720703,50,67.68104553222656,205,210.29452514648438,220,222.0126190185547
136,135.53094482421875,51,68.52440643310547,202,210.29452514648438,220,221.72705078125
127,135.53094482421875,50,68.54057312011719,205,210.29452514648438,219,221.85833740234375
128,135.53094482421875,50,68.54057312011719,205,211.0316162109375,220,221.89634704589844
134,135.647705078125,52,68.54057312011719,202,211.404541015625,218,221.89634704589844
135,135.647705078125,54,68.54057312011719,205,211.54212951660156,218,222.61643981933594
136,135.647705078125,59,72.51202392578125,204,212.5026092529297,218,222.1557159423828
136,135.54666137695312,60,73.43915557861328,206,212.5026092529297,220,222.79446411132812
136,135.56776428222656,63,73.67637634277344,205,212.72706604003906,220,222.5955810546875
136,135.57798767089844,65,75.08984375,207,212.72706604003906,220,222.5955810546875
136,135.5465850830078,68,75.9825668334961,209,214.10247802734375,217,222.5955810546875
136,135.5465850830078,67,76.3365249633789,207,215.49700927734375,216,222.5955810546875
135,135.3676300048828,64,76.74859619140625,210,215.25189208984375,220,222.5955810546875
135,135.3676300048828,62,77.02031707763672,209,215.35829162597656,219,225.1351318359375
133,135.0435791015625,67,77.1431884765625,210,215.99794006347656,219,225.1351318359375
133,134.80624389648438,66,76.80020904541016,210,215.99794006347656,220,224.95314025878906
130,134.72816467285156,69,77.16371154785156,211,215.99794006347656,219,225.44686889648438
130,134.4407501220703,70,76.73751068115234,210,215.99794006347656,219,223.97293090820312
137,134.21966552734375,68,77.02655029296875,210,215.99794006347656,220,224.9266815185547
137,134.10690307617188,68,76.54560852050781,211,215.99794006347656,220,223.34376525878906
137,134.10690307617188,65,76.25849914550781,211,214.93453979492188,217,223.7493896484375
137,134.10690307617188,64,75.54613494873047,208,215.07606506347656,218,223.9132537841797
137,134.10690307617188,64,75.5649642944336,208,215.07606506347656,221,223.52085876464844
137,133.22909545898438,67,75.12812805175781,207,215.07606506347656,220,223.52085876464844
137,133.22909545898438,64,75.12812805175781,207,214.0605010986328,218,221.5264892578125
137,133.22909545898438,64,73.87196350097656,207,213.9019775390625,217,221.5264892578125
162,132.69760131835938,67,73.36906433105469,206,213.9019775390625,217,221.5264892578125
165,132.48736572265625,65,72.40573120117188,207,213.4163055419922,216,221.53594970703125
164,132.4336395263672,62,71.95874786376953,205,213.4163055419922,219,220.49020385742188
164,132.3882598876953,62,71.98114013671875,206,212.93849182128906,218,220.49020385742188
159,132.3354949951172,63,71.58878326416016,206,213.2096405029297,219,220.57122802734375
159,132.3354949951172,62,70.62663269042969,205,213.2096405029297,214,220.23348999023438
155,132.08724975585938,61,70.78864288330078,206,213.2096405029297,214,220.23348999023438
155,132.20567321777344,60,70.78864288330078,207,213.40145874023438,214,219.79310607910156
152,131.98419189453125,62,70.13106536865234,205,213.40145874023438,212,219.64523315429688
152,131.78541564941406,63,69.00137329101562,206,213.40145874023438,215,219.32362365722656
150,132.119140625,62,68.7101821899414,205,213.40145874023438,212,219.26051330566406
150,132.119140625,60,68.81913757324219,205,213.548583984375,213,219.2144775390625
150,132.119140625,60,68.13340759277344,205,213.59304809570312,213,219.2144775390625
150,131.0566864013672,60,68.32197570800781,205,213.60879516601562,214,218.68646240234375
150,130.69480895996094,60,68.09899139404297,203,213.5530242919922,214,218.66119384765625
145,130.5880584716797,59,68.09899139404297,204,213.5530242919922,215,218.66119384765625
145,130.1885223388672,60,67.82048034667969,203,213.5530242919922,213,218.66119384765625
145,130.12399291992188,60,67.80106353759766,204,213.5530242919922,213,217.57992553710938
141,129.9331512451172,61,67.61031341552734,206,213.63682556152344,216,218.68280029296875
141,129.73037719726562,61,67.61031341552734,203,213.36073303222656,215,218.6538543701172
138,129.3964385986328,60,67.65377807617188,199,213.1540985107422,214,218.6538543701172
138,129.3964385986328,59,67.61831665039062,197,213.28001403808594,213,218.49058532714844
137,129.17970275878906,60,67.27452087402344,199,213.04806518554688,215,218.3601837158203
137,128.64724731445312,60,67.28453063964844,200,212.7383575439453,215,217.4625701904297
138,128.65628051757812,57,67.62273406982422,201,212.72198486328125,215,216.76124572753906
138,128.18771362304688,60,67.70287322998047,200,212.73495483398438,215,217.46334838867188
132,128.07037353515625,57,67.78352355957031,200,212.73495483398438,213,217.18165588378906
132,128.12770080566406,56,67.93248748779297,200,212.73495483398438,213,217.18165588378906
127,128.09361267089844,56,67.93248748779297,200,212.73495483398438,214,216.83775329589844
128,127.66127014160156,58,68.23667907714844,200,212.73495483398438,215,216.6127166748047
127,127.6427001953125,56,68.23667907714844,200,212.73495483398438,212,216.51168823242188
127,127.40365600585938,58,68.15714263916016,200,212.73495483398438,211,216.51168823242188
132,127.57929992675781,57,68.15714263916016,200,212.73495483398438,213,216.7183380126953
131,127.66498565673828,57,68.15714263916016,200,212.73495483398438,210,216.36917114257812
129,127.94070434570312,55,67.31808471679688,200,212.73495483398438,211,216.98806762695312
129,128.16961669921875,55,67.2715072631836,200,212.73495483398438,215,217.18814086914062
127,127.94599914550781,59,66.97460174560547,200,212.73495483398438,218,217.21453857421875
126,128.39797973632812,59,66.9522705078125,200,212.73495483398438,214,217.40826416015625
126,128.21119689941406,57,67.25194549560547,200,212.73495483398438,214,217.40826416015625
126,128.67674255371094,59,67.2190933227539,200,212.73495483398438,212,217.1371612548828
128,128.67674255371094,59,67.23609161376953,200,212.73495483398438,215,217.1371612548828
128,128.64146423339844,59,67.12570190429688,200,212.73495483398438,216,217.1371612548828
134,128.54571533203125,57,66.64555358886719,200,212.73495483398438,213,217.1371612548828
134,129.15658569335938,61,66.80577850341797,200,212.73495483398438,212,217.1371612548828
129,128.68592834472656,60,66.75718688964844,200,212.73495483398438,219,218.06704711914062
130,128.6863250732422,58,66.76073455810547,200,212.73495483398438,216,218.07553100585938
130,128.6863250732422,58,66.46500396728516,200,212.73495483398438,219,218.07553100585938
129,128.6863250732422,54,66.52468872070312,200,212.73495483398438,216,218.07553100585938
128,128.6863250732422,57,66.085205078125,200,212.73495483398438,213,218.18594360351562
128,129.052001953125,58,66.49986267089844,200,212.73495483398438,214,218.18594360351562
136,128.77606201171875,57,66.49986267089844,200,212.73495483398438,216,218.18594360351562
136,129.04483032226562,60,66.49986267089844,200,212.73495483398438,217,218.18594360351562
134,129.04483032226562,58,66.96542358398438,200,212.73495483398438,216,218.18594360351562
134,129.04483032226562,60,67.22959899902344,200,212.73495483398438,213,218.18594360351562
131,128.6481475830078,60,67.22959899902344,200,212.73495483398438,220,218.7478790283203
131,128.83285522460938,62,67.81558990478516,200,212.73495483398438,214,218.80516052246094
127,129.0626983642578,61,68.63581085205078,200,212.73495483398438,213,218.80767822265625
127,129.0626983642578,63,68.63581085205078,200,212.73495483398438,214,218.89614868164062
129,129.0626983642578,62,68.63581085205078,200,212.73495483398438,211,218.9764404296875
129,129.0809326171875,62,69.86890411376953,200,212.73495483398438,213,218.9764404296875
129,129.05662536621094,64,70.58729553222656,200,212.73495483398438,214,218.9764404296875
129,128.7064666748047,64,70.85392761230469,200,212.73495483398438,214,218.9764404296875
129,128.85244750976562,68,70.92903137207031,200,212.73495483398438,213,218.9764404296875
129,128.85244750976562,68,70.70362091064453,200,212.73495483398438,216,218.9764404296875
129,128.85244750976562,67,70.7123794555664,200,212.73495483398438,216,218.9764404296875
129,129.1063995361328,64,70.72034454345703,200,212.73495483398438,216,218.9764404296875
128,128.71058654785156,65,70.72034454345703,200,212.73495483398438,216,218.9764404296875
128,129.13107299804688,65,70.72034454345703,200,212.73495483398438,219,218.9764404296875
129,128.72206115722656,65,70.92623901367188,200,212.73495483398438,217,219.13363647460938
130,128.71533203125,66,70.91299438476562,200,212.73495483398438,218,219.13829040527344
137,129.11024475097656,68,70.42234802246094,200,212.73495483398438,217,219.1564483642578
137,129.1316680908203,67,70.89336395263672,200,212.73495483398438,215,219.14608764648438
137,128.72972106933594,68,70.90848541259766,200,212.73495483398438,217,219.14608764648438
137,128.7133026123047,68,70.71823120117188,200,212.73495483398438,217,219.14393615722656
137,128.7133026123047,67,70.8906021118164,200,212.73495483398438,215,219.1569061279297
137,128.7386474609375,67,70.69538879394531,200,212.73495483398438,214,219.1668243408203
137,128.7386474609375,68,70.69511413574219,-1,212.73495483398438,217,219.12710571289062
137,128.7386474609375,68,70.71748352050781,-1,212.73495483398438,215,219.12649536132812
129,129.109375,67,70.70770263671875,-1,212.73495483398438,215,219.16168212890625
123,128.86627197265625,67,70.70770263671875,-1,212.73495483398438,216,219.16168212890625
123,128.86627197265625,67,70.70770263671875,-1,212.73495483398438,216,219.16168212890625
126,128.87933349609375,67,70.70770263671875,-1,212.73495483398438,216,219.1317596435547
124,129.11984252929688,67,70.70770263671875,-1,212.73495483398438,35,219.1541748046875
124,128.86265563964844,67,70.70770263671875,-1,212.73495483398438,218,219.1541748046875
124,128.86265563964844,67,70.70770263671875,-1,212.73495483398438,217,219.1541748046875
124,128.86265563964844,67,70.70770263671875,-1,212.73495483398438,216,219.1541748046875
124,128.866455078125,67,70.27730560302734,-1,212.73495483398438,214,219.14862060546875
124,129.12167358398438,64,70.87181091308594,-1,212.73495483398438,214,219.16783142089844
125,129.12167358398438,64,70.87031555175781,-1,212.73495483398438,214,219.15463256835938
126,128.7108154296875,64,70.69313049316406,-1,212.73495483398438,214,219.15463256835938
126,128.7108154296875,64,70.91857147216797,-1,212.73495483398438,213,219.15463256835938
126,128.7108154296875,67,70.88815307617188,-1,212.73495483398438,212,219.1546630859375
129,128.7108154296875,67,70.88815307617188,-1,212.73495483398438,217,219.1546630859375
129,128.7108154296875,67,70.90544891357422,-1,212.73495483398438,216,219.12680053710938
131,128.7081298828125,67,70.43682098388672,-1,212.73495483398438,218,219.12680053710938
129,128.70059204101562,67,70.41999816894531,-1,212.73495483398438,217,219.12680053710938
128,128.72291564941406,67,70.2630386352539,-1,212.73495483398438,214,219.12680053710938
129,128.72366333007812,65,70.90433502197266,-1,212.73495483398438,213,219.13673400878906
132,128.70639038085938,65,70.69668579101562,-1,212.73495483398438,213,219.146484375
133,128.7113800048828,67,70.70550537109375,-1,212.73495483398438,215,219.146484375
131,128.7113800048828,67,70.69683837890625,-1,212.73495483398438,218,219.146484375
131,128.7113800048828,66,70.41486358642578,-1,212.73495483398438,216,219.146484375
131,128.7113800048828,67,70.89568328857422,-1,212.73495483398438,215,219.146484375
131,128.7113800048828,64,70.89568328857422,-1,212.73495483398438,216,219.146484375
133,128.7113800048828,66,70.89568328857422,-1,212.73495483398438,220,219.146484375
133,129.1173553466797,66,70.69786834716797,-1,215.29502868652344,219,219.146484375
136,129.11962890625,69,70.69786834716797,-1,215.917724609375,217,219.146484375
136,129.11962890625,73,70.42427825927734,-1,215.28880310058594,219,219.146484375
136,129.11962890625,76,70.6960220336914,-1,215.28880310058594,216,219.146484375
136,129.11288452148438,76,70.6960220336914,-1,215.28880310058594,217,219.146484375
130,128.8874969482422,77,70.88816833496094,-1,215.49696350097656,215,219.0472412109375
130,129.302978515625,79,72.73876190185547,202,217.14576721191406,213,219.4016876220703
127,131.3110809326172,73,75.75252532958984,204,218.5463104248047,212,219.94674682617188
128,131.5888671875,76,77.80586242675781,204,218.54339599609375,212,219.96070861816406
141,131.59461975097656,74,78.05152893066406,204,218.54339599609375,217,224.4767608642578
141,143.33621215820312,84,97.88411712646484,252,227.66571044921875,221,226.43601989746094
137,143.5526885986328,97,97.58132934570312,245,228.3249969482422,228,226.43601989746094
137,143.56320190429688,107,97.33291625976562,238,228.3249969482422,234,226.43601989746094
