,timestamp,logNumber,Statistic.recvSeq13,Statistic.recvNum13,Statistic.compute1num13,Statistic.compute2num13
0,14786,log0,289,202,195,3
1,14846,log0,290,203,196,3
2,14906,log0,291,204,197,3
3,14966,log0,292,205,198,3
4,15026,log0,293,206,199,3
5,15085,log0,294,207,200,3
6,15145,log0,295,208,201,3
7,15205,log0,296,209,202,3
8,15265,log0,297,210,203,3
9,15325,log0,298,211,204,3
10,15385,log0,299,212,205,3
11,15445,log0,300,213,206,3
12,15505,log0,301,214,207,3
13,15565,log0,302,215,208,3
14,15625,log0,303,216,209,3
15,15685,log0,304,217,210,3
16,15745,log0,305,218,211,3
17,15805,log0,306,219,212,3
18,15865,log0,307,220,213,3
19,15925,log0,308,221,214,3
20,15985,log0,309,222,215,3
21,16045,log0,310,223,216,3
22,16105,log0,311,224,217,3
23,16165,log0,312,225,218,3
24,16225,log0,313,226,219,3
25,16285,log0,314,227,220,3
26,16345,log0,315,228,221,3
27,16405,log0,316,229,222,3
28,16465,log0,317,230,223,3
29,16525,log0,318,231,224,3
30,16585,log0,319,232,225,3
31,16645,log0,320,233,226,3
32,16705,log0,321,234,227,3
33,16765,log0,322,235,228,3
34,16825,log0,323,236,229,3
35,16885,log0,324,237,230,3
36,16945,log0,325,238,231,3
37,17005,log0,326,239,232,3
38,17065,log0,327,240,233,3
39,17125,log0,328,241,234,3
40,17185,log0,329,242,235,3
41,17245,log0,330,243,236,3
42,17305,log0,331,244,237,3
43,17366,log0,332,245,238,3
44,17426,log0,333,246,239,3
45,17485,log0,334,247,239,3
46,17545,log0,335,248,240,3
47,17605,log0,336,249,241,3
48,17665,log0,337,250,242,3
49,17725,log0,338,251,243,3
50,17785,log0,339,252,244,3
51,17845,log0,340,253,245,3
52,17905,log0,341,254,246,3
53,17965,log0,342,255,247,3
54,18025,log0,343,256,248,3
55,18085,log0,344,257,249,3
56,18145,log0,345,258,250,3
57,18205,log0,346,259,251,3
58,18265,log0,347,260,252,3
59,18325,log0,348,261,253,3
60,18385,log0,349,262,254,3
61,18445,log0,350,263,255,3
62,18505,log0,351,264,256,3
63,18565,log0,352,265,257,3
64,18625,log0,353,266,258,3
65,18685,log0,354,267,259,3
66,18745,log0,355,268,260,3
67,18805,log0,356,269,261,3
68,18865,log0,357,270,262,3
69,18925,log0,358,271,263,3
70,18985,log0,359,272,264,3
71,19045,log0,360,273,265,3
72,19105,log0,361,274,266,3
73,19165,log0,362,275,267,3
74,19225,log0,363,276,268,3
75,19285,log0,363,276,268,3
76,19345,log0,365,277,269,3
77,19405,log0,366,278,270,3
78,19465,log0,367,279,271,3
79,19525,log0,368,280,272,3
80,19585,log0,369,281,273,3
81,19645,log0,370,282,274,3
82,19705,log0,371,283,275,3
83,19765,log0,372,284,276,3
84,19825,log0,373,285,277,3
85,19885,log0,374,286,278,3
86,19945,log0,375,287,279,3
87,20005,log0,376,288,280,3
88,20065,log0,377,289,281,3
89,20125,log0,378,290,282,3
90,20185,log0,379,291,283,3
91,20245,log0,380,292,284,3
92,20305,log0,381,293,285,3
93,20365,log0,382,294,286,3
94,20425,log0,383,295,287,3
95,20485,log0,384,296,288,3
96,20545,log0,385,297,289,3
97,20605,log0,386,298,290,3
98,20665,log0,387,299,291,3
99,20725,log0,388,300,292,3
100,20785,log0,389,301,293,3
101,20845,log0,390,302,294,3
102,20905,log0,390,302,294,3
103,20965,log0,392,303,295,3
104,21025,log0,393,304,296,3
105,21085,log0,394,305,297,3
106,21145,log0,395,306,298,3
107,21205,log0,396,307,299,3
108,21265,log0,397,308,300,3
109,21325,log0,398,309,301,3
110,21385,log0,399,310,302,3
111,21445,log0,400,311,303,3
112,21505,log0,401,312,304,3
113,21565,log0,402,313,305,3
114,21625,log0,403,314,306,3
115,21685,log0,404,315,307,3
116,21745,log0,405,316,308,3
117,21805,log0,406,317,309,3
118,21865,log0,407,318,310,3
119,21925,log0,408,319,311,3
120,21985,log0,409,320,312,3
121,22045,log0,410,321,313,3
122,22105,log0,411,322,314,3
123,22165,log0,412,323,315,3
124,22225,log0,413,324,316,3
125,22285,log0,414,325,317,3
126,22345,log0,415,326,318,3
127,22405,log0,416,327,319,3
128,22465,log0,417,328,320,3
129,22525,log0,418,329,321,3
130,22585,log0,419,330,322,3
131,22645,log0,420,331,323,3
132,22705,log0,421,332,324,3
133,22765,log0,422,333,325,3
134,22825,log0,423,334,326,3
135,22885,log0,424,335,327,3
136,22945,log0,425,336,328,3
137,23005,log0,426,337,329,3
138,23065,log0,427,338,330,3
139,23125,log0,428,339,331,3
140,23185,log0,429,340,332,3
141,23245,log0,430,341,333,3
142,23305,log0,431,342,334,3
143,23365,log0,432,343,335,3
144,23425,log0,433,344,336,3
145,23485,log0,434,345,337,3
146,23545,log0,435,346,338,3
147,23605,log0,436,347,339,3
148,23665,log0,437,348,340,3
149,23725,log0,438,349,341,3
150,23785,log0,439,350,342,3
151,23845,log0,440,351,343,3
152,23905,log0,441,352,344,3
153,23965,log0,442,353,345,3
154,24025,log0,443,354,346,3
155,24085,log0,444,355,347,3
156,24145,log0,445,356,348,3
157,24205,log0,446,357,349,3
158,24265,log0,447,358,350,3
159,24325,log0,448,359,351,3
160,24385,log0,449,360,352,3
161,24445,log0,450,361,353,3
162,24505,log0,451,362,354,3
163,24565,log0,452,363,355,3
164,24625,log0,453,364,356,3
165,24685,log0,454,365,357,3
166,24745,log0,455,366,358,3
167,24805,log0,456,367,359,3
168,24865,log0,457,368,360,3
169,24925,log0,458,369,361,3
170,24985,log0,459,370,362,3
171,25045,log0,460,371,363,3
172,25105,log0,461,372,364,3
173,25165,log0,462,373,365,3
174,25225,log0,463,374,366,3
175,25285,log0,464,375,367,3
176,25345,log0,465,376,368,3
177,25405,log0,466,377,369,3
178,25465,log0,467,378,370,3
179,25525,log0,468,379,371,3
180,25585,log0,469,380,372,3
181,25645,log0,470,381,373,3
182,25705,log0,471,382,374,3
183,25765,log0,472,383,375,3
184,25825,log0,473,384,376,3
185,25885,log0,474,385,377,3
186,25945,log0,475,386,378,3
187,26005,log0,476,387,379,3
188,26065,log0,477,388,380,3
189,26125,log0,478,389,381,3
190,26185,log0,479,390,382,3
191,26245,log0,480,391,383,3
192,26305,log0,481,392,384,3
193,26365,log0,482,393,385,3
194,26425,log0,483,394,386,3
195,26485,log0,484,395,387,3
196,26545,log0,485,396,388,3
197,26605,log0,486,397,389,3
198,26665,log0,487,398,390,3
199,26725,log0,488,399,391,3
200,26785,log0,489,400,392,3
201,26845,log0,490,401,393,3
202,26905,log0,491,402,394,3
203,26965,log0,492,403,395,3
204,27025,log0,493,404,396,3
205,27085,log0,494,405,397,3
206,27145,log0,495,406,398,3
207,27205,log0,496,407,399,3
208,27265,log0,497,408,400,3
209,27325,log0,498,409,401,3
210,27385,log0,499,410,402,3
211,27445,log0,500,411,403,3
212,27505,log0,501,412,404,3
213,27565,log0,502,413,405,3
214,27625,log0,503,414,406,3
215,27685,log0,504,415,407,3
216,27745,log0,505,416,408,3
217,27805,log0,506,417,409,3
218,27865,log0,507,418,410,3
219,27925,log0,508,419,411,3
220,27985,log0,509,420,412,3
221,28045,log0,510,421,413,3
222,28105,log0,511,422,414,3
223,28165,log0,512,423,415,3
224,28225,log0,513,424,416,3
225,28285,log0,514,425,417,3
226,28345,log0,515,426,418,3
227,28405,log0,516,427,419,3
228,28465,log0,517,428,420,3
229,28525,log0,518,429,421,3
230,28585,log0,519,430,422,3
231,28645,log0,520,431,423,3
232,28705,log0,521,432,424,3
233,28765,log0,522,433,425,3
234,28825,log0,523,434,426,3
235,28885,log0,524,435,427,3
236,28945,log0,525,436,428,3
237,29005,log0,526,437,429,3
238,29065,log0,527,438,430,3
239,29125,log0,528,439,431,3
240,29185,log0,528,439,431,3
241,29245,log0,528,439,431,3
242,29305,log0,528,439,431,3
243,29365,log0,528,439,431,3
244,29425,log0,528,439,431,3
245,29485,log0,528,439,431,3
246,29545,log0,535,440,431,3
247,29605,log0,535,440,431,3
248,29665,log0,535,440,431,3
249,29725,log0,535,440,431,3
250,29785,log0,535,440,431,3
251,29845,log0,535,440,431,3
252,29905,log0,535,440,431,3
253,29965,log0,535,440,431,3
254,30025,log0,535,440,431,3
255,30085,log0,535,440,431,3
256,30145,log0,535,440,431,3
257,30205,log0,535,440,431,3
258,30265,log0,535,440,431,3
259,30325,log0,548,441,431,3
260,30385,log0,549,442,431,4
261,30445,log0,550,443,431,5
262,30505,log0,551,444,431,6
263,30565,log0,552,445,431,7
264,30625,log0,553,446,431,8
265,30685,log0,554,447,431,9
266,30745,log0,555,448,431,10
267,30805,log0,556,449,431,11
268,30865,log0,557,450,432,11
269,30925,log0,558,451,433,11
270,30985,log0,559,452,434,11
271,31045,log0,560,453,435,11
272,31105,log0,561,454,436,11
273,31165,log0,562,455,436,12
274,31225,log0,563,456,437,12
275,31285,log0,564,457,438,12
276,31345,log0,565,458,439,12
277,31405,log0,566,459,439,13
278,31465,log0,567,460,439,14
279,31525,log0,568,461,439,15
280,31585,log0,569,462,439,16
281,31645,log0,570,463,439,17
282,31705,log0,571,464,439,18
283,31765,log0,572,465,440,18
284,31825,log0,573,466,441,18
285,31885,log0,574,467,441,19
286,31945,log0,575,468,441,20
287,32005,log0,576,469,441,21
288,32065,log0,577,470,441,22
289,32125,log0,578,471,441,23
290,32185,log0,579,472,441,24
291,32245,log0,580,473,441,25
292,32305,log0,581,474,441,26
293,32365,log0,582,475,441,27
294,32425,log0,583,476,441,28
295,32485,log0,584,477,441,29
296,32545,log0,585,478,442,29
297,32605,log0,586,479,443,29
298,32665,log0,587,480,444,29
299,32725,log0,588,481,445,29
300,32785,log0,589,482,446,29
301,32845,log0,590,483,447,29
302,32905,log0,591,484,448,29
303,32965,log0,592,485,449,29
304,33025,log0,593,486,450,29
305,33085,log0,594,487,451,29
306,33145,log0,595,488,452,29
307,33205,log0,596,489,453,29
308,33265,log0,597,490,454,29
309,33325,log0,598,491,455,29
310,33385,log0,599,492,456,29
311,33445,log0,600,493,457,29
312,33505,log0,601,494,458,29
313,33565,log0,602,495,459,29
314,33625,log0,603,496,460,29
315,33685,log0,604,497,461,29
316,33745,log0,605,498,462,29
317,33805,log0,606,499,463,29
318,33865,log0,607,500,464,29
319,33925,log0,608,501,465,29
320,33985,log0,609,502,466,29
321,34045,log0,609,502,466,29
322,34105,log0,609,502,466,29
323,34165,log0,609,502,466,29
324,34225,log0,609,502,466,29
325,34285,log0,609,502,466,29
326,34345,log0,609,502,466,29
327,34405,log0,609,502,466,29
328,34465,log0,609,502,466,29
329,34525,log0,609,502,466,29
330,34585,log0,609,502,466,29
331,34645,log0,609,502,466,29
332,34705,log0,609,502,466,29
333,34765,log0,609,502,466,29
334,34825,log0,609,502,466,29
335,34885,log0,609,502,466,29
336,34945,log0,609,502,466,29
337,35005,log0,609,502,466,29
338,35065,log0,609,502,466,29
339,35125,log0,609,502,466,29
340,35185,log0,609,502,466,29
341,35245,log0,609,502,466,29
342,35305,log0,609,502,466,29
343,35365,log0,609,502,466,29
344,35425,log0,609,502,466,29
345,35485,log0,609,502,466,29
346,35545,log0,609,502,466,29
347,35605,log0,609,502,466,29
348,35665,log0,637,503,466,29
349,35725,log0,638,504,466,29
350,35785,log0,639,505,467,29
351,35845,log0,639,505,467,29
352,35905,log0,639,505,467,29
353,35965,log0,639,505,467,29
354,36025,log0,643,506,467,29
355,36085,log0,644,507,468,29
356,36145,log0,645,508,469,29
357,36205,log0,646,509,470,29
358,36265,log0,647,510,471,29
359,36326,log0,648,511,472,29
360,36385,log0,649,512,472,29
361,36445,log0,650,513,473,29
362,36505,log0,651,514,474,29
363,36565,log0,652,515,474,29
364,36625,log0,653,516,475,29
365,36685,log0,654,517,475,30
366,36745,log0,655,518,475,31
367,36805,log0,656,519,475,32
368,36865,log0,657,520,475,33
369,36925,log0,658,521,475,34
370,36985,log0,659,522,475,35
371,37045,log0,660,523,476,35
372,37105,log0,661,524,477,35
373,37165,log0,662,525,478,35
374,37225,log0,663,526,479,35
375,37285,log0,664,527,480,35
376,37345,log0,665,528,480,36
377,37405,log0,666,529,480,37
378,37465,log0,667,530,480,38
379,37525,log0,668,531,480,39
380,37585,log0,669,532,480,40
381,37645,log0,670,533,480,41
382,37705,log0,671,534,481,41
383,37765,log0,672,535,482,41
384,37825,log0,673,536,483,41
385,37885,log0,674,537,484,41
386,37945,log0,675,538,485,41
387,38005,log0,676,539,486,41
388,38065,log0,676,539,486,41
389,38125,log0,676,539,486,41
390,38185,log0,676,539,486,41
391,38245,log0,680,540,486,41
392,38305,log0,681,541,486,42
393,38365,log0,682,542,486,43
394,38425,log0,683,543,486,44
395,38485,log0,684,544,487,44
396,38545,log0,685,545,488,44
397,38605,log0,686,546,489,44
398,38665,log0,687,547,490,44
399,38725,log0,688,548,491,44
400,38785,log0,689,549,492,44
401,38845,log0,690,550,493,44
402,38905,log0,691,551,494,44
403,38965,log0,692,552,495,44
404,39025,log0,693,553,496,44
405,39085,log0,694,554,497,44
406,39145,log0,695,555,498,44
407,39205,log0,696,556,499,44
408,39265,log0,697,557,500,44
409,39326,log0,698,558,501,44
410,39385,log0,699,559,502,44
411,39446,log0,700,560,503,44
412,39505,log0,701,561,504,44
413,39566,log0,702,562,505,44
414,39625,log0,703,563,506,44
415,39685,log0,704,564,507,44
416,39745,log0,705,565,508,44
417,39805,log0,706,566,509,44
418,39865,log0,707,567,510,44
419,39925,log0,708,568,511,44
420,39985,log0,709,569,512,44
421,40045,log0,710,570,513,44
422,40105,log0,710,570,513,44
423,40165,log0,710,570,513,44
424,40225,log0,710,570,513,44
425,40285,log0,710,570,513,44
426,40345,log0,710,570,513,44
427,40405,log0,710,570,513,44
428,40465,log0,710,570,513,44
429,40525,log0,718,571,513,44
430,40585,log0,719,572,514,44
431,40645,log0,720,573,514,45
432,40705,log0,721,574,515,45
433,40765,log0,722,575,516,45
434,40825,log0,723,576,517,45
435,40885,log0,724,577,518,45
436,40945,log0,725,578,519,45
437,41006,log0,726,579,520,45
438,41066,log0,727,580,521,45
439,41125,log0,728,581,522,45
440,41186,log0,729,582,522,46
441,41245,log0,730,583,522,47
442,41305,log0,731,584,522,48
443,41365,log0,732,585,522,49
444,41425,log0,733,586,522,50
445,41485,log0,734,587,523,50
446,41545,log0,735,588,524,50
447,41605,log0,736,589,525,50
448,41665,log0,737,590,526,50
449,41725,log0,738,591,527,50
450,41785,log0,739,592,528,50
451,41845,log0,740,593,529,50
452,41905,log0,741,594,530,50
453,41965,log0,742,595,531,50
454,42025,log0,743,596,532,50
455,42085,log0,744,597,533,50
456,42145,log0,745,598,534,50
457,42205,log0,746,599,535,50
458,42265,log0,747,600,536,50
459,42325,log0,748,601,537,50
460,42385,log0,749,602,538,50
461,42445,log0,750,603,539,50
462,42505,log0,751,604,540,50
463,42565,log0,752,605,541,50
464,42625,log0,753,606,542,50
465,42685,log0,754,607,543,50
466,42746,log0,755,608,544,50
467,42805,log0,756,609,545,50
468,42865,log0,757,610,546,50
469,42925,log0,758,611,547,50
470,42985,log0,759,612,548,50
471,43045,log0,760,613,549,50
472,43105,log0,761,614,550,50
473,43165,log0,762,615,551,50
474,43225,log0,763,616,552,50
475,43285,log0,764,617,553,50
476,43345,log0,765,618,554,50
477,43405,log0,766,619,555,50
478,43465,log0,767,620,556,50
479,43525,log0,767,620,556,50
480,43585,log0,767,620,556,50
481,43645,log0,767,620,556,50
482,43705,log0,767,620,556,50
483,43765,log0,767,620,556,50
484,43825,log0,767,620,556,50
485,43885,log0,767,620,556,50
486,43945,log0,767,620,556,50
487,44005,log0,776,621,556,50
488,44066,log0,777,622,557,50
489,44125,log0,778,623,558,50
490,44185,log0,779,624,559,50
491,44245,log0,780,625,560,50
492,44305,log0,781,626,561,50
493,44365,log0,782,627,562,50
494,44425,log0,783,628,563,50
495,44485,log0,784,629,564,50
496,44545,log0,785,630,565,50
497,44605,log0,786,631,566,50
498,44665,log0,787,632,567,50
499,44725,log0,788,633,568,50
500,44785,log0,789,634,569,50
501,44845,log0,790,635,570,50
502,44905,log0,791,636,571,50
503,44965,log0,792,637,572,50
504,45025,log0,793,638,573,50
505,45085,log0,794,639,574,50
506,45145,log0,795,640,575,50
507,45205,log0,796,641,576,50
508,45265,log0,797,642,577,50
509,45325,log0,798,643,578,50
510,45385,log0,799,644,579,50
511,45445,log0,800,645,580,50
512,45505,log0,801,646,580,51
513,45565,log0,802,647,581,51
514,45625,log0,803,648,582,51
515,45685,log0,804,649,583,51
516,45745,log0,805,650,584,51
517,45805,log0,806,651,585,51
518,45865,log0,807,652,586,51
519,45925,log0,808,653,587,51
520,45985,log0,809,654,588,51
521,46045,log0,810,655,589,51
522,46105,log0,811,656,590,51
523,46165,log0,812,657,591,51
524,46225,log0,813,658,592,51
525,46285,log0,814,659,593,51
526,46345,log0,815,660,594,51
527,46405,log0,816,661,595,51
528,46465,log0,817,662,596,51
529,46525,log0,818,663,597,51
530,46585,log0,819,664,598,51
531,46645,log0,820,665,599,51
532,46705,log0,821,666,600,51
533,46765,log0,822,667,601,51
534,46825,log0,823,668,602,51
535,46885,log0,824,669,602,52
536,46945,log0,825,670,603,52
537,47005,log0,826,671,604,52
538,47065,log0,827,672,605,52
539,47125,log0,828,673,606,52
540,47185,log0,829,674,607,52
541,47245,log0,830,675,608,52
542,47305,log0,831,676,609,52
543,47365,log0,832,677,610,52
544,47425,log0,833,678,611,52
545,47485,log0,834,679,612,52
546,47545,log0,835,680,613,52
547,47605,log0,836,681,614,52
548,47665,log0,837,682,615,52
549,47725,log0,838,683,616,52
550,47785,log0,839,684,617,52
551,47845,log0,840,685,618,52
552,47905,log0,841,686,619,52
553,47965,log0,842,687,620,52
554,48025,log0,843,688,621,52
555,48085,log0,844,689,622,52
556,48145,log0,845,690,623,52
557,48205,log0,846,691,624,52
558,48265,log0,847,692,625,52
559,48325,log0,848,693,626,52
560,48385,log0,849,694,627,52
561,48445,log0,850,695,628,52
562,48505,log0,851,696,629,52
563,48565,log0,852,697,630,52
564,48625,log0,853,698,631,52
565,48685,log0,854,699,632,52
566,48745,log0,855,700,633,52
567,48805,log0,856,701,634,52
568,48865,log0,857,702,635,52
569,48925,log0,858,703,636,52
570,48985,log0,859,704,637,52
571,49045,log0,860,705,638,52
572,49105,log0,861,706,639,52
573,49165,log0,862,707,640,52
574,49225,log0,863,708,641,52
575,49285,log0,864,709,642,52
576,49345,log0,865,710,643,52
577,49405,log0,866,711,644,52
578,49465,log0,867,712,645,52
579,49525,log0,868,713,646,52
580,49585,log0,869,714,647,52
581,49645,log0,870,715,648,52
582,49705,log0,871,716,649,52
583,49765,log0,872,717,650,52
584,49825,log0,873,718,651,52
585,49885,log0,874,719,652,52
586,49945,log0,875,720,653,52
587,50005,log0,876,721,654,52
588,50065,log0,877,722,655,52
589,50125,log0,878,723,656,52
590,50185,log0,879,724,657,52
591,50245,log0,880,725,658,52
592,50305,log0,881,726,659,52
593,50365,log0,882,727,660,52
594,50425,log0,883,728,661,52
595,50485,log0,884,729,662,52
596,50545,log0,885,730,663,52
597,50605,log0,886,731,664,52
598,50665,log0,887,732,665,52
599,50725,log0,888,733,666,52
600,50785,log0,889,734,667,52
601,50845,log0,890,735,668,52
602,50905,log0,891,736,669,52
603,50965,log0,892,737,670,52
604,51025,log0,893,738,671,52
605,51085,log0,894,739,672,52
606,51145,log0,895,740,673,52
607,51205,log0,896,741,674,52
608,51265,log0,897,742,675,52
609,51325,log0,898,743,676,52
610,51385,log0,899,744,677,52
611,51445,log0,900,745,678,52
612,51505,log0,901,746,679,52
613,51565,log0,902,747,680,52
614,51625,log0,903,748,681,52
615,51685,log0,904,749,682,52
616,51745,log0,905,750,683,52
617,51805,log0,906,751,684,52
618,51865,log0,907,752,684,52
619,51925,log0,908,753,685,52
620,51985,log0,909,754,686,52
621,52045,log0,910,755,687,52
622,52105,log0,911,756,688,52
623,52165,log0,912,757,689,52
624,52225,log0,913,758,690,52
625,52285,log0,914,759,691,52
626,52345,log0,915,760,692,52
627,52405,log0,916,761,693,52
628,52465,log0,917,762,694,52
629,52525,log0,918,763,695,52
630,52585,log0,919,764,696,52
631,52645,log0,920,765,697,52
632,52705,log0,921,766,698,52
633,52765,log0,922,767,699,52
634,52825,log0,923,768,700,52
635,52885,log0,924,769,701,52
636,52945,log0,925,770,702,52
637,53005,log0,926,771,703,52
638,53065,log0,927,772,704,52
639,53125,log0,928,773,705,52
640,53185,log0,929,774,706,52
641,53245,log0,930,775,707,52
642,53305,log0,931,776,708,52
643,53365,log0,932,777,709,52
644,53425,log0,933,778,710,52
645,53485,log0,934,779,711,52
646,53545,log0,935,780,712,52
647,53605,log0,936,781,713,52
648,53665,log0,937,782,714,52
649,53725,log0,938,783,715,52
650,53785,log0,939,784,716,52
651,53845,log0,940,785,717,52
652,53905,log0,941,786,718,52
653,53965,log0,942,787,719,52
654,54025,log0,943,788,720,52
655,54085,log0,944,789,721,52
656,54145,log0,945,790,722,52
657,54205,log0,946,791,723,52
658,54265,log0,947,792,724,52
659,54325,log0,948,793,725,52
660,54385,log0,949,794,726,52
661,54445,log0,950,795,727,52
662,54505,log0,951,796,728,52
663,54565,log0,952,797,728,53
664,54625,log0,953,798,729,53
665,54685,log0,954,799,730,53
666,54745,log0,955,800,731,53
667,54805,log0,956,801,732,53
668,54865,log0,957,802,733,53
669,54925,log0,958,803,734,53
670,54985,log0,959,804,734,54
671,55045,log0,960,805,734,55
672,55105,log0,961,806,734,56
673,55165,log0,962,807,735,56
674,55225,log0,963,808,736,56
675,55285,log0,964,809,737,56
676,55345,log0,965,810,738,56
677,55405,log0,966,811,739,56
678,55465,log0,967,812,740,56
679,55525,log0,968,813,741,56
680,55585,log0,969,814,742,56
681,55645,log0,970,815,743,56
682,55705,log0,971,816,744,56
683,55765,log0,972,817,745,56
684,55825,log0,973,818,746,56
685,55885,log0,974,819,747,56
686,55945,log0,975,820,748,56
687,56005,log0,976,821,749,56
688,56065,log0,977,822,750,56
689,56125,log0,978,823,751,56
690,56185,log0,979,824,752,56
691,56245,log0,980,825,753,56
692,56305,log0,981,826,754,56
693,56365,log0,982,827,755,56
694,56425,log0,983,828,756,56
695,56485,log0,984,829,756,57
696,56545,log0,985,830,757,57
697,56605,log0,986,831,758,57
698,56665,log0,987,832,759,57
699,56725,log0,988,833,760,57
700,56785,log0,989,834,761,57
701,56845,log0,990,835,762,57
702,56905,log0,991,836,763,57
703,56965,log0,992,837,764,57
704,57025,log0,993,838,765,57
705,57085,log0,994,839,766,57
706,57145,log0,995,840,767,57
707,57205,log0,996,841,768,57
708,57265,log0,997,842,769,57
709,57325,log0,998,843,770,57
710,57385,log0,999,844,771,57
711,57445,log0,1000,845,772,57
712,57505,log0,1001,846,773,57
713,57565,log0,1002,847,774,57
714,57625,log0,1003,848,775,57
715,57685,log0,1004,849,776,57
716,57745,log0,1005,850,777,57
717,57805,log0,1006,851,778,57
718,57865,log0,1007,852,779,57
719,57925,log0,1008,853,780,57
720,57985,log0,1009,854,781,57
721,58045,log0,1010,855,782,57
722,58105,log0,1011,856,783,57
723,58165,log0,1012,857,784,57
724,58225,log0,1013,858,785,57
725,58285,log0,1014,859,786,57
726,58345,log0,1015,860,787,57
727,58405,log0,1016,861,788,57
728,58465,log0,1017,862,789,57
729,58525,log0,1018,863,790,57
730,58585,log0,1019,864,791,57
731,58645,log0,1020,865,792,57
732,58705,log0,1021,866,793,57
733,58765,log0,1022,867,794,57
734,58825,log0,1023,868,795,57
735,58885,log0,1024,869,796,57
736,58945,log0,1025,870,797,57
737,59005,log0,1026,871,798,57
738,59065,log0,1027,872,799,57
739,59125,log0,1028,873,800,57
740,59185,log0,1029,874,801,57
741,59245,log0,1030,875,802,57
742,59305,log0,1031,876,803,57
743,59365,log0,1032,877,804,57
744,59425,log0,1033,878,805,57
745,59485,log0,1034,879,806,57
746,59545,log0,1035,880,807,57
747,59605,log0,1036,881,808,57
748,59665,log0,1037,882,809,57
749,59725,log0,1038,883,810,57
750,59785,log0,1039,884,811,57
751,59845,log0,1040,885,812,57
752,59905,log0,1041,886,813,57
753,59965,log0,1042,887,814,57
754,60025,log0,1043,888,815,57
755,60085,log0,1044,889,816,57
756,60145,log0,1045,890,817,57
757,60205,log0,1046,891,818,57
758,60265,log0,1047,892,819,57
759,60325,log0,1048,893,820,57
760,60385,log0,1049,894,821,57
761,60445,log0,1050,895,822,57
762,60505,log0,1051,896,823,57
763,60565,log0,1052,897,824,57
764,60625,log0,1053,898,825,57
765,60685,log0,1054,899,826,57
766,60745,log0,1055,900,827,57
767,60805,log0,1056,901,828,57
768,60865,log0,1057,902,829,57
769,60925,log0,1058,903,830,57
770,60985,log0,1059,904,831,57
771,61045,log0,1060,905,832,57
772,61105,log0,1061,906,833,57
773,61165,log0,1062,907,834,57
774,61225,log0,1063,908,835,57
775,61285,log0,1064,909,836,57
776,61345,log0,1065,910,837,57
777,61405,log0,1066,911,838,57
778,61465,log0,1067,912,839,57
779,61525,log0,1068,913,840,57
780,61585,log0,1069,914,841,57
781,61646,log0,1070,915,842,57
782,61705,log0,1071,916,843,57
783,61765,log0,1072,917,844,57
784,61825,log0,1073,918,845,57
785,61885,log0,1074,919,846,57
786,61945,log0,1075,920,847,57
787,62005,log0,1076,921,848,57
788,62065,log0,1077,922,849,57
789,62125,log0,1078,923,850,57
790,62185,log0,1079,924,851,57
791,62245,log0,1080,925,852,57
792,62305,log0,1081,926,853,57
793,62365,log0,1082,927,854,57
794,62425,log0,1083,928,855,57
795,62485,log0,1084,929,856,57
796,62545,log0,1085,930,857,57
797,62605,log0,1086,931,858,57
798,62665,log0,1087,932,859,57
799,62725,log0,1088,933,860,57
800,62785,log0,1089,934,861,57
801,62845,log0,1090,935,862,57
802,62905,log0,1091,936,863,57
803,62965,log0,1092,937,864,57
804,63025,log0,1093,938,865,57
805,63085,log0,1094,939,866,57
806,63145,log0,1095,940,867,57
807,63205,log0,1096,941,868,57
808,63265,log0,1097,942,869,57
809,63325,log0,1098,943,870,57
810,63385,log0,1099,944,871,57
811,63445,log0,1100,945,872,57
812,63505,log0,1101,946,873,57
813,63565,log0,1102,947,874,57
814,63625,log0,1103,948,875,57
815,63685,log0,1104,949,876,57
816,63745,log0,1105,950,877,57
817,63805,log0,1106,951,878,57
818,63865,log0,1107,952,879,57
819,63925,log0,1108,953,880,57
820,63985,log0,1109,954,881,57
821,64045,log0,1110,955,882,57
822,64105,log0,1111,956,883,57
823,64165,log0,1112,957,884,57
824,64225,log0,1113,958,885,57
825,64285,log0,1114,959,886,57
826,64346,log0,1115,960,887,57
827,64405,log0,1116,961,888,57
828,64465,log0,1117,962,889,57
829,64525,log0,1118,963,890,57
830,64585,log0,1119,964,891,57
831,64645,log0,1120,965,892,57
832,64705,log0,1121,966,893,57
833,64765,log0,1122,967,894,57
834,64825,log0,1123,968,895,57
835,64885,log0,1124,969,896,57
836,64945,log0,1125,970,897,57
837,65005,log0,1126,971,898,57
838,65065,log0,1127,972,899,57
839,65125,log0,1128,973,900,57
840,65185,log0,1129,974,901,57
841,65245,log0,1130,975,902,57
842,65305,log0,1131,976,903,57
843,65365,log0,1132,977,904,57
844,65425,log0,1133,978,905,57
845,65485,log0,1134,979,906,57
846,65545,log0,1135,980,907,57
847,65605,log0,1136,981,908,57
848,65665,log0,1137,982,909,57
849,65725,log0,1138,983,910,57
850,65785,log0,1139,984,911,57
851,65845,log0,1140,985,912,57
852,65905,log0,1141,986,913,57
853,65965,log0,1142,987,914,57
854,66025,log0,1143,988,915,57
855,66085,log0,1144,989,916,57
856,66145,log0,1145,990,917,57
857,66205,log0,1146,991,918,57
858,66265,log0,1147,992,919,57
859,66325,log0,1148,993,920,57
860,66385,log0,1149,994,921,57
861,66445,log0,1150,995,922,57
862,66505,log0,1151,996,923,57
863,66565,log0,1152,997,924,57
864,66625,log0,1153,998,925,57
865,66685,log0,1154,999,926,57
866,66745,log0,1155,1000,927,57
867,66805,log0,1156,1001,928,57
868,66865,log0,1157,1002,929,57
869,66925,log0,1158,1003,930,57
870,66985,log0,1159,1004,931,57
871,67045,log0,1160,1005,932,57
872,67105,log0,1161,1006,933,57
873,67165,log0,1162,1007,934,57
874,67225,log0,1163,1008,935,57
875,67285,log0,1164,1009,936,57
876,67345,log0,1165,1010,937,57
877,67405,log0,1166,1011,938,57
878,67465,log0,1167,1012,939,57
879,67526,log0,1168,1013,940,57
880,67585,log0,1169,1014,941,57
881,67645,log0,1170,1015,942,57
882,67705,log0,1171,1016,943,57
883,67765,log0,1172,1017,944,57
884,67825,log0,1173,1018,945,57
885,67885,log0,1174,1019,946,57
886,67945,log0,1175,1020,947,57
887,68005,log0,1176,1021,948,57
888,68065,log0,1177,1022,949,57
889,68125,log0,1178,1023,950,57
890,68185,log0,1179,1024,951,57
891,68245,log0,1180,1025,952,57
892,68305,log0,1181,1026,953,57
893,68365,log0,1182,1027,954,57
894,68425,log0,1183,1028,955,57
895,68485,log0,1184,1029,956,57
896,68545,log0,1185,1030,957,57
897,68605,log0,1186,1031,958,57
898,68665,log0,1187,1032,959,57
899,68725,log0,1188,1033,960,57
900,68785,log0,1189,1034,961,57
901,68845,log0,1190,1035,962,57
902,68905,log0,1191,1036,963,57
903,68965,log0,1192,1037,964,57
904,69025,log0,1193,1038,965,57
905,69085,log0,1194,1039,965,57
906,69145,log0,1195,1040,966,57
907,69205,log0,1196,1041,967,57
908,69265,log0,1197,1042,968,57
909,69325,log0,1198,1043,969,57
910,69385,log0,1199,1044,970,57
911,69445,log0,1200,1045,971,57
912,69505,log0,1201,1046,972,57
913,69565,log0,1202,1047,973,57
914,69625,log0,1203,1048,974,57
915,69685,log0,1204,1049,975,57
916,69745,log0,1205,1050,976,57
917,69805,log0,1206,1051,977,57
918,69865,log0,1207,1052,978,57
919,69925,log0,1208,1053,979,57
920,69985,log0,1209,1054,980,57
921,70045,log0,1210,1055,981,57
922,70105,log0,1211,1056,982,57
923,70165,log0,1212,1057,983,57
924,70225,log0,1213,1058,984,57
925,70285,log0,1214,1059,985,57
926,70345,log0,1215,1060,986,57
927,70405,log0,1216,1061,987,57
928,70465,log0,1217,1062,988,57
929,70525,log0,1218,1063,989,57
930,70585,log0,1219,1064,990,57
931,70645,log0,1220,1065,991,57
932,70705,log0,1221,1066,992,57
933,70765,log0,1222,1067,993,57
934,70825,log0,1223,1068,994,57
935,70885,log0,1224,1069,994,58
936,70945,log0,1225,1070,994,59
937,71005,log0,1226,1071,994,60
938,71065,log0,1227,1072,994,61
939,71125,log0,1228,1073,995,61
940,71185,log0,1229,1074,996,61
941,71245,log0,1230,1075,997,61
942,71305,log0,1231,1076,998,61
943,71365,log0,1232,1077,999,61
944,71425,log0,1233,1078,1000,61
945,71485,log0,1234,1079,1001,61
946,71545,log0,1235,1080,1002,61
947,71605,log0,1236,1081,1003,61
948,71665,log0,1237,1082,1004,61
949,71725,log0,1238,1083,1005,61
950,71785,log0,1239,1084,1006,61
951,71845,log0,1240,1085,1007,61
952,71905,log0,1241,1086,1007,62
953,71965,log0,1242,1087,1007,63
954,72025,log0,1243,1088,1008,63
955,72085,log0,1244,1089,1009,63
956,72145,log0,1245,1090,1010,63
957,72205,log0,1246,1091,1011,63
958,72265,log0,1247,1092,1012,63
959,72325,log0,1248,1093,1013,63
960,72385,log0,1249,1094,1014,63
961,72445,log0,1250,1095,1014,64
962,72505,log0,1251,1096,1014,65
963,72565,log0,1252,1097,1014,66
964,72625,log0,1253,1098,1014,67
965,72685,log0,1254,1099,1014,68
966,72745,log0,1255,1100,1015,68
967,72805,log0,1256,1101,1016,68
968,72865,log0,1257,1102,1017,68
969,72925,log0,1258,1103,1018,68
970,72985,log0,1259,1104,1019,68
971,73045,log0,1260,1105,1020,68
972,73105,log0,1261,1106,1021,68
973,73165,log0,1262,1107,1022,68
974,73225,log0,1263,1108,1023,68
975,73285,log0,1264,1109,1024,68
976,73345,log0,1265,1110,1025,68
977,73405,log0,1266,1111,1026,68
978,73465,log0,1267,1112,1027,68
979,73525,log0,1268,1113,1027,69
980,73585,log0,1269,1114,1027,70
981,73645,log0,1270,1115,1027,71
982,73705,log0,1271,1116,1027,72
983,73765,log0,1272,1117,1027,73
984,73825,log0,1273,1118,1027,74
985,73885,log0,1274,1119,1027,75
986,73945,log0,1275,1120,1027,76
987,74005,log0,1276,1121,1027,77
988,74065,log0,1277,1122,1027,78
989,74125,log0,1278,1123,1028,78
990,74185,log0,1279,1124,1029,78
991,74245,log0,1280,1125,1030,78
992,74305,log0,1281,1126,1031,78
993,74365,log0,1282,1127,1032,78
994,74425,log0,1283,1128,1032,79
995,74485,log0,1284,1129,1032,80
996,74545,log0,1285,1130,1032,81
997,74605,log0,1286,1131,1032,82
998,74665,log0,1287,1132,1033,82
999,74725,log0,1288,1133,1034,82
1000,74785,log0,1289,1134,1035,82
1001,74845,log0,1290,1135,1036,82
1002,74905,log0,1291,1136,1037,82
1003,74965,log0,1292,1137,1038,82
1004,75025,log0,1293,1138,1039,82
1005,75085,log0,1294,1139,1040,82
1006,75145,log0,1295,1140,1041,82
1007,75205,log0,1296,1141,1041,83
1008,75265,log0,1297,1142,1041,84
1009,75325,log0,1298,1143,1041,85
1010,75385,log0,1299,1144,1041,86
1011,75445,log0,1300,1145,1042,86
1012,75505,log0,1301,1146,1043,86
1013,75565,log0,1302,1147,1044,86
1014,75625,log0,1303,1148,1045,86
1015,75685,log0,1304,1149,1046,86
1016,75745,log0,1305,1150,1047,86
1017,75805,log0,1306,1151,1048,86
1018,75865,log0,1307,1152,1049,86
1019,75925,log0,1308,1153,1050,86
1020,75985,log0,1309,1154,1051,86
1021,76045,log0,1310,1155,1052,86
1022,76105,log0,1311,1156,1053,86
1023,76166,log0,1312,1157,1054,86
1024,76225,log0,1313,1158,1055,86
1025,76285,log0,1314,1159,1056,86
1026,76345,log0,1315,1160,1057,86
1027,76405,log0,1316,1161,1058,86
1028,76465,log0,1317,1162,1059,86
1029,76525,log0,1318,1163,1060,86
1030,76585,log0,1319,1164,1061,86
1031,76645,log0,1320,1165,1062,86
1032,76705,log0,1321,1166,1063,86
1033,76765,log0,1322,1167,1064,86
1034,76825,log0,1323,1168,1065,86
1035,76885,log0,1324,1169,1066,86
1036,76945,log0,1325,1170,1067,86
1037,77005,log0,1326,1171,1068,86
1038,77065,log0,1327,1172,1069,86
1039,77125,log0,1328,1173,1070,86
1040,77185,log0,1329,1174,1071,86
1041,77245,log0,1330,1175,1072,86
1042,77305,log0,1331,1176,1073,86
1043,77365,log0,1332,1177,1074,86
1044,77425,log0,1333,1178,1075,86
1045,77485,log0,1334,1179,1076,86
1046,77545,log0,1335,1180,1077,86
1047,77605,log0,1336,1181,1078,86
1048,77665,log0,1337,1182,1079,86
1049,77725,log0,1338,1183,1080,86
1050,77785,log0,1339,1184,1081,86
1051,77845,log0,1340,1185,1082,86
1052,77905,log0,1341,1186,1083,86
1053,77965,log0,1342,1187,1084,86
1054,78025,log0,1343,1188,1085,86
1055,78085,log0,1344,1189,1086,86
1056,78145,log0,1345,1190,1087,86
1057,78205,log0,1346,1191,1088,86
1058,78265,log0,1347,1192,1089,86
1059,78325,log0,1348,1193,1090,86
1060,78385,log0,1349,1194,1091,86
1061,78445,log0,1350,1195,1092,86
1062,78505,log0,1351,1196,1093,86
1063,78565,log0,1352,1197,1094,86
1064,78625,log0,1353,1198,1095,86
1065,78685,log0,1354,1199,1096,86
1066,78745,log0,1355,1200,1097,86
1067,78805,log0,1356,1201,1098,86
1068,78865,log0,1357,1202,1099,86
1069,78925,log0,1358,1203,1100,86
1070,78985,log0,1359,1204,1101,86
1071,79045,log0,1360,1205,1102,86
1072,79105,log0,1361,1206,1103,86
1073,79165,log0,1362,1207,1104,86
1074,79225,log0,1363,1208,1105,86
1075,79285,log0,1364,1209,1106,86
1076,79345,log0,1365,1210,1107,86
1077,79405,log0,1366,1211,1108,86
1078,79465,log0,1367,1212,1109,86
1079,79525,log0,1368,1213,1110,86
1080,79585,log0,1369,1214,1111,86
1081,79645,log0,1370,1215,1112,86
1082,79705,log0,1371,1216,1113,86
1083,79765,log0,1372,1217,1114,86
1084,79825,log0,1373,1218,1115,86
1085,79885,log0,1374,1219,1116,86
1086,79945,log0,1375,1220,1117,86
1087,80005,log0,1376,1221,1118,86
1088,80065,log0,1377,1222,1119,86
1089,80125,log0,1378,1223,1120,86
1090,80185,log0,1379,1224,1121,86
1091,80245,log0,1380,1225,1122,86
1092,80305,log0,1381,1226,1123,86
1093,80365,log0,1382,1227,1124,86
1094,80425,log0,1383,1228,1125,86
1095,80485,log0,1384,1229,1126,86
1096,80545,log0,1385,1230,1127,86
1097,80605,log0,1386,1231,1128,86
1098,80665,log0,1387,1232,1129,86
1099,80725,log0,1388,1233,1130,86
1100,80785,log0,1389,1234,1131,86
1101,80845,log0,1390,1235,1132,86
1102,80905,log0,1391,1236,1133,86
1103,80965,log0,1392,1237,1134,86
1104,81025,log0,1393,1238,1135,86
1105,81085,log0,1394,1239,1136,86
1106,81145,log0,1395,1240,1137,86
1107,81205,log0,1396,1241,1138,86
1108,81265,log0,1397,1242,1139,86
1109,81325,log0,1398,1243,1140,86
1110,81385,log0,1399,1244,1141,86
1111,81445,log0,1400,1245,1142,86
1112,81505,log0,1401,1246,1143,86
1113,81565,log0,1402,1247,1144,86
1114,81625,log0,1403,1248,1145,86
1115,81685,log0,1404,1249,1146,86
1116,81745,log0,1405,1250,1147,86
1117,81805,log0,1406,1251,1148,86
1118,81865,log0,1407,1252,1149,86
1119,81925,log0,1408,1253,1150,86
1120,81985,log0,1409,1254,1151,86
1121,82045,log0,1410,1255,1152,86
1122,82105,log0,1411,1256,1152,86
1123,82165,log0,1412,1257,1153,86
1124,82225,log0,1413,1258,1154,86
1125,82285,log0,1414,1259,1155,86
1126,82345,log0,1415,1260,1156,86
1127,82405,log0,1416,1261,1157,86
1128,82465,log0,1417,1262,1158,86
1129,82525,log0,1418,1263,1158,86
1130,82585,log0,1419,1264,1159,86
1131,82645,log0,1420,1265,1160,86
1132,82705,log0,1421,1266,1161,86
1133,82765,log0,1422,1267,1162,86
1134,82825,log0,1423,1268,1163,86
1135,82885,log0,1424,1269,1164,86
1136,82945,log0,1425,1270,1165,86
1137,83005,log0,1426,1271,1166,86
1138,83065,log0,1427,1272,1166,86
1139,83125,log0,1428,1273,1166,86
1140,83185,log0,1429,1274,1166,86
1141,83245,log0,1430,1275,1167,86
1142,83305,log0,1430,1275,1167,86
1143,83365,log0,1430,1275,1167,86
1144,83425,log0,1430,1275,1167,86
1145,83485,log0,1430,1275,1167,86
1146,83545,log0,1430,1275,1167,86
1147,83605,log0,1430,1275,1167,86
1148,83665,log0,1430,1275,1167,86
1149,83725,log0,1430,1275,1167,86
1150,83785,log0,1430,1275,1167,86
1151,83845,log0,1430,1275,1167,86
1152,83905,log0,1430,1275,1167,86
1153,83965,log0,1430,1275,1167,86
1154,84025,log0,1430,1275,1167,86
1155,84085,log0,1444,1276,1167,86
1156,84145,log0,1444,1276,1167,86
1157,84205,log0,1446,1277,1167,86
1158,84265,log0,1447,1278,1168,86
1159,84325,log0,1448,1279,1169,86
1160,84385,log0,1449,1280,1169,86
1161,84445,log0,1450,1281,1170,86
1162,84505,log0,1451,1282,1171,86
1163,84565,log0,1452,1283,1171,86
1164,84625,log0,1453,1284,1172,86
1165,84685,log0,1454,1285,1173,86
1166,84745,log0,1455,1286,1174,86
1167,84805,log0,1456,1287,1175,86
1168,84865,log0,1457,1288,1176,86
1169,84925,log0,1458,1289,1177,86
1170,84985,log0,1459,1290,1178,86
1171,85045,log0,1459,1290,1178,86
1172,85105,log0,1459,1290,1178,86
1173,85165,log0,1459,1290,1178,86
1174,85225,log0,1459,1290,1178,86
1175,85285,log0,1459,1290,1178,86
1176,85345,log0,1459,1290,1178,86
1177,85405,log0,1459,1290,1178,86
1178,85465,log0,1467,1291,1178,86
1179,85525,log0,1468,1292,1179,86
1180,85585,log0,1469,1293,1180,86
1181,85645,log0,1470,1294,1181,86
1182,85705,log0,1471,1295,1182,86
1183,85765,log0,1472,1296,1183,86
1184,85825,log0,1473,1297,1184,86
1185,85885,log0,1473,1297,1184,86
1186,85945,log0,1473,1297,1184,86
1187,86005,log0,1473,1297,1184,86
1188,86065,log0,1473,1297,1184,86
1189,86125,log0,1473,1297,1184,86
1190,86185,log0,1479,1298,1184,86
1191,86245,log0,1480,1299,1185,86
1192,86306,log0,1481,1300,1185,86
1193,86365,log0,1482,1301,1186,86
1194,86425,log0,1483,1302,1187,86
1195,86485,log0,1484,1303,1188,86
1196,86545,log0,1485,1304,1189,86
1197,86605,log0,1486,1305,1190,86
1198,86665,log0,1487,1306,1191,86
1199,86725,log0,1488,1307,1192,86
1200,86785,log0,1489,1308,1193,86
1201,86845,log0,1490,1309,1194,86
1202,86905,log0,1491,1310,1195,86
1203,86965,log0,1491,1310,1195,86
1204,87025,log0,1491,1310,1195,86
1205,87085,log0,1491,1310,1195,86
1206,87145,log0,1491,1310,1195,86
1207,87205,log0,1496,1311,1196,86
1208,87265,log0,1497,1312,1197,86
1209,87325,log0,1498,1313,1198,86
1210,87385,log0,1499,1314,1199,86
1211,87445,log0,1500,1315,1200,86
1212,87505,log0,1501,1316,1201,86
1213,87565,log0,1502,1317,1201,87
1214,87625,log0,1503,1318,1202,87
1215,87685,log0,1504,1319,1203,87
1216,87745,log0,1505,1320,1204,87
1217,87805,log0,1506,1321,1205,87
1218,87865,log0,1507,1322,1206,87
1219,87925,log0,1508,1323,1207,87
1220,87985,log0,1509,1324,1208,87
1221,88045,log0,1510,1325,1209,87
1222,88105,log0,1511,1326,1209,88
1223,88165,log0,1512,1327,1209,89
1224,88225,log0,1513,1328,1210,89
1225,88285,log0,1514,1329,1211,89
1226,88345,log0,1515,1330,1212,89
1227,88405,log0,1516,1331,1213,89
1228,88465,log0,1517,1332,1214,89
1229,88525,log0,1518,1333,1215,89
1230,88585,log0,1519,1334,1216,89
1231,88645,log0,1520,1335,1217,89
1232,88705,log0,1521,1336,1218,89
1233,88765,log0,1522,1337,1219,89
1234,88825,log0,1523,1338,1220,89
1235,88885,log0,1524,1339,1221,89
1236,88945,log0,1525,1340,1222,89
1237,89005,log0,1526,1341,1223,89
1238,89065,log0,1527,1342,1224,89
1239,89125,log0,1528,1343,1225,89
1240,89185,log0,1529,1344,1226,89
1241,89245,log0,1530,1345,1227,89
1242,89305,log0,1531,1346,1228,89
1243,89365,log0,1532,1347,1229,89
1244,89425,log0,1533,1348,1230,89
1245,89485,log0,1534,1349,1231,89
1246,89545,log0,1535,1350,1232,89
1247,89605,log0,1536,1351,1233,89
1248,89665,log0,1537,1352,1234,89
1249,89725,log0,1538,1353,1235,89
1250,89785,log0,1539,1354,1236,89
1251,89845,log0,1540,1355,1237,89
1252,89905,log0,1541,1356,1238,89
1253,89965,log0,1542,1357,1239,89
1254,90025,log0,1543,1358,1239,90
1255,90085,log0,1544,1359,1239,91
1256,90145,log0,1545,1360,1239,92
1257,90205,log0,1546,1361,1239,93
1258,90265,log0,1547,1362,1239,94
1259,90325,log0,1548,1363,1240,94
1260,90385,log0,1549,1364,1241,94
1261,90445,log0,1550,1365,1242,94
1262,90505,log0,1551,1366,1243,94
1263,90565,log0,1552,1367,1244,94
1264,90625,log0,1553,1368,1245,94
1265,90685,log0,1554,1369,1246,94
1266,90745,log0,1555,1370,1247,94
1267,90805,log0,1556,1371,1248,94
1268,90865,log0,1557,1372,1249,94
1269,90925,log0,1558,1373,1250,94
1270,90985,log0,1559,1374,1251,94
1271,91045,log0,1560,1375,1252,94
1272,91105,log0,1561,1376,1253,94
1273,91165,log0,1562,1377,1254,94
1274,91225,log0,1563,1378,1255,94
1275,91285,log0,1564,1379,1256,94
1276,91345,log0,1565,1380,1257,94
1277,91405,log0,1566,1381,1258,94
1278,91465,log0,1567,1382,1259,94
1279,91525,log0,1568,1383,1260,94
1280,91585,log0,1569,1384,1261,94
1281,91645,log0,1570,1385,1262,94
1282,91705,log0,1571,1386,1263,94
1283,91765,log0,1572,1387,1264,94
1284,91825,log0,1573,1388,1265,94
1285,91885,log0,1574,1389,1266,94
1286,91945,log0,1575,1390,1267,94
1287,92005,log0,1576,1391,1268,94
1288,92065,log0,1577,1392,1269,94
1289,92125,log0,1578,1393,1270,94
1290,92185,log0,1579,1394,1271,94
1291,92245,log0,1580,1395,1272,94
1292,92305,log0,1581,1396,1273,94
1293,92365,log0,1582,1397,1273,95
1294,92425,log0,1583,1398,1274,95
1295,92485,log0,1584,1399,1275,95
1296,92545,log0,1585,1400,1276,95
1297,92605,log0,1586,1401,1277,95
1298,92665,log0,1587,1402,1278,95
1299,92725,log0,1588,1403,1279,95
1300,92785,log0,1589,1404,1280,95
1301,92845,log0,1590,1405,1281,95
1302,92905,log0,1591,1406,1282,95
1303,92965,log0,1592,1407,1283,95
1304,93025,log0,1593,1408,1284,95
1305,93085,log0,1594,1409,1285,95
1306,93145,log0,1595,1410,1286,95
1307,93205,log0,1596,1411,1287,95
1308,93265,log0,1597,1412,1288,95
1309,93325,log0,1598,1413,1289,95
1310,93385,log0,1599,1414,1290,95
1311,93445,log0,1600,1415,1291,95
1312,93505,log0,1601,1416,1292,95
1313,93565,log0,1602,1417,1293,95
1314,93625,log0,1603,1418,1294,95
1315,93685,log0,1604,1419,1295,95
1316,93745,log0,1605,1420,1296,95
1317,93805,log0,1606,1421,1297,95
1318,93865,log0,1607,1422,1298,95
1319,93925,log0,1608,1423,1299,95
1320,93985,log0,1609,1424,1300,95
1321,94045,log0,1610,1425,1301,95
1322,94105,log0,1611,1426,1302,95
1323,94165,log0,1612,1427,1303,95
1324,94225,log0,1613,1428,1304,95
1325,94285,log0,1614,1429,1305,95
1326,94345,log0,1615,1430,1306,95
1327,94405,log0,1616,1431,1307,95
1328,94465,log0,1617,1432,1308,95
1329,94525,log0,1618,1433,1309,95
1330,94585,log0,1619,1434,1310,95
1331,94645,log0,1620,1435,1311,95
1332,94705,log0,1621,1436,1312,95
1333,94765,log0,1622,1437,1313,95
1334,94825,log0,1623,1438,1314,95
1335,94885,log0,1624,1439,1315,95
1336,94945,log0,1625,1440,1316,95
1337,95005,log0,1626,1441,1317,95
1338,95065,log0,1627,1442,1318,95
1339,95125,log0,1628,1443,1319,95
1340,95185,log0,1629,1444,1320,95
1341,95245,log0,1630,1445,1321,95
1342,95305,log0,1631,1446,1322,95
1343,95365,log0,1632,1447,1323,95
1344,95425,log0,1633,1448,1324,95
1345,95485,log0,1634,1449,1325,95
1346,95545,log0,1635,1450,1326,95
1347,95605,log0,1636,1451,1327,95
1348,95665,log0,1637,1452,1328,95
1349,95725,log0,1638,1453,1329,95
1350,95785,log0,1639,1454,1330,95
1351,95845,log0,1640,1455,1331,95
1352,95905,log0,1641,1456,1332,95
1353,95965,log0,1642,1457,1333,95
1354,96025,log0,1643,1458,1334,95
1355,96085,log0,1644,1459,1335,95
1356,96145,log0,1645,1460,1336,95
1357,96205,log0,1646,1461,1337,95
1358,96265,log0,1647,1462,1338,95
1359,96326,log0,1648,1463,1339,95
1360,96386,log0,1649,1464,1340,95
1361,96445,log0,1650,1465,1341,95
1362,96506,log0,1651,1466,1342,95
1363,96565,log0,1652,1467,1343,95
1364,96625,log0,1653,1468,1344,95
1365,96685,log0,1654,1469,1345,95
1366,96746,log0,1655,1470,1346,95
1367,96806,log0,1656,1471,1347,95
1368,96865,log0,1657,1472,1348,95
1369,96925,log0,1658,1473,1349,95
1370,96985,log0,1659,1474,1350,95
1371,97045,log0,1660,1475,1351,95
1372,97105,log0,1661,1476,1352,95
1373,97165,log0,1662,1477,1353,95
1374,97225,log0,1663,1478,1354,95
1375,97285,log0,1664,1479,1355,95
1376,97345,log0,1665,1480,1356,95
1377,97405,log0,1666,1481,1357,95
1378,97465,log0,1667,1482,1358,95
1379,97525,log0,1668,1483,1359,95
1380,97585,log0,1669,1484,1360,95
1381,97645,log0,1670,1485,1361,95
1382,97705,log0,1671,1486,1362,95
1383,97765,log0,1672,1487,1363,95
1384,97825,log0,1673,1488,1364,95
1385,97885,log0,1674,1489,1365,95
1386,97945,log0,1675,1490,1366,95
1387,98005,log0,1676,1491,1367,95
1388,98065,log0,1677,1492,1368,95
1389,98125,log0,1678,1493,1369,95
1390,98185,log0,1679,1494,1370,95
1391,98245,log0,1680,1495,1371,95
1392,98305,log0,1681,1496,1372,95
1393,98365,log0,1682,1497,1373,95
1394,98425,log0,1683,1498,1374,95
1395,98485,log0,1684,1499,1375,95
1396,98545,log0,1685,1500,1376,95
1397,98605,log0,1686,1501,1377,95
1398,98665,log0,1687,1502,1378,95
1399,98725,log0,1688,1503,1379,95
1400,98785,log0,1689,1504,1380,95
1401,98845,log0,1690,1505,1381,95
1402,98905,log0,1691,1506,1382,95
1403,98965,log0,1692,1507,1383,95
1404,99026,log0,1693,1508,1384,95
1405,99085,log0,1694,1509,1385,95
1406,99145,log0,1695,1510,1386,95
1407,99206,log0,1696,1511,1387,95
1408,99265,log0,1697,1512,1388,95
1409,99325,log0,1698,1513,1389,95
1410,99386,log0,1699,1514,1390,95
1411,99445,log0,1700,1515,1391,95
1412,99506,log0,1701,1516,1392,95
1413,99565,log0,1702,1517,1393,95
1414,99625,log0,1703,1518,1394,95
1415,99686,log0,1704,1519,1395,95
1416,99745,log0,1705,1520,1396,95
1417,99805,log0,1706,1521,1397,95
1418,99865,log0,1707,1522,1398,95
1419,99925,log0,1708,1523,1399,95
1420,99985,log0,1709,1524,1400,95
1421,100045,log0,1710,1525,1401,95
1422,100105,log0,1711,1526,1402,95
1423,100165,log0,1712,1527,1403,95
1424,100225,log0,1713,1528,1404,95
1425,100285,log0,1714,1529,1405,95
1426,100345,log0,1715,1530,1406,95
1427,100405,log0,1716,1531,1407,95
1428,100465,log0,1717,1532,1408,95
1429,100525,log0,1718,1533,1409,95
1430,100585,log0,1719,1534,1410,95
1431,100645,log0,1720,1535,1411,95
1432,100705,log0,1721,1536,1412,95
1433,100765,log0,1722,1537,1413,95
1434,100825,log0,1723,1538,1414,95
1435,100885,log0,1724,1539,1415,95
1436,100945,log0,1725,1540,1416,95
1437,101005,log0,1726,1541,1417,95
1438,101065,log0,1727,1542,1418,95
1439,101125,log0,1728,1543,1419,95
1440,101185,log0,1729,1544,1420,95
1441,101245,log0,1730,1545,1421,95
1442,101305,log0,1731,1546,1422,95
1443,101365,log0,1732,1547,1423,95
1444,101425,log0,1733,1548,1424,95
1445,101485,log0,1734,1549,1425,95
1446,101545,log0,1735,1550,1426,95
1447,101605,log0,1736,1551,1427,95
1448,101665,log0,1737,1552,1428,95
1449,101725,log0,1738,1553,1429,95
1450,101785,log0,1739,1554,1430,95
1451,101845,log0,1740,1555,1431,95
1452,101905,log0,1741,1556,1432,95
1453,101965,log0,1742,1557,1433,95
1454,102025,log0,1743,1558,1434,95
1455,102085,log0,1744,1559,1435,95
1456,102145,log0,1745,1560,1436,95
1457,102205,log0,1746,1561,1437,95
1458,102266,log0,1747,1562,1438,95
1459,102325,log0,1748,1563,1439,95
1460,102385,log0,1749,1564,1440,95
1461,102445,log0,1750,1565,1441,95
1462,102505,log0,1751,1566,1442,95
1463,102565,log0,1752,1567,1443,95
1464,102625,log0,1753,1568,1444,95
1465,102685,log0,1754,1569,1445,95
1466,102745,log0,1755,1570,1446,95
1467,102805,log0,1756,1571,1447,95
1468,102865,log0,1757,1572,1448,95
1469,102925,log0,1758,1573,1449,95
1470,102985,log0,1759,1574,1450,95
1471,103045,log0,1760,1575,1451,95
1472,103105,log0,1761,1576,1452,95
1473,103165,log0,1762,1577,1453,95
1474,103225,log0,1763,1578,1454,95
1475,103285,log0,1764,1579,1455,95
1476,103345,log0,1765,1580,1456,95
1477,103405,log0,1766,1581,1457,95
1478,103466,log0,1767,1582,1458,95
1479,103525,log0,1768,1583,1458,95
1480,103585,log0,1769,1584,1459,95
1481,103645,log0,1770,1585,1460,95
1482,103705,log0,1771,1586,1461,95
1483,103765,log0,1772,1587,1462,95
1484,103825,log0,1773,1588,1463,95
1485,103885,log0,1774,1589,1464,95
1486,103945,log0,1775,1590,1465,95
1487,104005,log0,1776,1591,1466,95
1488,104065,log0,1777,1592,1467,95
1489,104125,log0,1778,1593,1468,95
1490,104185,log0,1779,1594,1469,95
1491,104245,log0,1780,1595,1470,95
1492,104305,log0,1781,1596,1471,95
1493,104365,log0,1782,1597,1472,95
1494,104425,log0,1783,1598,1473,95
1495,104485,log0,1784,1599,1474,95
1496,104545,log0,1785,1600,1475,95
1497,104605,log0,1786,1601,1476,95
1498,104665,log0,1787,1602,1477,95
1499,104725,log0,1788,1603,1478,95
1500,104785,log0,1789,1604,1479,95
1501,104846,log0,1790,1605,1480,95
1502,104905,log0,1791,1606,1481,95
1503,104965,log0,1792,1607,1482,95
1504,105025,log0,1793,1608,1483,95
1505,105085,log0,1794,1609,1484,95
1506,105145,log0,1795,1610,1485,95
1507,105205,log0,1796,1611,1486,95
1508,105265,log0,1797,1612,1487,95
1509,105325,log0,1798,1613,1488,95
1510,105385,log0,1799,1614,1489,95
1511,105445,log0,1800,1615,1490,95
1512,105505,log0,1801,1616,1491,95
1513,105565,log0,1802,1617,1492,95
1514,105625,log0,1803,1618,1493,95
1515,105685,log0,1804,1619,1494,95
1516,105745,log0,1805,1620,1495,95
1517,105805,log0,1806,1621,1496,95
1518,105865,log0,1807,1622,1497,95
1519,105925,log0,1808,1623,1498,95
1520,105985,log0,1809,1624,1499,95
1521,106045,log0,1810,1625,1500,95
1522,106105,log0,1811,1626,1501,95
1523,106165,log0,1812,1627,1502,95
1524,106225,log0,1813,1628,1503,95
1525,106285,log0,1814,1629,1504,95
1526,106345,log0,1815,1630,1505,95
1527,106405,log0,1816,1631,1506,95
1528,106465,log0,1817,1632,1507,95
1529,106525,log0,1817,1632,1507,95
1530,106585,log0,1818,1633,1508,95
1531,106645,log0,1820,1635,1510,95
1532,106705,log0,1821,1636,1511,95
1533,106765,log0,1822,1637,1512,95
1534,106825,log0,1823,1638,1513,95
1535,106885,log0,1824,1639,1514,95
1536,106945,log0,1825,1640,1515,95
1537,107005,log0,1825,1640,1515,95
1538,107065,log0,1827,1642,1517,95
1539,107125,log0,1828,1643,1518,95
1540,107185,log0,1828,1643,1518,95
1541,107245,log0,1829,1644,1519,95
1542,107305,log0,1830,1645,1520,95
1543,107365,log0,1831,1646,1521,95
1544,107425,log0,1832,1647,1522,95
1545,107485,log0,1834,1649,1524,95
1546,107545,log0,1834,1649,1524,95
1547,107606,log0,1836,1651,1526,95
1548,107665,log0,1836,1651,1526,95
1549,107725,log0,1837,1652,1527,95
1550,107785,log0,1838,1653,1528,95
1551,107845,log0,1839,1654,1529,95
1552,107905,log0,1840,1655,1530,95
1553,107965,log0,1841,1656,1531,95
1554,108025,log0,1842,1657,1532,95
1555,108085,log0,1843,1658,1533,95
1556,108145,log0,1844,1659,1534,95
1557,108205,log0,1845,1660,1535,95
1558,108265,log0,1846,1661,1536,95
1559,108325,log0,1847,1662,1537,95
1560,108385,log0,1848,1663,1538,95
1561,108445,log0,1849,1664,1539,95
1562,108505,log0,1850,1665,1540,95
1563,108565,log0,1851,1666,1541,95
1564,108625,log0,1852,1667,1542,95
1565,108685,log0,1853,1668,1543,95
1566,108745,log0,1854,1669,1544,95
1567,108805,log0,1855,1670,1545,95
1568,108865,log0,1856,1671,1546,95
1569,108925,log0,1857,1672,1547,95
1570,108985,log0,1858,1673,1548,95
1571,109045,log0,1859,1674,1549,95
1572,109105,log0,1860,1675,1550,95
1573,109165,log0,1861,1676,1551,95
1574,109225,log0,1862,1677,1552,95
1575,109285,log0,1863,1678,1553,95
1576,109345,log0,1864,1679,1554,95
1577,109405,log0,1865,1680,1555,95
1578,109465,log0,1866,1681,1556,95
1579,109525,log0,1867,1682,1557,95
1580,109585,log0,1868,1683,1558,95
1581,109645,log0,1869,1684,1559,95
1582,109705,log0,1870,1685,1560,95
1583,109765,log0,1871,1686,1561,95
1584,109825,log0,1872,1687,1562,95
1585,109885,log0,1873,1688,1563,95
1586,109945,log0,1874,1689,1564,95
1587,110005,log0,1875,1690,1565,95
1588,110065,log0,1876,1691,1566,95
1589,110125,log0,1877,1692,1567,95
1590,110185,log0,1878,1693,1568,95
1591,110245,log0,1879,1694,1569,95
1592,110305,log0,1880,1695,1570,95
1593,110365,log0,1881,1696,1571,95
1594,110425,log0,1882,1697,1572,95
1595,110485,log0,1883,1698,1573,95
1596,110545,log0,1884,1699,1574,95
1597,110605,log0,1885,1700,1575,95
1598,110665,log0,1886,1701,1576,95
1599,110725,log0,1887,1702,1577,95
1600,110785,log0,1888,1703,1578,95
1601,110845,log0,1889,1704,1579,95
1602,110905,log0,1890,1705,1580,95
1603,110965,log0,1891,1706,1581,95
1604,111025,log0,1892,1707,1582,95
1605,111085,log0,1893,1708,1583,95
1606,111145,log0,1894,1709,1584,95
1607,111205,log0,1895,1710,1585,95
1608,111265,log0,1896,1711,1586,95
1609,111325,log0,1897,1712,1587,95
1610,111385,log0,1898,1713,1588,95
1611,111445,log0,1899,1714,1589,95
1612,111505,log0,1900,1715,1590,95
1613,111565,log0,1901,1716,1591,95
1614,111625,log0,1902,1717,1592,95
1615,111685,log0,1903,1718,1593,95
1616,111745,log0,1904,1719,1594,95
1617,111805,log0,1905,1720,1595,95
1618,111865,log0,1906,1721,1596,95
1619,111925,log0,1907,1722,1597,95
1620,111985,log0,1908,1723,1598,95
1621,112045,log0,1909,1724,1599,95
1622,112105,log0,1910,1725,1600,95
1623,112165,log0,1911,1726,1601,95
1624,112225,log0,1912,1727,1602,95
1625,112285,log0,1913,1728,1603,95
1626,112345,log0,1914,1729,1604,95
1627,112405,log0,1915,1730,1605,95
1628,112465,log0,1916,1731,1606,95
1629,112525,log0,1917,1732,1607,95
1630,112585,log0,1918,1733,1608,95
1631,112645,log0,1919,1734,1609,95
1632,112705,log0,1920,1735,1610,95
1633,112765,log0,1921,1736,1611,95
1634,112825,log0,1922,1737,1612,95
1635,112885,log0,1923,1738,1613,95
1636,112945,log0,1924,1739,1614,95
1637,113005,log0,1925,1740,1615,95
1638,113065,log0,1926,1741,1616,95
1639,113125,log0,1927,1742,1617,95
1640,113185,log0,1928,1743,1618,95
1641,113245,log0,1929,1744,1619,95
1642,113305,log0,1930,1745,1620,95
1643,113365,log0,1931,1746,1621,95
1644,113425,log0,1932,1747,1622,95
1645,113485,log0,1933,1748,1623,95
1646,113545,log0,1934,1749,1624,95
1647,113605,log0,1935,1750,1624,96
1648,113665,log0,1936,1751,1625,96
1649,113725,log0,1937,1752,1626,96
1650,113785,log0,1938,1753,1627,96
1651,113845,log0,1939,1754,1628,96
1652,113905,log0,1940,1755,1629,96
1653,113965,log0,1941,1756,1630,96
1654,114026,log0,1942,1757,1631,96
1655,114085,log0,1943,1758,1632,96
1656,114145,log0,1944,1759,1633,96
1657,114205,log0,1945,1760,1634,96
1658,114265,log0,1946,1761,1635,96
1659,114325,log0,1947,1762,1636,96
1660,114385,log0,1948,1763,1637,96
1661,114445,log0,1949,1764,1638,96
1662,114505,log0,1950,1765,1639,96
1663,114565,log0,1951,1766,1640,96
1664,114625,log0,1952,1767,1641,96
1665,114685,log0,1953,1768,1642,96
1666,114745,log0,1954,1769,1643,96
1667,114805,log0,1955,1770,1644,96
