recvSeq1,recvNum1,compute1num1,compute2num1,compute3num1,timestamp
105,96,75,10,15,17732.0
106,97,76,10,15,17792.0
106,97,76,10,15,17852.0
108,98,77,10,15,17912.0
109,99,78,10,15,17972.0
109,99,78,10,15,18032.0
109,99,78,10,15,18092.0
109,99,78,10,15,18152.0
113,100,79,10,15,18212.0
113,100,79,10,15,18272.0
115,101,80,10,15,18332.0
116,102,81,10,15,18392.0
116,102,81,10,15,18452.0
118,103,82,10,15,18512.0
119,104,82,11,16,18572.0
119,104,82,11,16,18632.0
119,104,82,11,16,18692.0
119,104,82,11,16,18752.0
123,105,83,11,16,18812.0
124,106,84,11,16,18872.0
125,107,85,11,16,18932.0
126,108,85,12,17,18992.0
127,109,85,12,18,19052.0
128,110,86,12,18,19112.0
129,111,87,12,18,19172.0
130,112,88,12,18,19232.0
130,112,88,12,18,19292.0
130,112,88,12,18,19352.0
130,112,88,12,18,19412.0
134,113,89,12,18,19472.0
134,113,89,12,18,19532.0
136,114,90,12,18,19592.0
137,115,91,12,18,19652.0
138,116,91,13,19,19712.0
139,117,91,13,20,19772.0
140,118,92,13,20,19832.0
141,119,93,13,20,19892.0
142,120,93,14,21,19952.0
143,121,94,14,21,20012.0
144,122,95,14,21,20072.0
144,122,95,14,21,20132.0
146,123,96,14,21,20192.0
146,123,96,14,21,20252.0
148,124,97,14,21,20312.0
148,124,97,14,21,20372.0
150,125,98,14,21,20432.0
151,126,99,14,21,20492.0
152,127,100,14,21,20552.0
153,128,101,14,21,20612.0
154,129,102,14,21,20672.0
155,130,103,14,21,20732.0
156,131,104,14,21,20792.0
157,132,105,14,21,20852.0
158,133,106,14,21,20912.0
159,134,107,14,21,20972.0
160,135,108,14,21,21032.0
160,135,108,14,21,21092.0
160,135,108,14,21,21152.0
163,136,109,14,21,21212.0
164,137,110,14,21,21272.0
165,138,111,14,21,21332.0
166,139,112,14,21,21392.0
167,140,113,14,21,21452.0
168,141,114,14,21,21512.0
169,142,115,14,21,21572.0
170,143,116,14,21,21632.0
171,144,117,14,21,21692.0
172,145,117,15,22,21752.0
172,145,117,15,22,21812.0
174,146,118,15,22,21872.0
175,147,119,15,22,21932.0
176,148,120,15,22,21992.0
177,149,121,15,22,22052.0
178,150,122,15,22,22112.0
179,151,122,16,23,22172.0
179,151,122,16,23,22232.0
179,151,122,16,23,22292.0
182,152,123,16,23,22352.0
182,152,123,16,23,22412.0
184,153,123,17,24,22472.0
184,153,123,17,24,22532.0
186,154,124,17,24,22592.0
186,154,124,17,24,22652.0
188,155,125,17,24,22712.0
189,156,126,17,24,22772.0
190,157,127,17,24,22832.0
191,158,128,17,24,22892.0
191,158,128,17,24,22952.0
191,158,128,17,24,23012.0
194,159,129,17,24,23072.0
195,160,130,17,24,23132.0
195,160,130,17,24,23192.0
197,161,131,17,24,23252.0
198,162,132,17,24,23312.0
198,162,132,17,24,23372.0
200,163,133,17,24,23432.0
200,163,133,17,24,23492.0
202,164,134,17,24,23552.0
202,164,134,17,24,23612.0
204,165,135,17,24,23672.0
205,166,136,17,24,23732.0
206,167,136,18,25,23792.0
206,167,136,18,25,23852.0
208,168,137,18,25,23912.0
209,169,138,18,25,23972.0
210,170,139,18,25,24032.0
211,171,139,19,26,24092.0
212,172,140,19,26,24152.0
212,172,140,19,26,24212.0
214,173,141,19,26,24272.0
215,174,141,20,27,24332.0
215,174,141,20,27,24392.0
215,174,141,20,27,24452.0
218,175,142,20,27,24512.0
218,175,142,20,27,24572.0
218,175,142,20,27,24632.0
218,175,142,20,27,24692.0
222,176,143,20,27,24752.0
223,177,143,21,28,24812.0
224,178,143,21,29,24872.0
224,178,143,21,29,24932.0
226,179,144,21,29,24992.0
226,179,144,21,29,25052.0
228,180,145,21,29,25112.0
229,181,145,22,30,25172.0
230,182,145,22,31,25232.0
231,183,146,22,31,25292.0
232,184,147,22,31,25352.0
232,184,147,22,31,25412.0
234,185,148,22,31,25472.0
235,186,149,22,31,25532.0
236,187,150,22,31,25592.0
237,188,150,23,32,25652.0
237,188,150,23,32,25712.0
237,188,150,23,32,25772.0
240,189,151,23,32,25832.0
241,190,151,24,33,25892.0
241,190,151,24,33,25952.0
241,190,151,24,33,26012.0
244,191,151,24,34,26072.0
245,192,151,24,35,26132.0
245,192,151,24,35,26192.0
245,192,151,24,35,26252.0
245,192,151,24,35,26312.0
249,193,152,24,35,26372.0
250,194,153,24,35,26432.0
251,195,154,24,35,26492.0
251,195,154,24,35,26552.0
253,196,155,24,35,26612.0
254,197,155,25,36,26672.0
254,197,155,25,36,26732.0
256,198,156,25,36,26792.0
257,199,157,25,36,26852.0
258,200,158,25,36,26912.0
258,200,158,25,36,26972.0
258,200,158,25,36,27032.0
261,201,159,25,36,27092.0
262,202,160,25,36,27152.0
263,203,160,26,37,27212.0
264,204,160,26,38,27272.0
265,205,161,26,38,27332.0
266,206,162,26,38,27392.0
267,207,163,26,38,27452.0
268,208,164,26,38,27512.0
268,208,164,26,38,27572.0
270,209,165,26,38,27632.0
270,209,165,26,38,27692.0
272,210,166,26,38,27752.0
273,211,167,26,38,27812.0
274,212,168,26,38,27872.0
275,213,169,26,38,27932.0
276,214,170,26,38,27992.0
276,214,170,26,38,28052.0
276,214,170,26,38,28112.0
279,215,171,26,38,28172.0
279,215,171,26,38,28232.0
281,216,172,26,38,28292.0
281,216,172,26,38,28352.0
283,217,173,26,38,28412.0
284,218,174,26,38,28472.0
285,219,175,26,38,28532.0
286,220,176,26,38,28592.0
287,221,176,27,39,28652.0
287,221,176,27,39,28712.0
287,221,176,27,39,28772.0
290,222,177,27,39,28832.0
291,223,178,27,39,28892.0
292,224,179,27,39,28952.0
293,225,179,28,40,29012.0
293,225,179,28,40,29072.0
295,226,180,28,40,29132.0
295,226,180,28,40,29192.0
295,226,180,28,40,29252.0
295,226,180,28,40,29312.0
299,227,181,28,40,29372.0
299,227,181,28,40,29432.0
301,228,182,28,40,29492.0
301,228,182,28,40,29552.0
301,228,182,28,40,29612.0
304,229,183,28,40,29672.0
305,230,184,28,40,29732.0
306,231,184,29,41,29792.0
307,232,185,29,41,29852.0
308,233,186,29,41,29912.0
308,233,186,29,41,29972.0
310,234,187,29,41,30032.0
311,235,187,30,42,30092.0
311,235,187,30,42,30152.0
313,236,188,30,42,30212.0
314,237,189,30,42,30272.0
314,237,189,30,42,30332.0
316,238,190,30,42,30392.0
317,239,191,30,42,30452.0
317,239,191,30,42,30512.0
319,240,192,30,42,30572.0
320,241,193,30,42,30632.0
321,242,194,30,42,30692.0
322,243,194,31,43,30752.0
323,244,195,31,43,30812.0
323,244,195,31,43,30872.0
325,245,196,31,43,30932.0
326,246,197,31,43,30992.0
327,247,198,31,43,31052.0
327,247,198,31,43,31112.0
327,247,198,31,43,31172.0
330,248,199,31,43,31232.0
331,249,200,31,43,31292.0
332,250,201,31,43,31352.0
333,251,201,32,44,31412.0
333,251,201,32,44,31472.0
335,252,202,32,44,31532.0
336,253,203,32,44,31592.0
336,253,203,32,44,31652.0
338,254,204,32,44,31712.0
339,255,204,33,45,31772.0
340,256,205,33,45,31832.0
340,256,205,33,45,31892.0
342,257,206,33,45,31952.0
343,258,207,33,45,32012.0
344,259,207,34,46,32072.0
345,260,208,34,46,32132.0
345,260,208,34,46,32192.0
347,261,209,34,46,32252.0
348,262,210,34,46,32312.0
349,263,211,34,46,32372.0
350,264,212,34,46,32432.0
351,265,213,34,46,32492.0
352,266,214,34,46,32552.0
352,266,214,34,46,32612.0
354,267,214,35,47,32672.0
355,268,215,35,47,32732.0
355,268,215,35,47,32792.0
357,269,216,35,47,32852.0
358,270,217,35,47,32912.0
358,270,217,35,47,32972.0
360,271,217,36,48,33032.0
360,271,217,36,48,33092.0
362,272,218,36,48,33152.0
363,273,219,36,48,33212.0
364,274,220,36,48,33272.0
365,275,220,37,49,33332.0
366,276,221,37,49,33392.0
367,277,222,37,49,33452.0
368,278,223,37,49,33512.0
368,278,223,37,49,33572.0
370,279,224,37,49,33632.0
371,280,225,37,49,33692.0
372,281,226,37,49,33752.0
373,282,226,38,50,33812.0
374,283,227,38,50,33872.0
375,284,227,39,51,33932.0
376,285,228,39,51,33992.0
376,285,228,39,51,34052.0
378,286,229,39,51,34112.0
379,287,230,39,51,34172.0
380,288,231,39,51,34232.0
380,288,231,39,51,34292.0
380,288,231,39,51,34352.0
383,289,232,39,51,34412.0
383,289,232,39,51,34472.0
385,290,233,39,51,34532.0
386,291,233,40,52,34592.0
387,292,234,40,52,34652.0
388,293,234,40,52,34712.0
389,294,235,40,52,34772.0
390,295,236,40,52,34832.0
391,296,237,40,52,34892.0
392,297,237,41,53,34952.0
393,298,238,41,53,35012.0
393,298,238,41,53,35072.0
395,299,239,41,53,35132.0
396,300,239,42,54,35192.0
396,300,239,42,54,35252.0
396,300,239,42,54,35312.0
399,301,240,42,54,35372.0
400,302,240,43,55,35432.0
400,302,240,43,55,35492.0
402,303,241,43,55,35552.0
403,304,241,44,56,35612.0
403,304,241,44,56,35672.0
405,305,242,44,56,35732.0
406,306,242,45,57,35792.0
407,307,242,45,58,35852.0
408,308,242,45,59,35912.0
409,309,243,45,59,35972.0
409,309,243,45,59,36032.0
411,310,244,45,59,36092.0
412,311,245,45,59,36152.0
412,311,245,45,59,36212.0
414,312,246,45,59,36272.0
415,313,247,45,59,36332.0
415,313,247,45,59,36392.0
417,314,248,45,59,36452.0
418,315,249,45,59,36512.0
418,315,249,45,59,36572.0
418,315,249,45,59,36632.0
421,316,250,45,59,36692.0
422,317,250,46,60,36752.0
423,318,251,46,60,36812.0
423,318,251,46,60,36872.0
425,319,252,46,60,36932.0
426,320,253,46,60,36992.0
427,321,254,46,60,37052.0
428,322,255,46,60,37112.0
428,322,255,46,60,37172.0
428,322,255,46,60,37232.0
428,322,255,46,60,37292.0
428,322,255,46,60,37352.0
433,323,255,46,60,37412.0
434,324,256,46,60,37472.0
435,325,256,47,61,37532.0
435,325,256,47,61,37592.0
437,326,256,47,62,37652.0
437,326,256,47,62,37712.0
439,327,257,47,62,37772.0
440,328,257,48,63,37832.0
440,328,257,48,63,37892.0
440,328,257,48,63,37952.0
443,329,258,48,63,38012.0
443,329,258,48,63,38072.0
445,330,259,48,63,38132.0
445,330,259,48,63,38192.0
447,331,259,49,64,38252.0
448,332,260,49,64,38312.0
449,333,261,49,64,38372.0
449,333,261,49,64,38432.0
451,334,261,50,65,38492.0
452,335,262,50,65,38552.0
453,336,262,51,66,38612.0
453,336,262,51,66,38672.0
453,336,262,51,66,38732.0
456,337,263,51,66,38792.0
457,338,264,51,66,38852.0
457,338,264,51,66,38912.0
459,339,265,51,66,38972.0
460,340,266,51,66,39032.0
461,341,266,52,67,39092.0
461,341,266,52,67,39152.0
461,341,266,52,67,39212.0
464,342,267,52,67,39272.0
465,343,267,53,68,39332.0
466,344,268,53,68,39392.0
467,345,268,54,69,39452.0
467,345,268,54,69,39512.0
467,345,268,54,69,39572.0
470,346,269,54,69,39632.0
471,347,270,54,69,39692.0
472,348,271,54,69,39752.0
473,349,272,54,69,39812.0
474,350,273,54,69,39872.0
475,351,274,54,69,39932.0
476,352,275,54,69,39992.0
477,353,276,54,69,40052.0
478,354,276,55,70,40112.0
479,355,277,55,70,40172.0
479,355,277,55,70,40232.0
481,356,278,55,70,40292.0
482,357,279,55,70,40352.0
483,358,280,55,70,40412.0
483,358,280,55,70,40472.0
483,358,280,55,70,40532.0
486,359,281,55,70,40592.0
486,359,281,55,70,40652.0
486,359,281,55,70,40712.0
486,359,281,55,70,40772.0
490,360,282,55,70,40832.0
491,361,283,55,70,40892.0
492,362,284,55,70,40952.0
492,362,284,55,70,41012.0
494,363,285,55,70,41072.0
495,364,286,55,70,41132.0
495,364,286,55,70,41192.0
497,365,287,55,70,41252.0
498,366,287,56,71,41312.0
498,366,287,56,71,41372.0
500,367,288,56,71,41432.0
501,368,289,56,71,41492.0
501,368,289,56,71,41552.0
503,369,290,56,71,41612.0
503,369,290,56,71,41672.0
505,370,291,56,71,41732.0
506,371,292,56,71,41792.0
507,372,292,57,72,41852.0
507,372,292,57,72,41912.0
509,373,293,57,72,41972.0
510,374,294,57,72,42032.0
511,375,295,57,72,42092.0
512,376,295,58,73,42152.0
513,377,296,58,73,42212.0
514,378,297,58,73,42272.0
514,378,297,58,73,42332.0
516,379,298,58,73,42392.0
516,379,298,58,73,42452.0
518,380,299,58,73,42512.0
519,381,299,59,74,42572.0
519,381,299,59,74,42632.0
519,381,299,59,74,42692.0
519,381,299,59,74,42752.0
523,382,300,59,74,42812.0
523,382,300,59,74,42872.0
525,383,301,59,74,42932.0
525,383,301,59,74,42992.0
527,384,302,59,74,43052.0
528,385,303,59,74,43112.0
528,385,303,59,74,43172.0
530,386,304,59,74,43232.0
530,386,304,59,74,43292.0
532,387,305,59,74,43352.0
533,388,306,59,74,43412.0
533,388,306,59,74,43472.0
533,388,306,59,74,43532.0
536,389,307,59,74,43592.0
537,390,308,59,74,43652.0
537,390,308,59,74,43712.0
537,390,308,59,74,43772.0
540,391,309,59,74,43832.0
541,392,310,59,74,43892.0
542,393,311,59,74,43952.0
543,394,312,59,74,44012.0
543,394,312,59,74,44072.0
543,394,312,59,74,44132.0
546,395,313,59,74,44192.0
546,395,313,59,74,44252.0
548,396,314,59,74,44312.0
549,397,315,59,74,44372.0
550,398,315,60,75,44432.0
551,399,316,60,75,44492.0
552,400,317,60,75,44552.0
553,401,318,60,75,44612.0
553,401,318,60,75,44672.0
555,402,319,60,75,44732.0
555,402,319,60,75,44792.0
557,403,320,60,75,44852.0
557,403,320,60,75,44912.0
557,403,320,60,75,44972.0
560,404,321,60,75,45032.0
560,404,321,60,75,45092.0
562,405,322,60,75,45152.0
562,405,322,60,75,45212.0
564,406,322,61,76,45272.0
565,407,323,61,76,45332.0
566,408,323,62,77,45392.0
567,409,324,62,77,45452.0
568,410,324,63,78,45512.0
568,410,324,63,78,45572.0
570,411,325,63,78,45632.0
571,412,325,64,79,45692.0
572,413,325,64,80,45752.0
573,414,326,64,80,45812.0
574,415,327,64,80,45872.0
575,416,327,65,81,45932.0
575,416,327,65,81,45992.0
577,417,328,65,81,46052.0
577,417,328,65,81,46112.0
577,417,328,65,81,46172.0
577,417,328,65,81,46232.0
581,418,329,65,81,46292.0
582,419,330,65,81,46352.0
582,419,330,65,81,46412.0
584,420,331,65,81,46472.0
584,420,331,65,81,46532.0
586,421,332,65,81,46592.0
586,421,332,65,81,46652.0
586,421,332,65,81,46712.0
589,422,333,65,81,46772.0
590,423,333,66,82,46832.0
591,424,333,66,83,46892.0
592,425,334,66,83,46952.0
593,426,334,67,84,47012.0
594,427,334,67,85,47072.0
594,427,334,67,85,47132.0
596,428,335,67,85,47192.0
597,429,336,67,85,47252.0
598,430,336,68,86,47312.0
599,431,337,68,86,47372.0
600,432,338,68,86,47432.0
601,433,339,68,86,47492.0
601,433,339,68,86,47552.0
603,434,340,68,86,47612.0
604,435,340,69,87,47672.0
605,436,341,69,87,47732.0
606,437,342,69,87,47792.0
607,438,343,69,87,47852.0
608,439,343,70,88,47912.0
609,440,344,70,88,47972.0
610,441,345,70,88,48032.0
611,442,346,70,88,48092.0
612,443,347,70,88,48152.0
613,444,347,71,89,48212.0
613,444,347,71,89,48272.0
615,445,348,71,89,48332.0
615,445,348,71,89,48392.0
617,446,349,71,89,48452.0
618,447,350,71,89,48512.0
619,448,351,71,89,48572.0
620,449,352,71,89,48632.0
621,450,352,72,90,48692.0
622,451,352,72,91,48752.0
623,452,352,72,92,48812.0
623,452,352,72,92,48872.0
625,453,353,72,92,48932.0
625,453,353,72,92,48992.0
625,453,353,72,92,49052.0
628,454,354,72,92,49112.0
628,454,354,72,92,49172.0
628,454,354,72,92,49232.0
628,454,354,72,92,49292.0
628,454,354,72,92,49352.0
633,455,354,72,92,49412.0
634,456,355,72,92,49472.0
635,457,356,72,92,49532.0
636,458,357,72,92,49592.0
637,459,358,72,92,49652.0
638,460,359,72,92,49712.0
639,461,360,72,92,49772.0
640,462,360,73,93,49832.0
641,463,360,73,94,49892.0
641,463,360,73,94,49952.0
643,464,361,73,94,50012.0
644,465,362,73,94,50072.0
645,466,362,74,95,50132.0
645,466,362,74,95,50192.0
647,467,363,74,95,50252.0
647,467,363,74,95,50312.0
649,468,364,74,95,50372.0
650,469,365,74,95,50432.0
650,469,365,74,95,50492.0
650,469,365,74,95,50552.0
653,470,366,74,95,50612.0
654,471,367,74,95,50672.0
655,472,367,75,96,50732.0
655,472,367,75,96,50792.0
657,473,367,75,97,50852.0
658,474,368,75,97,50912.0
659,475,369,75,97,50972.0
659,475,369,75,97,51032.0
661,476,370,75,97,51092.0
662,477,371,75,97,51152.0
662,477,371,75,97,51212.0
664,478,372,75,97,51272.0
664,478,372,75,97,51332.0
664,478,372,75,97,51392.0
667,479,373,75,97,51452.0
668,480,374,75,97,51512.0
669,481,375,75,97,51572.0
670,482,376,75,97,51632.0
671,483,376,76,98,51692.0
671,483,376,76,98,51752.0
673,484,377,76,98,51812.0
674,485,377,77,99,51872.0
675,486,377,77,100,51932.0
676,487,377,77,100,51992.0
677,488,378,77,100,52052.0
678,489,378,78,101,52112.0
679,490,379,78,101,52172.0
680,491,380,78,101,52232.0
681,492,380,79,102,52292.0
682,493,381,79,102,52352.0
682,493,381,79,102,52412.0
684,494,382,79,102,52472.0
685,495,383,79,102,52532.0
685,495,383,79,102,52592.0
685,495,383,79,102,52652.0
685,495,383,79,102,52712.0
689,496,384,79,102,52772.0
689,496,384,79,102,52832.0
691,497,385,79,102,52892.0
692,498,385,80,103,52952.0
693,499,386,80,103,53012.0
694,500,386,81,104,53072.0
694,500,386,81,104,53132.0
696,501,387,81,104,53192.0
697,502,387,82,105,53252.0
698,503,387,82,106,53312.0
699,504,388,82,106,53372.0
700,505,388,83,107,53432.0
701,506,389,83,107,53492.0
702,507,390,83,107,53552.0
703,508,391,83,107,53612.0
704,509,392,83,107,53672.0
705,510,393,83,107,53732.0
706,511,393,84,108,53792.0
706,511,393,84,108,53852.0
706,511,393,84,108,53912.0
709,512,394,84,108,53972.0
710,513,394,85,109,54032.0
710,513,394,85,109,54092.0
712,514,395,85,109,54152.0
712,514,395,85,109,54212.0
712,514,395,85,109,54272.0
715,515,396,85,109,54332.0
716,516,396,86,110,54392.0
717,517,397,86,110,54452.0
717,517,397,86,110,54512.0
717,517,397,86,110,54572.0
720,518,398,86,110,54632.0
721,519,399,86,110,54692.0
721,519,399,86,110,54752.0
723,520,400,86,110,54812.0
724,521,401,86,110,54872.0
725,522,402,86,110,54932.0
726,523,403,86,110,54992.0
727,524,403,87,111,55052.0
728,525,404,87,111,55112.0
728,525,404,87,111,55172.0
730,526,405,87,111,55232.0
731,527,406,87,111,55292.0
732,528,407,87,111,55352.0
733,529,407,88,112,55412.0
734,530,408,88,112,55472.0
735,531,408,89,113,55532.0
735,531,408,89,113,55592.0
735,531,408,89,113,55652.0
735,531,408,89,113,55712.0
739,532,409,89,113,55772.0
740,533,410,89,113,55832.0
741,534,410,90,114,55892.0
742,535,411,90,114,55952.0
743,536,411,91,115,56012.0
743,536,411,91,115,56072.0
745,537,412,91,115,56132.0
746,538,413,91,115,56192.0
747,539,413,92,116,56252.0
748,540,413,92,117,56312.0
749,541,414,92,117,56372.0
749,541,414,92,117,56432.0
751,542,415,92,117,56492.0
752,543,416,92,117,56552.0
753,544,417,92,117,56612.0
754,545,418,92,117,56672.0
755,546,418,93,118,56732.0
756,547,419,93,118,56792.0
757,548,419,94,119,56852.0
758,549,420,94,119,56912.0
759,550,421,94,119,56972.0
760,551,422,94,119,57032.0
761,552,423,94,119,57092.0
762,553,423,95,120,57152.0
763,554,424,95,120,57212.0
763,554,424,95,120,57272.0
765,555,425,95,120,57332.0
766,556,425,96,121,57392.0
767,557,426,96,121,57452.0
768,558,427,96,121,57512.0
769,559,427,97,122,57572.0
770,560,427,97,123,57632.0
771,561,428,97,123,57692.0
772,562,428,98,124,57752.0
772,562,428,98,124,57812.0
774,563,428,98,125,57872.0
775,564,429,98,125,57932.0
776,565,430,98,125,57992.0
776,565,430,98,125,58052.0
778,566,431,98,125,58112.0
779,567,432,98,125,58172.0
780,568,433,98,125,58232.0
781,569,434,98,125,58292.0
781,569,434,98,125,58352.0
781,569,434,98,125,58412.0
784,570,435,98,125,58472.0
784,570,435,98,125,58532.0
786,571,436,98,125,58592.0
786,571,436,98,125,58652.0
788,572,437,98,125,58712.0
788,572,437,98,125,58772.0
790,573,438,98,125,58832.0
790,573,438,98,125,58892.0
792,574,439,98,125,58952.0
792,574,439,98,125,59012.0
794,575,440,98,125,59072.0
795,576,441,98,125,59132.0
795,576,441,98,125,59192.0
797,577,442,98,125,59252.0
798,578,442,99,126,59312.0
799,579,443,99,126,59372.0
799,579,443,99,126,59432.0
801,580,444,99,126,59492.0
802,581,445,99,126,59552.0
803,582,446,99,126,59612.0
803,582,446,99,126,59672.0
803,582,446,99,126,59732.0
803,582,446,99,126,59792.0
807,583,447,99,126,59852.0
808,584,448,99,126,59912.0
809,585,449,99,126,59972.0
810,586,450,99,126,60032.0
811,587,450,100,127,60092.0
811,587,450,100,127,60152.0
813,588,451,100,127,60212.0
813,588,451,100,127,60272.0
815,589,451,101,128,60332.0
816,590,452,101,128,60392.0
817,591,453,101,128,60452.0
818,592,454,101,128,60512.0
819,593,454,102,129,60572.0
820,594,454,102,130,60632.0
821,595,455,102,130,60692.0
821,595,455,102,130,60752.0
821,595,455,102,130,60812.0
824,596,456,102,130,60872.0
825,597,457,102,130,60932.0
826,598,458,102,130,60992.0
826,598,458,102,130,61052.0
828,599,459,102,130,61112.0
829,600,460,102,130,61172.0
829,600,460,102,130,61232.0
831,601,461,102,130,61292.0
832,602,462,102,130,61352.0
833,603,463,102,130,61412.0
834,604,464,102,130,61472.0
834,604,464,102,130,61532.0
836,605,465,102,130,61592.0
836,605,465,102,130,61652.0
836,605,465,102,130,61712.0
839,606,466,102,130,61772.0
840,607,466,103,131,61832.0
841,608,467,103,131,61892.0
842,609,467,104,132,61952.0
843,610,467,104,133,62012.0
843,610,467,104,133,62072.0
845,611,468,104,133,62132.0
846,612,468,105,134,62192.0
846,612,468,105,134,62252.0
846,612,468,105,134,62312.0
849,613,469,105,134,62372.0
850,614,470,105,134,62432.0
851,615,470,106,135,62492.0
852,616,470,106,136,62552.0
852,616,470,106,136,62612.0
852,616,470,106,136,62672.0
852,616,470,106,136,62732.0
852,616,470,106,136,62792.0
857,617,471,106,136,62852.0
858,618,472,106,136,62912.0
858,618,472,106,136,62972.0
860,619,473,106,136,63032.0
861,620,474,106,136,63092.0
862,621,475,106,136,63152.0
862,621,475,106,136,63212.0
864,622,476,106,136,63272.0
865,623,477,106,136,63332.0
866,624,478,106,136,63392.0
867,625,479,106,136,63452.0
868,626,480,106,136,63512.0
869,627,481,106,136,63572.0
869,627,481,106,136,63632.0
871,628,482,106,136,63692.0
872,629,483,106,136,63752.0
873,630,483,107,137,63812.0
873,630,483,107,137,63872.0
875,631,484,107,137,63932.0
875,631,484,107,137,63992.0
875,631,484,107,137,64052.0
878,632,485,107,137,64112.0
878,632,485,107,137,64172.0
878,632,485,107,137,64232.0
881,633,486,107,137,64292.0
882,634,486,108,138,64352.0
882,634,486,108,138,64412.0
884,635,487,108,138,64472.0
884,635,487,108,138,64532.0
886,636,488,108,138,64592.0
886,636,488,108,138,64652.0
886,636,488,108,138,64712.0
889,637,489,108,138,64772.0
889,637,489,108,138,64832.0
891,638,490,108,138,64892.0
892,639,490,109,139,64952.0
893,640,491,109,139,65012.0
894,641,492,109,139,65072.0
895,642,492,110,140,65132.0
895,642,492,110,140,65192.0
897,643,493,110,140,65252.0
898,644,493,111,141,65312.0
898,644,493,111,141,65372.0
898,644,493,111,141,65432.0
901,645,494,111,141,65492.0
902,646,495,111,141,65552.0
902,646,495,111,141,65612.0
904,647,496,111,141,65672.0
904,647,496,111,141,65732.0
906,648,497,111,141,65792.0
907,649,497,112,142,65852.0
908,650,498,112,142,65912.0
908,650,498,112,142,65972.0
908,650,498,112,142,66032.0
911,651,499,112,142,66092.0
911,651,499,112,142,66152.0
913,652,500,112,142,66212.0
913,652,500,112,142,66272.0
915,653,501,112,142,66332.0
916,654,502,112,142,66392.0
917,655,503,112,142,66452.0
917,655,503,112,142,66512.0
917,655,503,112,142,66572.0
920,656,504,112,142,66632.0
921,657,505,112,142,66692.0
922,658,506,112,142,66752.0
923,659,506,113,143,66812.0
924,660,507,113,143,66872.0
924,660,507,113,143,66932.0
924,660,507,113,143,66992.0
927,661,508,113,143,67052.0
927,661,508,113,143,67112.0
929,662,509,113,143,67172.0
930,663,509,114,144,67232.0
931,664,509,114,145,67292.0
932,665,510,114,145,67352.0
933,666,510,115,146,67412.0
934,667,511,115,146,67472.0
935,668,512,115,146,67532.0
936,669,513,115,146,67592.0
937,670,513,116,147,67652.0
937,670,513,116,147,67712.0
939,671,514,116,147,67772.0
940,672,515,116,147,67832.0
941,673,516,116,147,67892.0
941,673,516,116,147,67952.0
941,673,516,116,147,68012.0
944,674,517,116,147,68072.0
945,675,518,116,147,68132.0
945,675,518,116,147,68192.0
947,676,519,116,147,68252.0
947,676,519,116,147,68312.0
947,676,519,116,147,68372.0
950,677,520,116,147,68432.0
951,678,520,117,148,68492.0
951,678,520,117,148,68552.0
951,678,520,117,148,68612.0
954,679,521,117,148,68672.0
954,679,521,117,148,68732.0
956,680,522,117,148,68792.0
957,681,522,118,149,68852.0
958,682,523,118,149,68912.0
959,683,524,118,149,68972.0
960,684,525,118,149,69032.0
960,684,525,118,149,69092.0
962,685,525,118,149,69152.0
963,686,526,118,149,69212.0
964,687,526,119,150,69272.0
964,687,526,119,150,69332.0
964,687,526,119,150,69392.0
967,688,527,119,150,69452.0
968,689,528,119,150,69512.0
969,690,529,119,150,69572.0
970,691,530,119,150,69632.0
971,692,530,120,151,69692.0
972,693,530,120,152,69752.0
973,694,531,120,152,69812.0
973,694,531,120,152,69872.0
973,694,531,120,152,69932.0
973,694,531,120,152,69992.0
977,695,532,120,152,70052.0
977,695,532,120,152,70112.0
979,696,533,120,152,70172.0
979,696,533,120,152,70232.0
981,697,534,120,152,70292.0
981,697,534,120,152,70352.0
983,698,534,121,153,70412.0
984,699,535,121,153,70472.0
985,700,536,121,153,70532.0
986,701,537,121,153,70592.0
986,701,537,121,153,70652.0
988,702,538,121,153,70712.0
989,703,538,122,154,70772.0
990,704,539,122,154,70832.0
991,705,539,123,155,70892.0
992,706,540,123,155,70952.0
993,707,541,123,155,71012.0
994,708,542,123,155,71072.0
994,708,542,123,155,71132.0
996,709,543,123,155,71192.0
997,710,544,123,155,71252.0
997,710,544,123,155,71312.0
999,711,545,123,155,71372.0
1000,712,546,123,155,71432.0
1001,713,546,124,156,71492.0
1002,714,547,124,156,71552.0
1002,714,547,124,156,71612.0
1002,714,547,124,156,71672.0
1002,714,547,124,156,71732.0
1002,714,547,124,156,71792.0
1007,715,547,124,156,71852.0
1008,716,548,124,156,71912.0
1009,717,548,125,157,71972.0
1010,718,548,125,158,72032.0
1010,718,548,125,158,72092.0
1012,719,549,125,158,72152.0
1013,720,549,126,159,72212.0
1014,721,550,126,159,72272.0
1015,722,551,126,159,72332.0
1016,723,552,126,159,72392.0
1017,724,553,126,159,72452.0
1018,725,554,126,159,72512.0
1019,726,555,126,159,72572.0
1020,727,556,126,159,72632.0
1021,728,557,126,159,72692.0
1021,728,557,126,159,72752.0
1021,728,557,126,159,72812.0
1024,729,558,126,159,72872.0
1025,730,558,127,160,72932.0
1026,731,558,127,161,72992.0
1027,732,559,127,161,73052.0
1028,733,559,128,162,73112.0
1028,733,559,128,162,73172.0
1030,734,560,128,162,73232.0
1031,735,560,129,163,73292.0
1032,736,561,129,163,73352.0
1033,737,561,130,164,73412.0
1034,738,561,130,165,73472.0
1035,739,561,130,166,73532.0
1035,739,561,130,166,73592.0
1037,740,562,130,166,73652.0
1038,741,563,130,166,73712.0
1039,742,564,130,166,73772.0
1039,742,564,130,166,73832.0
1041,743,565,130,166,73892.0
1042,744,565,131,167,73952.0
1042,744,565,131,167,74012.0
1044,745,566,131,167,74072.0
1045,746,567,131,167,74132.0
1046,747,568,131,167,74192.0
1046,747,568,131,167,74252.0
1048,748,569,131,167,74312.0
1049,749,570,131,167,74372.0
1049,749,570,131,167,74432.0
1051,750,570,132,168,74492.0
1052,751,571,132,168,74552.0
1052,751,571,132,168,74612.0
1054,752,572,132,168,74672.0
1055,753,573,132,168,74732.0
1055,753,573,132,168,74792.0
1055,753,573,132,168,74852.0
1058,754,574,132,168,74912.0
1059,755,574,133,169,74972.0
1060,756,575,133,169,75032.0
1061,757,576,133,169,75092.0
1061,757,576,133,169,75152.0
1063,758,577,133,169,75212.0
1063,758,577,133,169,75272.0
1065,759,578,133,169,75332.0
1066,760,579,133,169,75392.0
1067,761,580,133,169,75452.0
1067,761,580,133,169,75512.0
1069,762,581,133,169,75572.0
1070,763,582,133,169,75632.0
1071,764,582,134,170,75692.0
1072,765,582,134,171,75752.0
1072,765,582,134,171,75812.0
1074,766,583,134,171,75872.0
1074,766,583,134,171,75932.0
1076,767,584,134,171,75992.0
1076,767,584,134,171,76052.0
1078,768,585,134,171,76112.0
1079,769,586,134,171,76172.0
1080,770,587,134,171,76232.0
1081,771,587,135,172,76292.0
1082,772,588,135,172,76352.0
1082,772,588,135,172,76412.0
1084,773,589,135,172,76472.0
1084,773,589,135,172,76532.0
1084,773,589,135,172,76592.0
1087,774,590,135,172,76652.0
1088,775,591,135,172,76712.0
1089,776,591,136,173,76772.0
1090,777,591,136,174,76832.0
1091,778,591,136,175,76892.0
1092,779,592,136,175,76952.0
1092,779,592,136,175,77012.0
1092,779,592,136,175,77072.0
1095,780,593,136,175,77132.0
1096,781,594,136,175,77192.0
1097,782,594,137,176,77252.0
1098,783,595,137,176,77312.0
1099,784,596,137,176,77372.0
1100,785,597,137,176,77432.0
1100,785,597,137,176,77492.0
1102,786,598,137,176,77552.0
1103,787,598,138,177,77612.0
1103,787,598,138,177,77672.0
1103,787,598,138,177,77732.0
1106,788,599,138,177,77792.0
1106,788,599,138,177,77852.0
1108,789,600,138,177,77912.0
1108,789,600,138,177,77972.0
1110,790,601,138,177,78032.0
1111,791,601,139,178,78092.0
1112,792,602,139,178,78152.0
1113,793,602,140,179,78212.0
1114,794,603,140,179,78272.0
1115,795,604,140,179,78332.0
1116,796,605,140,179,78392.0
1117,797,606,140,179,78452.0
1118,798,607,140,179,78512.0
1118,798,607,140,179,78572.0
1120,799,608,140,179,78632.0
1121,800,609,140,179,78692.0
1122,801,610,140,179,78752.0
1122,801,610,140,179,78812.0
1124,802,611,140,179,78872.0
1124,802,611,140,179,78932.0
1124,802,611,140,179,78992.0
1127,803,612,140,179,79052.0
1127,803,612,140,179,79112.0
1127,803,612,140,179,79172.0
1127,803,612,140,179,79232.0
1131,804,613,140,179,79292.0
1131,804,613,140,179,79352.0
1133,805,614,140,179,79412.0
1134,806,615,140,179,79472.0
1134,806,615,140,179,79532.0
1134,806,615,140,179,79592.0
1137,807,616,140,179,79652.0
1138,808,617,140,179,79712.0
1138,808,617,140,179,79772.0
1140,809,618,140,179,79832.0
1141,810,619,140,179,79892.0
1142,811,620,140,179,79952.0
1143,812,621,140,179,80012.0
1144,813,621,141,180,80072.0
1145,814,622,141,180,80132.0
1146,815,623,141,180,80192.0
1147,816,623,142,181,80252.0
1147,816,623,142,181,80312.0
1147,816,623,142,181,80372.0
1150,817,624,142,181,80432.0
1151,818,625,142,181,80492.0
1152,819,625,143,182,80552.0
1153,820,626,143,182,80612.0
1154,821,627,143,182,80672.0
1154,821,627,143,182,80732.0
1156,822,628,143,182,80792.0
1157,823,629,143,182,80852.0
1158,824,629,144,183,80912.0
1159,825,629,144,184,80972.0
1160,826,630,144,184,81032.0
1160,826,630,144,184,81092.0
1160,826,630,144,184,81152.0
1163,827,631,144,184,81212.0
1163,827,631,144,184,81272.0
1165,828,632,144,184,81332.0
1165,828,632,144,184,81392.0
1167,829,633,144,184,81452.0
1168,830,633,145,185,81512.0
1169,831,634,145,185,81572.0
1170,832,635,145,185,81632.0
1171,833,635,146,186,81692.0
1171,833,635,146,186,81752.0
1171,833,635,146,186,81812.0
1174,834,636,146,186,81872.0
1174,834,636,146,186,81932.0
1176,835,637,146,186,81992.0
1177,836,638,146,186,82052.0
1178,837,638,147,187,82112.0
1179,838,639,147,187,82172.0
1180,839,640,147,187,82232.0
1181,840,641,147,187,82292.0
1182,841,642,147,187,82352.0
1182,841,642,147,187,82412.0
1184,842,642,148,188,82472.0
1185,843,643,148,188,82532.0
1186,844,644,148,188,82592.0
1187,845,645,148,188,82652.0
1188,846,646,148,188,82712.0
1189,847,647,148,188,82772.0
1190,848,647,149,189,82832.0
1191,849,648,149,189,82892.0
1192,850,648,150,190,82952.0
1193,851,648,150,191,83012.0
1194,852,648,150,192,83072.0
1195,853,649,150,192,83132.0
1196,854,649,151,193,83192.0
1197,855,649,151,194,83252.0
1197,855,649,151,194,83312.0
1199,856,650,151,194,83372.0
1200,857,650,152,195,83432.0
1201,858,651,152,195,83492.0
1202,859,652,152,195,83552.0
1203,860,653,152,195,83612.0
1204,861,654,152,195,83672.0
1205,862,655,152,195,83732.0
1206,863,656,152,195,83792.0
1206,863,656,152,195,83852.0
1208,864,656,153,196,83912.0
1208,864,656,153,196,83972.0
1208,864,656,153,196,84032.0
1211,865,657,153,196,84092.0
1212,866,658,153,196,84152.0
1212,866,658,153,196,84212.0
1214,867,659,153,196,84272.0
1215,868,660,153,196,84332.0
1216,869,661,153,196,84392.0
1216,869,661,153,196,84452.0
1218,870,662,153,196,84512.0
1218,870,662,153,196,84572.0
1220,871,663,153,196,84632.0
1220,871,663,153,196,84692.0
1222,872,663,154,197,84752.0
1222,872,663,154,197,84812.0
1224,873,664,154,197,84872.0
1225,874,665,154,197,84932.0
1226,875,666,154,197,84992.0
1227,876,666,155,198,85052.0
1228,877,667,155,198,85112.0
1229,878,667,156,199,85172.0
1229,878,667,156,199,85232.0
1231,879,668,156,199,85292.0
1232,880,669,156,199,85352.0
1233,881,670,156,199,85412.0
1234,882,671,156,199,85472.0
1235,883,672,156,199,85532.0
1235,883,672,156,199,85592.0
1237,884,673,156,199,85652.0
1237,884,673,156,199,85712.0
1239,885,674,156,199,85772.0
1239,885,674,156,199,85832.0
1241,886,675,156,199,85892.0
1241,886,675,156,199,85952.0
1243,887,676,156,199,86012.0
1244,888,677,156,199,86072.0
1245,889,678,156,199,86132.0
1246,890,679,156,199,86192.0
1247,891,680,156,199,86252.0
1248,892,681,156,199,86312.0
1248,892,681,156,199,86372.0
1250,893,682,156,199,86432.0
1251,894,683,156,199,86492.0
1252,895,683,157,200,86552.0
1253,896,684,157,200,86612.0
1253,896,684,157,200,86672.0
1255,897,685,157,200,86732.0
1256,898,686,157,200,86792.0
1256,898,686,157,200,86852.0
1258,899,687,157,200,86912.0
1259,900,688,157,200,86972.0
1260,901,689,157,200,87032.0
1260,901,689,157,200,87092.0
1262,902,690,157,200,87152.0
1262,902,690,157,200,87212.0
1264,903,691,157,200,87272.0
1265,904,692,157,200,87332.0
1266,905,692,158,201,87392.0
1267,906,693,158,201,87452.0
1268,907,694,158,201,87512.0
1268,907,694,158,201,87572.0
1270,908,695,158,201,87632.0
1271,909,696,158,201,87692.0
1272,910,696,159,202,87752.0
1273,911,697,159,202,87812.0
1274,912,698,159,202,87872.0
1275,913,699,159,202,87932.0
1275,913,699,159,202,87992.0
1275,913,699,159,202,88052.0
1278,914,699,160,203,88112.0
1278,914,699,160,203,88172.0
1280,915,700,160,203,88232.0
1280,915,700,160,203,88292.0
1280,915,700,160,203,88352.0
1283,916,701,160,203,88412.0
1284,917,702,160,203,88472.0
1285,918,702,161,204,88532.0
1286,919,703,161,204,88592.0
1287,920,703,162,205,88652.0
1287,920,703,162,205,88712.0
1289,921,704,162,205,88772.0
1290,922,704,163,206,88832.0
1290,922,704,163,206,88892.0
1290,922,704,163,206,88952.0
1293,923,705,163,206,89012.0
1294,924,706,163,206,89072.0
1295,925,706,164,207,89132.0
1295,925,706,164,207,89192.0
1297,926,707,164,207,89252.0
1298,927,708,164,207,89312.0
1299,928,709,164,207,89372.0
1300,929,710,164,207,89432.0
1301,930,710,165,208,89492.0
1301,930,710,165,208,89552.0
1303,931,710,165,209,89612.0
1304,932,710,165,210,89672.0
1305,933,710,165,211,89732.0
1306,934,711,165,211,89792.0
1307,935,712,165,211,89852.0
1308,936,713,165,211,89912.0
1309,937,714,165,211,89972.0
1310,938,715,165,211,90032.0
1310,938,715,165,211,90092.0
1310,938,715,165,211,90152.0
1313,939,716,165,211,90212.0
1313,939,716,165,211,90272.0
1315,940,717,165,211,90332.0
1316,941,718,165,211,90392.0
1316,941,718,165,211,90452.0
1318,942,719,165,211,90512.0
1319,943,719,166,212,90572.0
1319,943,719,166,212,90632.0
1321,944,720,166,212,90692.0
1322,945,720,167,213,90752.0
1323,946,721,167,213,90812.0
1324,947,722,167,213,90872.0
1324,947,722,167,213,90932.0
1326,948,723,167,213,90992.0
1327,949,724,167,213,91052.0
1328,950,725,167,213,91112.0
1328,950,725,167,213,91172.0
1328,950,725,167,213,91232.0
1328,950,725,167,213,91292.0
1332,951,726,167,213,91352.0
1333,952,726,168,214,91412.0
1334,953,727,168,214,91472.0
1334,953,727,168,214,91532.0
1336,954,727,169,215,91592.0
1336,954,727,169,215,91652.0
1338,955,728,169,215,91712.0
1339,956,729,169,215,91772.0
1340,957,730,169,215,91832.0
1341,958,731,169,215,91892.0
1342,959,732,169,215,91952.0
1343,960,733,169,215,92012.0
1344,961,734,169,215,92072.0
1344,961,734,169,215,92132.0
1346,962,735,169,215,92192.0
1346,962,735,169,215,92252.0
1346,962,735,169,215,92312.0
1349,963,736,169,215,92372.0
1349,963,736,169,215,92432.0
1349,963,736,169,215,92492.0
1352,964,736,170,216,92552.0
1352,964,736,170,216,92612.0
1354,965,737,170,216,92672.0
1355,966,738,170,216,92732.0
1356,967,739,170,216,92792.0
1356,967,739,170,216,92852.0
1356,967,739,170,216,92912.0
1359,968,740,170,216,92972.0
1360,969,741,170,216,93032.0
1360,969,741,170,216,93092.0
1360,969,741,170,216,93152.0
1363,970,742,170,216,93212.0
1363,970,742,170,216,93272.0
1365,971,743,170,216,93332.0
1366,972,744,170,216,93392.0
1367,973,745,170,216,93452.0
1368,974,746,170,216,93512.0
1368,974,746,170,216,93572.0
1370,975,747,170,216,93632.0
1370,975,747,170,216,93692.0
1372,976,748,170,216,93752.0
1373,977,749,170,216,93812.0
1374,978,750,170,216,93872.0
1374,978,750,170,216,93932.0
1374,978,750,170,216,93992.0
1377,979,751,170,216,94052.0
1377,979,751,170,216,94112.0
1377,979,751,170,216,94172.0
1380,980,752,170,216,94232.0
1381,981,753,170,216,94292.0
1382,982,754,170,216,94352.0
1383,983,754,171,217,94412.0
1383,983,754,171,217,94472.0
1385,984,754,171,218,94532.0
1386,985,754,171,219,94592.0
1386,985,754,171,219,94652.0
1388,986,754,171,220,94712.0
1389,987,755,171,220,94772.0
1390,988,756,171,220,94832.0
1391,989,756,172,221,94892.0
1391,989,756,172,221,94952.0
1393,990,757,172,221,95012.0
1394,991,758,172,221,95072.0
1395,992,759,172,221,95132.0
1395,992,759,172,221,95192.0
1397,993,760,172,221,95252.0
1397,993,760,172,221,95312.0
1397,993,760,172,221,95372.0
1400,994,761,172,221,95432.0
1400,994,761,172,221,95492.0
1400,994,761,172,221,95552.0
1400,994,761,172,221,95612.0
1404,995,762,172,221,95672.0
1404,995,762,172,221,95732.0
1406,996,763,172,221,95792.0
1407,997,763,173,222,95852.0
1407,997,763,173,222,95912.0
1409,998,764,173,222,95972.0
1409,998,764,173,222,96032.0
1409,998,764,173,222,96092.0
1409,998,764,173,222,96152.0
1413,999,765,173,222,96212.0
1414,1000,766,173,222,96272.0
1414,1000,766,173,222,96332.0
1414,1000,766,173,222,96392.0
1414,1000,766,173,222,96452.0
1418,1001,767,173,222,96512.0
1419,1002,768,173,222,96572.0
1419,1002,768,173,222,96632.0
1419,1002,768,173,222,96692.0
1422,1003,769,173,222,96752.0
1423,1004,770,173,222,96812.0
1423,1004,770,173,222,96872.0
1425,1005,771,173,222,96932.0
1426,1006,772,173,222,96992.0
1427,1007,773,173,222,97052.0
1427,1007,773,173,222,97112.0
1429,1008,774,173,222,97172.0
1429,1008,774,173,222,97232.0
1431,1009,775,173,222,97292.0
1431,1009,775,173,222,97352.0
1433,1010,776,173,222,97412.0
1433,1010,776,173,222,97472.0
1435,1011,777,173,222,97532.0
1436,1012,778,173,222,97592.0
1437,1013,779,173,222,97652.0
1438,1014,780,173,222,97712.0
1439,1015,780,174,223,97772.0
1440,1016,781,174,223,97832.0
1441,1017,781,175,224,97892.0
1442,1018,782,175,224,97952.0
1442,1018,782,175,224,98012.0
1444,1019,783,175,224,98072.0
1445,1020,784,175,224,98132.0
1446,1021,784,176,225,98192.0
1446,1021,784,176,225,98252.0
1446,1021,784,176,225,98312.0
1449,1022,785,176,225,98372.0
1450,1023,785,177,226,98432.0
1451,1024,785,177,227,98492.0
1452,1025,785,177,228,98552.0
1453,1026,786,177,228,98612.0
1453,1026,786,177,228,98672.0
1455,1027,786,178,229,98732.0
1456,1028,787,178,229,98792.0
1457,1029,788,178,229,98852.0
1458,1030,788,179,230,98912.0
1459,1031,789,179,230,98972.0
1459,1031,789,179,230,99032.0
1461,1032,790,179,230,99092.0
1462,1033,791,179,230,99152.0
1463,1034,792,179,230,99212.0
1464,1035,792,180,231,99272.0
1464,1035,792,180,231,99332.0
1466,1036,793,180,231,99392.0
1467,1037,794,180,231,99452.0
1468,1038,795,180,231,99512.0
1469,1039,796,180,231,99572.0
1469,1039,796,180,231,99632.0
1471,1040,797,180,231,99692.0
1472,1041,797,181,232,99752.0
1473,1042,798,181,232,99812.0
1474,1043,799,181,232,99872.0
1475,1044,800,181,232,99932.0
1476,1045,801,181,232,99992.0
1477,1046,802,181,232,100052.0
1477,1046,802,181,232,100112.0
1479,1047,803,181,232,100172.0
1480,1048,804,181,232,100232.0
1481,1049,804,182,233,100292.0
1482,1050,805,182,233,100352.0
1482,1050,805,182,233,100412.0
1484,1051,806,182,233,100472.0
1485,1052,806,183,234,100532.0
1485,1052,806,183,234,100592.0
1487,1053,807,183,234,100652.0
1488,1054,808,183,234,100712.0
1489,1055,809,183,234,100772.0
1490,1056,810,183,234,100832.0
1491,1057,810,184,235,100892.0
1491,1057,810,184,235,100952.0
1493,1058,811,184,235,101012.0
1494,1059,812,184,235,101072.0
1495,1060,813,184,235,101132.0
1496,1061,813,185,236,101192.0
1497,1062,814,185,236,101252.0
1497,1062,814,185,236,101312.0
1499,1063,815,185,236,101372.0
1500,1064,816,185,236,101432.0
1501,1065,817,185,236,101492.0
1502,1066,818,185,236,101552.0
1502,1066,818,185,236,101612.0
1504,1067,819,185,236,101672.0
1504,1067,819,185,236,101732.0
1506,1068,820,185,236,101792.0
1506,1068,820,185,236,101852.0
1508,1069,821,185,236,101912.0
1509,1070,821,186,237,101972.0
1509,1070,821,186,237,102032.0
1511,1071,822,186,237,102092.0
1512,1072,823,186,237,102152.0
1512,1072,823,186,237,102212.0
1514,1073,824,186,237,102272.0
1515,1074,825,186,237,102332.0
1515,1074,825,186,237,102392.0
1515,1074,825,186,237,102452.0
1518,1075,826,186,237,102512.0
1519,1076,826,187,238,102572.0
1520,1077,827,187,238,102632.0
1520,1077,827,187,238,102692.0
1522,1078,828,187,238,102752.0
1522,1078,828,187,238,102812.0
1524,1079,829,187,238,102872.0
1524,1079,829,187,238,102932.0
1526,1080,830,187,238,102992.0
1527,1081,831,187,238,103052.0
1527,1081,831,187,238,103112.0
1529,1082,832,187,238,103172.0
1529,1082,832,187,238,103232.0
1529,1082,832,187,238,103292.0
1532,1083,832,188,239,103352.0
1533,1084,832,188,240,103412.0
1534,1085,833,188,240,103472.0
1535,1086,834,188,240,103532.0
1536,1087,834,188,240,103592.0
1537,1088,835,188,240,103652.0
1538,1089,836,188,240,103712.0
1539,1090,837,188,240,103772.0
1539,1090,837,188,240,103832.0
1541,1091,838,188,240,103892.0
1542,1092,839,188,240,103952.0
1543,1093,840,188,240,104012.0
1543,1093,840,188,240,104072.0
1545,1094,841,188,240,104132.0
1546,1095,841,189,241,104192.0
1547,1096,842,189,241,104252.0
1548,1097,843,189,241,104312.0
1549,1098,844,189,241,104372.0
1550,1099,845,189,241,104432.0
1551,1100,846,189,241,104492.0
1552,1101,847,189,241,104552.0
1552,1101,847,189,241,104612.0
1552,1101,847,189,241,104672.0
1552,1101,847,189,241,104732.0
1556,1102,848,189,241,104792.0
1557,1103,849,189,241,104852.0
1557,1103,849,189,241,104912.0
1559,1104,850,189,241,104972.0
1559,1104,850,189,241,105032.0
1561,1105,851,189,241,105092.0
1562,1106,851,190,242,105152.0
1562,1106,851,190,242,105212.0
1564,1107,852,190,242,105272.0
1565,1108,853,190,242,105332.0
1565,1108,853,190,242,105392.0
1567,1109,854,190,242,105452.0
1568,1110,855,190,242,105512.0
1568,1110,855,190,242,105572.0
1568,1110,855,190,242,105632.0
1571,1111,856,190,242,105692.0
1572,1112,856,191,243,105752.0
1573,1113,857,191,243,105812.0
1574,1114,857,192,244,105872.0
1575,1115,858,192,244,105932.0
1576,1116,859,192,244,105992.0
1577,1117,859,193,245,106052.0
1577,1117,859,193,245,106112.0
1577,1117,859,193,245,106172.0
1580,1118,860,193,245,106232.0
1581,1119,860,194,246,106292.0
1581,1119,860,194,246,106352.0
1583,1120,861,194,246,106412.0
1584,1121,862,194,246,106472.0
1585,1122,863,194,246,106532.0
1585,1122,863,194,246,106592.0
1585,1122,863,194,246,106652.0
1588,1123,864,194,246,106712.0
1589,1124,865,194,246,106772.0
1590,1125,865,195,247,106832.0
1591,1126,866,195,247,106892.0
1592,1127,867,195,247,106952.0
1593,1128,868,195,247,107012.0
1594,1129,869,195,247,107072.0
1595,1130,869,196,248,107132.0
1596,1131,870,196,248,107192.0
1597,1132,871,196,248,107252.0
1598,1133,872,196,248,107312.0
1599,1134,872,197,249,107372.0
1600,1135,873,197,249,107432.0
1601,1136,873,198,250,107492.0
1602,1137,874,198,250,107552.0
1603,1138,874,199,251,107612.0
1603,1138,874,199,251,107672.0
1605,1139,875,199,251,107732.0
1606,1140,876,199,251,107792.0
1607,1141,877,199,251,107852.0
1608,1142,878,199,251,107912.0
1609,1143,878,200,252,107972.0
1610,1144,879,200,252,108032.0
1611,1145,880,200,252,108092.0
1612,1146,881,200,252,108152.0
1613,1147,882,200,252,108212.0
1614,1148,883,200,252,108272.0
1614,1148,883,200,252,108332.0
1616,1149,884,200,252,108392.0
1617,1150,885,200,252,108452.0
1618,1151,886,200,252,108512.0
1619,1152,886,201,253,108572.0
1619,1152,886,201,253,108632.0
1621,1153,887,201,253,108692.0
1622,1154,888,201,253,108752.0
1622,1154,888,201,253,108812.0
1624,1155,889,201,253,108872.0
1625,1156,890,201,253,108932.0
1626,1157,890,202,254,108992.0
1626,1157,890,202,254,109052.0
1628,1158,891,202,254,109112.0
1628,1158,891,202,254,109172.0
1628,1158,891,202,254,109232.0
1631,1159,892,202,254,109292.0
1631,1159,892,202,254,109352.0
1633,1160,893,202,254,109412.0
1634,1161,894,202,254,109472.0
1635,1162,895,202,254,109532.0
1636,1163,895,203,255,109592.0
1637,1164,896,203,255,109652.0
1638,1165,897,203,255,109712.0
1638,1165,897,203,255,109772.0
1640,1166,898,203,255,109832.0
1641,1167,899,203,255,109892.0
1642,1168,900,203,255,109952.0
1642,1168,900,203,255,110012.0
1644,1169,901,203,255,110072.0
1645,1170,902,203,255,110132.0
1646,1171,903,203,255,110192.0
1647,1172,904,203,255,110252.0
1648,1173,904,204,256,110312.0
1649,1174,905,204,256,110372.0
1649,1174,905,204,256,110432.0
1651,1175,906,204,256,110492.0
1652,1176,907,204,256,110552.0
1653,1177,908,204,256,110612.0
1654,1178,908,205,257,110672.0
1654,1178,908,205,257,110732.0
1654,1178,908,205,257,110792.0
1657,1179,909,205,257,110852.0
1657,1179,909,205,257,110912.0
1659,1180,909,206,258,110972.0
1660,1181,910,206,258,111032.0
1661,1182,911,206,258,111092.0
1661,1182,911,206,258,111152.0
1661,1182,911,206,258,111212.0
1664,1183,912,206,258,111272.0
1664,1183,912,206,258,111332.0
1666,1184,913,206,258,111392.0
1667,1185,914,206,258,111452.0
1668,1186,915,206,258,111512.0
1669,1187,915,207,259,111572.0
1669,1187,915,207,259,111632.0
1671,1188,916,207,259,111692.0
1671,1188,916,207,259,111752.0
1673,1189,916,208,260,111812.0
1673,1189,916,208,260,111872.0
1673,1189,916,208,260,111932.0
1676,1190,917,208,260,111992.0
1677,1191,917,209,261,112052.0
1678,1192,918,209,261,112112.0
1679,1193,919,209,261,112172.0
1680,1194,920,209,261,112232.0
1681,1195,920,210,262,112292.0
1682,1196,921,210,262,112352.0
1682,1196,921,210,262,112412.0
1684,1197,922,210,262,112472.0
1684,1197,922,210,262,112532.0
1686,1198,923,210,262,112592.0
1687,1199,924,210,262,112652.0
1687,1199,924,210,262,112712.0
1689,1200,925,210,262,112772.0
1690,1201,926,210,262,112832.0
1691,1202,927,210,262,112892.0
1692,1203,928,210,262,112952.0
1693,1204,929,210,262,113012.0
1694,1205,930,210,262,113072.0
1694,1205,930,210,262,113132.0
1696,1206,931,210,262,113192.0
1697,1207,931,211,263,113252.0
1698,1208,931,211,264,113312.0
1698,1208,931,211,264,113372.0
1700,1209,932,211,264,113432.0
1700,1209,932,211,264,113492.0
1700,1209,932,211,264,113552.0
1700,1209,932,211,264,113612.0
1704,1210,933,211,264,113672.0
1704,1210,933,211,264,113732.0
1706,1211,934,211,264,113792.0
1707,1212,934,212,265,113852.0
1707,1212,934,212,265,113912.0
1709,1213,935,212,265,113972.0
1710,1214,936,212,265,114032.0
1710,1214,936,212,265,114092.0
1710,1214,936,212,265,114152.0
1710,1214,936,212,265,114212.0
1714,1215,937,212,265,114272.0
1714,1215,937,212,265,114332.0
1714,1215,937,212,265,114392.0
1717,1216,938,212,265,114452.0
1718,1217,939,212,265,114512.0
1719,1218,940,212,265,114572.0
1720,1219,941,212,265,114632.0
1720,1219,941,212,265,114692.0
1722,1220,942,212,265,114752.0
1722,1220,942,212,265,114812.0
1724,1221,943,212,265,114872.0
1725,1222,944,212,265,114932.0
1726,1223,944,213,266,114992.0
1726,1223,944,213,266,115052.0
1726,1223,944,213,266,115112.0
1726,1223,944,213,266,115172.0
1730,1224,945,213,266,115232.0
1730,1224,945,213,266,115292.0
1732,1225,946,213,266,115352.0
1733,1226,947,213,266,115412.0
1734,1227,947,214,267,115472.0
1734,1227,947,214,267,115532.0
1736,1228,948,214,267,115592.0
1737,1229,949,214,267,115652.0
1737,1229,949,214,267,115712.0
1737,1229,949,214,267,115772.0
1740,1230,950,214,267,115832.0
1741,1231,951,214,267,115892.0
1742,1232,952,214,267,115952.0
1742,1232,952,214,267,116012.0
1744,1233,953,214,267,116072.0
1745,1234,954,214,267,116132.0
1746,1235,955,214,267,116192.0
1746,1235,955,214,267,116252.0
1748,1236,956,214,267,116312.0
1749,1237,957,214,267,116372.0
1749,1237,957,214,267,116432.0
1751,1238,958,214,267,116492.0
1752,1239,959,214,267,116552.0
1753,1240,960,214,267,116612.0
1754,1241,960,215,268,116672.0
1755,1242,961,215,268,116732.0
1756,1243,961,216,269,116792.0
1756,1243,961,216,269,116852.0
1756,1243,961,216,269,116912.0
1756,1243,961,216,269,116972.0
1760,1244,962,216,269,117032.0
1761,1245,963,216,269,117092.0
1762,1246,964,216,269,117152.0
1763,1247,964,217,270,117212.0
1763,1247,964,217,270,117272.0
1763,1247,964,217,270,117332.0
1766,1248,965,217,270,117392.0
1766,1248,965,217,270,117452.0
1768,1249,966,217,270,117512.0
1769,1250,967,217,270,117572.0
1770,1251,967,218,271,117632.0
1771,1252,968,218,271,117692.0
