,timestamp,logNumber,Statistic.recvSeq1,Statistic.recvNum1,Statistic.compute1num1,Statistic.compute2num1,Statistic.dist1
0,453943,0,23310,22565,3963,16973,1
1,453953,0,23310,22565,3963,16973,1
2,453963,0,23311,22566,3964,16973,4
3,453973,0,23311,22566,3964,16973,4
4,453983,0,23312,22567,3964,16974,3
5,453993,0,23312,22567,3964,16974,3
6,454003,0,23313,22568,3964,16975,4
7,454013,0,23313,22568,3964,16975,4
8,454023,0,23314,22569,3964,16976,5
9,454033,0,23314,22569,3964,16976,5
10,454043,0,23315,22570,3964,16977,5
11,454053,0,23315,22570,3964,16977,5
12,454063,0,23316,22571,3965,16977,4
13,454073,0,23316,22571,3965,16977,4
14,454083,0,23317,22572,3965,16978,4
15,454093,0,23317,22572,3965,16978,4
16,454103,0,23318,22573,3965,16979,4
17,454113,0,23318,22573,3965,16979,4
18,454123,0,23319,22574,3965,16980,4
19,454133,0,23319,22574,3965,16980,4
20,454143,0,23320,22575,3965,16981,4
21,454153,0,23320,22575,3965,16981,4
22,454163,0,23321,22576,3966,16981,2
23,454173,0,23321,22576,3966,16981,2
24,454183,0,23322,22577,3966,16982,3
25,454193,0,23322,22577,3966,16982,3
26,454203,0,23323,22578,3966,16983,2
27,454213,0,23323,22578,3966,16983,2
28,454223,0,23324,22579,3966,16984,2
29,454233,0,23324,22579,3966,16984,2
30,454243,0,23325,22580,3966,16985,2
31,454253,0,23325,22580,3966,16985,2
32,454263,0,23326,22581,3966,16986,2
33,454273,0,23326,22581,3966,16986,2
34,454283,0,23327,22582,3967,16986,3
35,454293,0,23327,22582,3967,16986,3
36,454303,0,23328,22583,3967,16987,3
37,454313,0,23328,22583,3967,16987,3
38,454323,0,23329,22584,3967,16988,3
39,454333,0,23329,22584,3967,16988,3
40,454343,0,23330,22585,3967,16989,3
41,454353,0,23330,22585,3967,16989,3
42,454363,0,23331,22586,3968,16989,5
43,454373,0,23331,22586,3968,16989,5
44,454383,0,23332,22587,3968,16990,4
45,454393,0,23332,22587,3968,16990,4
46,454403,0,23333,22588,3968,16991,4
47,454413,0,23333,22588,3968,16991,4
48,454423,0,23334,22589,3968,16992,5
49,454433,0,23334,22589,3968,16992,5
50,454443,0,23335,22590,3968,16993,5
51,454453,0,23335,22590,3968,16993,5
52,454463,0,23336,22591,3968,16993,5
53,454473,0,23336,22591,3968,16993,5
54,454483,0,23337,22592,3968,16994,2
55,454493,0,23337,22592,3968,16994,2
56,454503,0,23338,22593,3968,16995,3
57,454513,0,23338,22593,3968,16995,3
58,454523,0,23339,22594,3968,16996,4
59,454533,0,23339,22594,3968,16996,4
60,454543,0,23340,22595,3968,16997,3
61,454553,0,23340,22595,3968,16997,3
62,454563,0,23341,22596,3969,16997,3
63,454573,0,23341,22596,3969,16997,3
64,454583,0,23342,22597,3969,16998,2
65,454593,0,23342,22597,3969,16998,2
66,454603,0,23343,22598,3969,16999,4
67,454613,0,23343,22598,3969,16999,4
68,454623,0,23344,22599,3969,17000,3
69,454633,0,23344,22599,3969,17000,3
70,454643,0,23345,22600,3969,17001,3
71,454653,0,23345,22600,3969,17001,3
72,454663,0,23346,22601,3969,17002,3
73,454673,0,23346,22601,3969,17002,3
74,454683,0,23347,22602,3969,17002,3
75,454693,0,23347,22602,3969,17002,3
76,454703,0,23348,22603,3969,17003,1
77,454713,0,23348,22603,3969,17003,1
78,454723,0,23349,22604,3969,17004,3
79,454733,0,23349,22604,3969,17004,3
80,454743,0,23350,22605,3969,17005,3
81,454753,0,23350,22605,3969,17005,3
82,454763,0,23351,22606,3970,17005,1
83,454773,0,23351,22606,3970,17005,1
84,454783,0,23352,22607,3970,17006,1
85,454793,0,23352,22607,3970,17006,1
86,454803,0,23353,22608,3970,17007,1
87,454813,0,23353,22608,3970,17007,1
88,454823,0,23354,22609,3970,17008,1
89,454833,0,23354,22609,3970,17008,1
90,454843,0,23355,22610,3970,17008,1
91,454853,0,23355,22610,3970,17008,1
92,454863,0,23356,22611,3971,17008,2
93,454873,0,23356,22611,3971,17008,2
94,454883,0,23357,22612,3971,17009,4
95,454893,0,23357,22612,3971,17009,4
96,454903,0,23358,22613,3971,17010,3
97,454913,0,23358,22613,3971,17010,3
98,454923,0,23359,22614,3971,17011,2
99,454933,0,23359,22614,3971,17011,2
100,454943,0,23360,22615,3971,17012,3
101,454953,0,23360,22615,3971,17012,3
102,454963,0,23361,22616,3972,17012,2
103,454973,0,23361,22616,3972,17012,2
104,454983,0,23362,22617,3972,17013,2
105,454993,0,23362,22617,3972,17013,2
106,455003,0,23363,22618,3972,17014,2
107,455013,0,23363,22618,3972,17014,2
108,455023,0,23364,22619,3972,17015,2
109,455033,0,23364,22619,3972,17015,2
110,455043,0,23365,22620,3972,17016,2
111,455053,0,23365,22620,3972,17016,2
112,455063,0,23366,22621,3973,17016,2
113,455073,0,23366,22621,3973,17016,2
114,455083,0,23367,22622,3973,17017,1
115,455093,0,23367,22622,3973,17017,1
116,455103,0,23368,22623,3973,17018,1
117,455113,0,23368,22623,3973,17018,1
118,455123,0,23369,22624,3973,17019,1
119,455133,0,23369,22624,3973,17019,1
120,455143,0,23370,22625,3973,17020,2
121,455153,0,23370,22625,3973,17020,2
122,455163,0,23371,22626,3973,17021,1
123,455173,0,23371,22626,3973,17021,1
124,455183,0,23372,22627,3974,17021,2
125,455193,0,23372,22627,3974,17021,2
126,455203,0,23373,22628,3974,17022,3
127,455213,0,23373,22628,3974,17022,3
128,455223,0,23374,22629,3974,17023,3
129,455233,0,23374,22629,3974,17023,3
130,455243,0,23375,22630,3974,17024,3
131,455253,0,23375,22630,3974,17024,3
132,455263,0,23376,22631,3975,17024,1
133,455273,0,23376,22631,3975,17024,1
134,455283,0,23377,22632,3975,17025,2
135,455293,0,23377,22632,3975,17025,2
136,455303,0,23378,22633,3975,17026,2
137,455313,0,23378,22633,3975,17026,2
138,455323,0,23379,22634,3975,17027,1
139,455333,0,23379,22634,3975,17027,1
140,455343,0,23380,22635,3975,17028,1
141,455353,0,23380,22635,3975,17028,1
142,455363,0,23381,22636,3976,17028,4
143,455373,0,23381,22636,3976,17028,4
144,455383,0,23382,22637,3976,17029,5
145,455393,0,23382,22637,3976,17029,5
146,455403,0,23383,22638,3976,17030,4
147,455413,0,23383,22638,3976,17030,4
148,455423,0,23384,22639,3976,17031,4
149,455433,0,23384,22639,3976,17031,4
150,455443,0,23385,22640,3976,17032,4
151,455453,0,23385,22640,3976,17032,4
152,455463,0,23386,22641,3977,17032,2
153,455473,0,23386,22641,3977,17032,2
154,455483,0,23387,22642,3977,17033,3
155,455493,0,23387,22642,3977,17033,3
156,455503,0,23388,22643,3977,17034,2
157,455513,0,23388,22643,3977,17034,2
158,455523,0,23389,22644,3977,17035,2
159,455533,0,23389,22644,3977,17035,2
160,455543,0,23390,22645,3977,17036,2
161,455553,0,23390,22645,3977,17036,2
162,455563,0,23391,22646,3977,17037,2
163,455573,0,23391,22646,3977,17037,2
164,455583,0,23392,22647,3978,17037,3
165,455593,0,23392,22647,3978,17037,3
166,455603,0,23393,22648,3978,17038,3
167,455613,0,23393,22648,3978,17038,3
168,455623,0,23394,22649,3978,17039,4
169,455633,0,23394,22649,3978,17039,4
170,455643,0,23395,22650,3978,17040,3
171,455653,0,23395,22650,3978,17040,3
172,455663,0,23396,22651,3978,17040,3
173,455673,0,23396,22651,3978,17040,3
174,455683,0,23397,22652,3978,17040,3
175,455693,0,23397,22652,3978,17040,3
176,455703,0,23398,22653,3978,17041,2
177,455713,0,23398,22653,3978,17041,2
178,455723,0,23399,22654,3978,17042,2
179,455733,0,23399,22654,3978,17042,2
180,455743,0,23400,22655,3978,17042,2
181,455753,0,23400,22655,3978,17042,2
182,455763,0,23401,22656,3979,17042,2
183,455773,0,23401,22656,3979,17042,2
184,455783,0,23402,22657,3979,17043,4
185,455793,0,23402,22657,3979,17043,4
186,455803,0,23403,22658,3979,17044,2
187,455813,0,23403,22658,3979,17044,2
188,455823,0,23404,22659,3979,17045,2
189,455833,0,23404,22659,3979,17045,2
190,455843,0,23405,22660,3979,17046,2
191,455853,0,23405,22660,3979,17046,2
192,455863,0,23406,22661,3980,17046,2
193,455873,0,23406,22661,3980,17046,2
194,455883,0,23407,22662,3980,17047,3
195,455893,0,23407,22662,3980,17047,3
196,455903,0,23408,22663,3980,17048,3
197,455913,0,23408,22663,3980,17048,3
198,455923,0,23409,22664,3980,17049,2
199,455933,0,23409,22664,3980,17049,2
200,455943,0,23410,22665,3980,17050,2
201,455953,0,23410,22665,3980,17050,2
202,455963,0,23411,22666,3980,17051,2
203,455973,0,23411,22666,3980,17051,2
204,455983,0,23412,22667,3981,17051,2
205,455993,0,23412,22667,3981,17051,2
206,456003,0,23413,22668,3981,17052,2
207,456013,0,23413,22668,3981,17052,2
208,456023,0,23414,22669,3981,17053,2
209,456033,0,23414,22669,3981,17053,2
210,456043,0,23415,22670,3981,17054,2
211,456053,0,23415,22670,3981,17054,2
212,456063,0,23416,22671,3982,17054,3
213,456073,0,23416,22671,3982,17054,3
214,456083,0,23417,22672,3982,17055,4
215,456093,0,23417,22672,3982,17055,4
216,456103,0,23418,22673,3982,17056,4
217,456113,0,23418,22673,3982,17056,4
218,456123,0,23419,22674,3982,17057,3
219,456133,0,23419,22674,3982,17057,3
220,456143,0,23420,22675,3982,17058,4
221,456153,0,23420,22675,3982,17058,4
222,456163,0,23421,22676,3983,17058,3
223,456173,0,23421,22676,3983,17058,3
224,456183,0,23422,22677,3983,17059,2
225,456193,0,23422,22677,3983,17059,2
226,456203,0,23423,22678,3983,17060,3
227,456213,0,23423,22678,3983,17060,3
228,456223,0,23424,22679,3983,17061,3
229,456233,0,23424,22679,3983,17061,3
230,456243,0,23425,22680,3983,17062,3
231,456253,0,23425,22680,3983,17062,3
232,456263,0,23426,22681,3984,17062,2
233,456273,0,23426,22681,3984,17062,2
234,456283,0,23427,22682,3984,17063,4
235,456293,0,23427,22682,3984,17063,4
236,456303,0,23428,22683,3984,17064,3
237,456313,0,23428,22683,3984,17064,3
238,456323,0,23429,22684,3984,17065,2
239,456333,0,23429,22684,3984,17065,2
240,456343,0,23430,22685,3984,17066,3
241,456353,0,23430,22685,3984,17066,3
242,456363,0,23431,22686,3984,17067,3
243,456373,0,23431,22686,3984,17067,3
244,456383,0,23432,22687,3985,17067,3
245,456393,0,23432,22687,3985,17067,3
246,456403,0,23433,22688,3985,17068,2
247,456413,0,23433,22688,3985,17068,2
248,456423,0,23434,22689,3985,17069,2
249,456433,0,23434,22689,3985,17069,2
250,456443,0,23435,22690,3985,17070,2
251,456453,0,23435,22690,3985,17070,2
252,456463,0,23436,22691,3986,17070,5
253,456473,0,23436,22691,3986,17070,5
254,456483,0,23437,22692,3986,17071,3
255,456493,0,23437,22692,3986,17071,3
256,456503,0,23438,22693,3986,17072,5
257,456513,0,23438,22693,3986,17072,5
258,456523,0,23439,22694,3986,17073,5
259,456533,0,23439,22694,3986,17073,5
260,456543,0,23440,22695,3986,17074,5
261,456553,0,23440,22695,3986,17074,5
262,456563,0,23441,22696,3987,17074,2
263,456573,0,23441,22696,3987,17074,2
264,456583,0,23442,22697,3987,17075,3
265,456593,0,23442,22697,3987,17075,3
266,456603,0,23443,22698,3987,17076,3
267,456613,0,23443,22698,3987,17076,3
268,456623,0,23444,22699,3987,17077,3
269,456633,0,23444,22699,3987,17077,3
270,456643,0,23445,22700,3987,17078,3
271,456653,0,23445,22700,3987,17078,3
272,456663,0,23446,22701,3988,17078,2
273,456673,0,23446,22701,3988,17078,2
274,456683,0,23447,22702,3988,17079,2
275,456693,0,23447,22702,3988,17079,2
276,456703,0,23448,22703,3988,17080,2
277,456713,0,23448,22703,3988,17080,2
278,456723,0,23449,22704,3988,17081,2
279,456733,0,23449,22704,3988,17081,2
280,456743,0,23450,22705,3988,17082,2
281,456753,0,23450,22705,3988,17082,2
282,456763,0,23451,22706,3988,17083,2
283,456773,0,23451,22706,3988,17083,2
284,456783,0,23452,22707,3989,17083,3
285,456793,0,23452,22707,3989,17083,3
286,456803,0,23453,22708,3989,17084,3
287,456813,0,23453,22708,3989,17084,3
288,456823,0,23454,22709,3989,17085,3
289,456833,0,23454,22709,3989,17085,3
290,456843,0,23455,22710,3989,17086,3
291,456853,0,23455,22710,3989,17086,3
292,456863,0,23456,22711,3989,17086,3
293,456873,0,23456,22711,3989,17086,3
294,456883,0,23457,22712,3989,17087,1
295,456893,0,23457,22712,3989,17087,1
296,456903,0,23458,22713,3989,17088,1
297,456913,0,23458,22713,3989,17088,1
298,456923,0,23459,22714,3989,17089,2
299,456933,0,23459,22714,3989,17089,2
300,456943,0,23460,22715,3989,17089,2
301,456953,0,23460,22715,3989,17089,2
302,456963,0,23461,22716,3989,17089,2
303,456973,0,23461,22716,3989,17089,2
304,456983,0,23462,22717,3989,17090,3
305,456993,0,23462,22717,3989,17090,3
306,457003,0,23463,22718,3989,17090,3
307,457013,0,23463,22718,3989,17090,3
308,457023,0,23464,22719,3989,17090,3
309,457033,0,23464,22719,3989,17090,3
310,457043,0,23465,22720,3989,17091,1
311,457053,0,23465,22720,3989,17091,1
312,457063,0,23466,22721,3990,17091,4
313,457073,0,23466,22721,3990,17091,4
314,457083,0,23467,22722,3990,17092,4
315,457093,0,23467,22722,3990,17092,4
316,457103,0,23468,22723,3990,17093,4
317,457113,0,23468,22723,3990,17093,4
318,457123,0,23469,22724,3990,17094,4
319,457133,0,23469,22724,3990,17094,4
320,457143,0,23470,22725,3990,17095,4
321,457153,0,23470,22725,3990,17095,4
322,457163,0,23471,22726,3990,17096,4
323,457173,0,23471,22726,3990,17096,4
324,457183,0,23472,22727,3991,17096,1
325,457193,0,23472,22727,3991,17096,1
326,457203,0,23473,22728,3991,17096,1
327,457213,0,23473,22728,3991,17096,1
328,457223,0,23474,22729,3991,17096,1
329,457233,0,23474,22729,3991,17096,1
330,457243,0,23475,22730,3991,17096,1
331,457253,0,23475,22730,3991,17096,1
332,457263,0,23476,22731,3992,17096,4
333,457273,0,23476,22731,3992,17096,4
334,457283,0,23477,22732,3992,17097,4
335,457293,0,23477,22732,3992,17097,4
336,457303,0,23478,22733,3992,17098,4
337,457313,0,23478,22733,3992,17098,4
338,457323,0,23479,22734,3992,17099,4
339,457333,0,23479,22734,3992,17099,4
340,457343,0,23480,22735,3992,17100,4
341,457353,0,23480,22735,3992,17100,4
342,457363,0,23481,22736,3993,17100,3
343,457373,0,23481,22736,3993,17100,3
344,457383,0,23482,22737,3993,17101,2
345,457393,0,23482,22737,3993,17101,2
346,457403,0,23483,22738,3993,17102,2
347,457413,0,23483,22738,3993,17102,2
348,457423,0,23484,22739,3993,17103,2
349,457433,0,23484,22739,3993,17103,2
350,457443,0,23485,22740,3993,17104,3
351,457453,0,23485,22740,3993,17104,3
352,457463,0,23486,22741,3994,17104,5
353,457473,0,23486,22741,3994,17104,5
354,457483,0,23487,22742,3994,17105,4
355,457493,0,23487,22742,3994,17105,4
356,457503,0,23488,22743,3994,17106,5
357,457513,0,23488,22743,3994,17106,5
358,457523,0,23489,22744,3994,17107,5
359,457533,0,23489,22744,3994,17107,5
360,457543,0,23490,22745,3994,17108,5
361,457553,0,23490,22745,3994,17108,5
362,457563,0,23491,22746,3995,17108,1
363,457573,0,23491,22746,3995,17108,1
364,457583,0,23492,22747,3995,17109,2
365,457593,0,23492,22747,3995,17109,2
366,457603,0,23493,22748,3995,17109,2
367,457613,0,23493,22748,3995,17109,2
368,457623,0,23494,22749,3995,17110,1
369,457633,0,23494,22749,3995,17110,1
370,457643,0,23495,22750,3995,17110,1
371,457653,0,23495,22750,3995,17110,1
372,457663,0,23496,22751,3995,17110,1
373,457673,0,23496,22751,3995,17110,1
374,457683,0,23497,22752,3996,17110,3
375,457693,0,23497,22752,3996,17110,3
376,457703,0,23498,22753,3996,17111,3
377,457713,0,23498,22753,3996,17111,3
378,457723,0,23499,22754,3996,17112,3
379,457733,0,23499,22754,3996,17112,3
380,457743,0,23500,22755,3996,17113,3
381,457753,0,23500,22755,3996,17113,3
382,457763,0,23501,22756,3997,17113,2
383,457773,0,23501,22756,3997,17113,2
384,457783,0,23502,22757,3997,17114,3
385,457793,0,23502,22757,3997,17114,3
386,457803,0,23503,22758,3997,17115,2
387,457813,0,23503,22758,3997,17115,2
388,457823,0,23504,22759,3997,17116,1
389,457833,0,23504,22759,3997,17116,1
390,457843,0,23505,22760,3997,17117,2
391,457853,0,23505,22760,3997,17117,2
392,457863,0,23506,22761,3998,17117,1
393,457873,0,23506,22761,3998,17117,1
394,457883,0,23507,22762,3998,17118,1
395,457893,0,23507,22762,3998,17118,1
396,457903,0,23508,22763,3998,17119,1
397,457913,0,23508,22763,3998,17119,1
398,457923,0,23509,22764,3998,17120,1
399,457933,0,23509,22764,3998,17120,1
400,457943,0,23510,22765,3998,17121,1
401,457953,0,23510,22765,3998,17121,1
402,457963,0,23511,22766,3998,17122,1
403,457973,0,23511,22766,3998,17122,1
404,457983,0,23512,22767,3999,17122,5
405,457993,0,23512,22767,3999,17122,5
406,458003,0,23513,22768,3999,17123,6
407,458013,0,23513,22768,3999,17123,6
408,458023,0,23514,22769,3999,17124,5
409,458033,0,23514,22769,3999,17124,5
410,458043,0,23515,22770,3999,17125,5
411,458053,0,23515,22770,3999,17125,5
412,458063,0,23516,22771,4000,17125,3
413,458073,0,23516,22771,4000,17125,3
414,458083,0,23517,22772,4000,17126,1
415,458093,0,23517,22772,4000,17126,1
416,458103,0,23518,22773,4000,17127,3
417,458113,0,23518,22773,4000,17127,3
418,458123,0,23519,22774,4000,17128,3
419,458133,0,23519,22774,4000,17128,3
420,458143,0,23520,22775,4000,17129,3
421,458153,0,23520,22775,4000,17129,3
422,458163,0,23521,22776,4001,17129,4
423,458173,0,23521,22776,4001,17129,4
424,458183,0,23522,22777,4001,17130,5
425,458193,0,23522,22777,4001,17130,5
426,458203,0,23523,22778,4001,17131,4
427,458213,0,23523,22778,4001,17131,4
428,458223,0,23524,22779,4001,17132,4
429,458233,0,23524,22779,4001,17132,4
430,458243,0,23525,22780,4001,17133,5
431,458253,0,23525,22780,4001,17133,5
432,458263,0,23526,22781,4002,17133,1
433,458273,0,23526,22781,4002,17133,1
434,458283,0,23527,22782,4002,17134,1
435,458293,0,23527,22782,4002,17134,1
436,458303,0,23528,22783,4002,17134,1
437,458313,0,23528,22783,4002,17134,1
438,458323,0,23529,22784,4002,17135,1
439,458333,0,23529,22784,4002,17135,1
440,458343,0,23530,22785,4002,17136,1
441,458353,0,23530,22785,4002,17136,1
442,458363,0,23531,22786,4002,17136,1
443,458373,0,23531,22786,4002,17136,1
444,458383,0,23532,22787,4003,17136,1
445,458393,0,23532,22787,4003,17136,1
446,458403,0,23533,22788,4003,17137,1
447,458413,0,23533,22788,4003,17137,1
448,458423,0,23534,22789,4003,17138,2
449,458433,0,23534,22789,4003,17138,2
450,458443,0,23535,22790,4003,17139,2
451,458453,0,23535,22790,4003,17139,2
452,458463,0,23536,22791,4004,17139,3
453,458473,0,23536,22791,4004,17139,3
454,458483,0,23537,22792,4004,17140,6
455,458493,0,23537,22792,4004,17140,6
456,458503,0,23538,22793,4004,17141,3
457,458513,0,23538,22793,4004,17141,3
458,458523,0,23539,22794,4004,17142,4
459,458533,0,23539,22794,4004,17142,4
460,458543,0,23540,22795,4004,17143,3
461,458553,0,23540,22795,4004,17143,3
462,458563,0,23541,22796,4004,17143,3
463,458573,0,23541,22796,4004,17143,3
464,458583,0,23542,22797,4004,17144,1
465,458593,0,23542,22797,4004,17144,1
466,458603,0,23543,22798,4004,17144,1
467,458613,0,23543,22798,4004,17144,1
468,458623,0,23544,22799,4004,17144,1
469,458633,0,23544,22799,4004,17144,1
470,458643,0,23545,22800,4004,17145,2
471,458653,0,23545,22800,4004,17145,2
472,458663,0,23546,22801,4005,17145,1
473,458673,0,23546,22801,4005,17145,1
474,458683,0,23547,22802,4005,17146,1
475,458693,0,23547,22802,4005,17146,1
476,458703,0,23548,22803,4005,17146,1
477,458713,0,23548,22803,4005,17146,1
478,458723,0,23549,22804,4005,17146,1
479,458733,0,23549,22804,4005,17146,1
480,458743,0,23550,22805,4005,17147,1
481,458753,0,23550,22805,4005,17147,1
482,458763,0,23551,22806,4005,17148,1
483,458773,0,23551,22806,4005,17148,1
484,458783,0,23552,22807,4006,17148,7
485,458793,0,23552,22807,4006,17148,7
486,458803,0,23553,22808,4006,17149,7
487,458813,0,23553,22808,4006,17149,7
488,458823,0,23554,22809,4006,17150,7
489,458833,0,23554,22809,4006,17150,7
490,458843,0,23555,22810,4006,17151,7
491,458853,0,23555,22810,4006,17151,7
492,458863,0,23556,22811,4007,17151,7
493,458873,0,23556,22811,4007,17151,7
494,458883,0,23557,22812,4007,17152,4
495,458893,0,23557,22812,4007,17152,4
496,458903,0,23558,22813,4007,17153,6
497,458913,0,23558,22813,4007,17153,6
498,458923,0,23559,22814,4007,17154,6
499,458933,0,23559,22814,4007,17154,6
500,458943,0,23560,22815,4007,17155,6
501,458953,0,23560,22815,4007,17155,6
502,458963,0,23561,22816,4008,17155,3
503,458973,0,23561,22816,4008,17155,3
504,458983,0,23562,22817,4008,17156,3
505,458993,0,23562,22817,4008,17156,3
506,459003,0,23563,22818,4008,17157,3
507,459013,0,23563,22818,4008,17157,3
508,459023,0,23564,22819,4008,17158,3
509,459033,0,23564,22819,4008,17158,3
510,459043,0,23565,22820,4008,17159,3
511,459053,0,23565,22820,4008,17159,3
512,459063,0,23566,22821,4009,17159,3
513,459073,0,23566,22821,4009,17159,3
514,459083,0,23567,22822,4009,17160,2
515,459093,0,23567,22822,4009,17160,2
516,459103,0,23568,22823,4009,17161,3
517,459113,0,23568,22823,4009,17161,3
518,459123,0,23569,22824,4009,17162,2
519,459133,0,23569,22824,4009,17162,2
520,459143,0,23570,22825,4009,17163,3
521,459153,0,23570,22825,4009,17163,3
522,459163,0,23571,22826,4010,17163,1
523,459173,0,23571,22826,4010,17163,1
524,459183,0,23572,22827,4010,17163,1
525,459193,0,23572,22827,4010,17163,1
526,459203,0,23573,22828,4010,17164,1
527,459213,0,23573,22828,4010,17164,1
528,459223,0,23574,22829,4010,17165,1
529,459233,0,23574,22829,4010,17165,1
530,459243,0,23575,22830,4010,17166,1
531,459253,0,23575,22830,4010,17166,1
532,459263,0,23576,22831,4010,17167,1
533,459273,0,23576,22831,4010,17167,1
534,459283,0,23577,22832,4011,17167,3
535,459293,0,23577,22832,4011,17167,3
536,459303,0,23578,22833,4011,17168,4
537,459313,0,23578,22833,4011,17168,4
538,459323,0,23579,22834,4011,17169,4
539,459333,0,23579,22834,4011,17169,4
540,459343,0,23580,22835,4011,17170,4
541,459353,0,23580,22835,4011,17170,4
542,459363,0,23581,22836,4012,17170,4
543,459373,0,23581,22836,4012,17170,4
544,459383,0,23582,22837,4012,17171,3
545,459393,0,23582,22837,4012,17171,3
546,459403,0,23583,22838,4012,17172,3
547,459413,0,23583,22838,4012,17172,3
548,459423,0,23584,22839,4012,17173,3
549,459433,0,23584,22839,4012,17173,3
550,459443,0,23585,22840,4012,17174,3
551,459453,0,23585,22840,4012,17174,3
552,459463,0,23586,22841,4013,17174,4
553,459473,0,23586,22841,4013,17174,4
554,459483,0,23587,22842,4013,17175,5
555,459493,0,23587,22842,4013,17175,5
556,459503,0,23588,22843,4013,17176,3
557,459513,0,23588,22843,4013,17176,3
558,459523,0,23589,22844,4013,17177,4
559,459533,0,23589,22844,4013,17177,4
560,459543,0,23590,22845,4013,17178,3
561,459553,0,23590,22845,4013,17178,3
562,459563,0,23591,22846,4014,17178,4
563,459573,0,23591,22846,4014,17178,4
564,459583,0,23592,22847,4014,17179,3
565,459593,0,23592,22847,4014,17179,3
566,459603,0,23593,22848,4014,17180,4
567,459613,0,23593,22848,4014,17180,4
568,459623,0,23594,22849,4014,17181,4
569,459633,0,23594,22849,4014,17181,4
570,459643,0,23595,22850,4014,17182,4
571,459653,0,23595,22850,4014,17182,4
572,459663,0,23596,22851,4014,17183,4
573,459673,0,23596,22851,4014,17183,4
574,459683,0,23597,22852,4015,17183,3
575,459693,0,23597,22852,4015,17183,3
576,459703,0,23598,22853,4015,17184,2
577,459713,0,23598,22853,4015,17184,2
578,459723,0,23599,22854,4015,17185,3
579,459733,0,23599,22854,4015,17185,3
580,459743,0,23600,22855,4015,17186,3
581,459753,0,23600,22855,4015,17186,3
582,459763,0,23601,22856,4016,17186,4
583,459773,0,23601,22856,4016,17186,4
584,459783,0,23602,22857,4016,17187,4
585,459793,0,23602,22857,4016,17187,4
586,459803,0,23603,22858,4016,17188,4
587,459813,0,23603,22858,4016,17188,4
588,459823,0,23604,22859,4016,17189,4
589,459833,0,23604,22859,4016,17189,4
590,459843,0,23605,22860,4016,17190,4
591,459853,0,23605,22860,4016,17190,4
592,459863,0,23606,22861,4017,17190,5
593,459873,0,23606,22861,4017,17190,5
594,459883,0,23607,22862,4017,17191,3
595,459893,0,23607,22862,4017,17191,3
596,459903,0,23608,22863,4017,17192,5
597,459913,0,23608,22863,4017,17192,5
598,459924,0,23609,22864,4017,17193,4
599,459933,0,23609,22864,4017,17193,4
600,459943,0,23610,22865,4017,17194,5
601,459953,0,23610,22865,4017,17194,5
602,459963,0,23611,22866,4018,17194,3
603,459973,0,23611,22866,4018,17194,3
604,459983,0,23612,22867,4018,17195,4
605,459993,0,23612,22867,4018,17195,4
606,460003,0,23613,22868,4018,17196,3
607,460013,0,23613,22868,4018,17196,3
608,460023,0,23614,22869,4018,17197,3
609,460033,0,23614,22869,4018,17197,3
610,460043,0,23615,22870,4018,17198,3
611,460053,0,23615,22870,4018,17198,3
612,460063,0,23616,22871,4018,17199,3
613,460073,0,23616,22871,4018,17199,3
614,460083,0,23617,22872,4019,17199,5
615,460093,0,23617,22872,4019,17199,5
616,460103,0,23618,22873,4019,17200,6
617,460113,0,23618,22873,4019,17200,6
618,460123,0,23619,22874,4019,17201,5
619,460133,0,23619,22874,4019,17201,5
620,460143,0,23620,22875,4019,17202,5
621,460153,0,23620,22875,4019,17202,5
622,460163,0,23621,22876,4019,17202,5
623,460173,0,23621,22876,4019,17202,5
624,460183,0,23622,22877,4019,17203,3
625,460193,0,23622,22877,4019,17203,3
626,460203,0,23623,22878,4019,17204,1
627,460213,0,23623,22878,4019,17204,1
628,460223,0,23624,22879,4019,17205,2
629,460233,0,23624,22879,4019,17205,2
630,460243,0,23625,22880,4019,17205,2
631,460253,0,23625,22880,4019,17205,2
632,460263,0,23626,22881,4020,17205,2
633,460273,0,23626,22881,4020,17205,2
634,460283,0,23627,22882,4020,17206,2
635,460293,0,23627,22882,4020,17206,2
636,460303,0,23628,22883,4020,17207,2
637,460313,0,23628,22883,4020,17207,2
638,460323,0,23629,22884,4020,17208,2
639,460333,0,23629,22884,4020,17208,2
640,460343,0,23630,22885,4020,17209,2
641,460353,0,23630,22885,4020,17209,2
642,460363,0,23631,22886,4021,17209,3
643,460373,0,23631,22886,4021,17209,3
644,460383,0,23632,22887,4021,17210,3
645,460393,0,23632,22887,4021,17210,3
646,460403,0,23633,22888,4021,17211,3
647,460413,0,23633,22888,4021,17211,3
648,460423,0,23634,22889,4021,17212,3
649,460433,0,23634,22889,4021,17212,3
650,460443,0,23635,22890,4021,17213,3
651,460453,0,23635,22890,4021,17213,3
652,460463,0,23636,22891,4021,17214,3
653,460473,0,23636,22891,4021,17214,3
654,460483,0,23637,22892,4021,17214,3
655,460493,0,23637,22892,4021,17214,3
656,460503,0,23638,22893,4021,17215,2
657,460513,0,23638,22893,4021,17215,2
658,460523,0,23639,22894,4021,17216,1
659,460533,0,23639,22894,4021,17216,1
660,460543,0,23640,22895,4021,17217,2
661,460553,0,23640,22895,4021,17217,2
662,460563,0,23641,22896,4022,17217,1
663,460573,0,23641,22896,4022,17217,1
664,460583,0,23642,22897,4022,17218,2
665,460593,0,23642,22897,4022,17218,2
666,460603,0,23643,22898,4022,17219,1
667,460613,0,23643,22898,4022,17219,1
668,460623,0,23644,22899,4022,17220,1
669,460633,0,23644,22899,4022,17220,1
670,460643,0,23645,22900,4022,17221,1
671,460653,0,23645,22900,4022,17221,1
672,460663,0,23646,22901,4023,17221,2
673,460673,0,23646,22901,4023,17221,2
674,460683,0,23647,22902,4023,17222,3
675,460693,0,23647,22902,4023,17222,3
676,460703,0,23648,22903,4023,17223,3
677,460713,0,23648,22903,4023,17223,3
678,460723,0,23649,22904,4023,17224,2
679,460733,0,23649,22904,4023,17224,2
680,460743,0,23650,22905,4023,17225,2
681,460753,0,23650,22905,4023,17225,2
682,460763,0,23651,22906,4024,17225,5
683,460773,0,23651,22906,4024,17225,5
684,460783,0,23652,22907,4024,17226,3
685,460793,0,23652,22907,4024,17226,3
686,460803,0,23653,22908,4024,17227,4
687,460813,0,23653,22908,4024,17227,4
688,460823,0,23654,22909,4024,17228,4
689,460833,0,23654,22909,4024,17228,4
690,460843,0,23655,22910,4024,17229,4
691,460853,0,23655,22910,4024,17229,4
692,460863,0,23656,22911,4024,17230,4
693,460873,0,23656,22911,4024,17230,4
694,460883,0,23657,22912,4025,17230,1
695,460893,0,23657,22912,4025,17230,1
696,460903,0,23658,22913,4025,17231,1
697,460913,0,23658,22913,4025,17231,1
698,460923,0,23659,22914,4025,17232,1
699,460933,0,23659,22914,4025,17232,1
700,460943,0,23660,22915,4025,17233,1
701,460953,0,23660,22915,4025,17233,1
702,460963,0,23661,22916,4025,17233,1
703,460973,0,23661,22916,4025,17233,1
704,460983,0,23662,22917,4025,17234,3
705,460993,0,23662,22917,4025,17234,3
706,461003,0,23663,22918,4025,17235,3
707,461013,0,23663,22918,4025,17235,3
708,461023,0,23664,22919,4025,17236,4
709,461033,0,23664,22919,4025,17236,4
710,461043,0,23665,22920,4025,17237,1
711,461053,0,23665,22920,4025,17237,1
712,461063,0,23666,22921,4026,17237,6
713,461073,0,23666,22921,4026,17237,6
714,461083,0,23667,22922,4026,17238,4
715,461093,0,23667,22922,4026,17238,4
716,461103,0,23668,22923,4026,17239,6
717,461113,0,23668,22923,4026,17239,6
718,461123,0,23669,22924,4026,17240,6
719,461133,0,23669,22924,4026,17240,6
720,461143,0,23670,22925,4026,17241,6
721,461153,0,23670,22925,4026,17241,6
722,461163,0,23671,22926,4026,17241,6
723,461173,0,23671,22926,4026,17241,6
724,461183,0,23672,22927,4026,17242,2
725,461193,0,23672,22927,4026,17242,2
726,461203,0,23673,22928,4026,17242,2
727,461213,0,23673,22928,4026,17242,2
728,461223,0,23674,22929,4026,17243,3
729,461233,0,23674,22929,4026,17243,3
730,461243,0,23675,22930,4026,17244,1
731,461253,0,23675,22930,4026,17244,1
732,461263,0,23676,22931,4026,17245,3
733,461273,0,23676,22931,4026,17245,3
734,461283,0,23677,22932,4027,17245,2
735,461293,0,23677,22932,4027,17245,2
736,461303,0,23678,22933,4027,17246,2
737,461313,0,23678,22933,4027,17246,2
738,461323,0,23679,22934,4027,17247,1
739,461333,0,23679,22934,4027,17247,1
740,461343,0,23680,22935,4027,17248,1
741,461353,0,23680,22935,4027,17248,1
742,461363,0,23681,22936,4028,17248,4
743,461373,0,23681,22936,4028,17248,4
744,461383,0,23682,22937,4028,17249,5
745,461393,0,23682,22937,4028,17249,5
746,461403,0,23683,22938,4028,17250,4
747,461413,0,23683,22938,4028,17250,4
748,461423,0,23684,22939,4028,17251,4
749,461433,0,23684,22939,4028,17251,4
750,461443,0,23685,22940,4028,17252,4
751,461453,0,23685,22940,4028,17252,4
752,461463,0,23686,22941,4028,17252,4
753,461473,0,23686,22941,4028,17252,4
754,461483,0,23687,22942,4028,17253,1
755,461493,0,23687,22942,4028,17253,1
756,461503,0,23688,22943,4028,17254,1
757,461513,0,23688,22943,4028,17254,1
758,461523,0,23689,22944,4028,17255,4
759,461533,0,23689,22944,4028,17255,4
760,461543,0,23690,22945,4028,17255,4
761,461553,0,23690,22945,4028,17255,4
762,461563,0,23691,22946,4029,17255,4
763,461573,0,23691,22946,4029,17255,4
764,461583,0,23692,22947,4029,17256,4
765,461593,0,23692,22947,4029,17256,4
766,461603,0,23693,22948,4029,17257,4
767,461613,0,23693,22948,4029,17257,4
768,461623,0,23694,22949,4029,17258,4
769,461633,0,23694,22949,4029,17258,4
770,461643,0,23695,22950,4029,17259,4
771,461653,0,23695,22950,4029,17259,4
772,461663,0,23696,22951,4029,17260,4
773,461673,0,23696,22951,4029,17260,4
774,461683,0,23697,22952,4030,17260,4
775,461693,0,23697,22952,4030,17260,4
776,461703,0,23698,22953,4030,17261,4
777,461713,0,23698,22953,4030,17261,4
778,461723,0,23699,22954,4030,17262,4
779,461733,0,23699,22954,4030,17262,4
780,461743,0,23700,22955,4030,17263,4
781,461753,0,23700,22955,4030,17263,4
782,461763,0,23701,22956,4031,17263,1
783,461773,0,23701,22956,4031,17263,1
784,461783,0,23702,22957,4031,17264,1
785,461793,0,23702,22957,4031,17264,1
786,461803,0,23703,22958,4031,17265,1
787,461813,0,23703,22958,4031,17265,1
788,461823,0,23704,22959,4031,17266,1
789,461833,0,23704,22959,4031,17266,1
790,461843,0,23705,22960,4031,17267,1
791,461853,0,23705,22960,4031,17267,1
792,461863,0,23706,22961,4032,17267,4
793,461873,0,23706,22961,4032,17267,4
794,461883,0,23707,22962,4032,17268,5
795,461893,0,23707,22962,4032,17268,5
796,461903,0,23708,22963,4032,17269,5
797,461913,0,23708,22963,4032,17269,5
798,461923,0,23709,22964,4032,17270,5
799,461933,0,23709,22964,4032,17270,5
800,461943,0,23710,22965,4032,17271,5
801,461953,0,23710,22965,4032,17271,5
802,461963,0,23711,22966,4033,17271,6
803,461973,0,23711,22966,4033,17271,6
804,461983,0,23712,22967,4033,17272,5
805,461993,0,23712,22967,4033,17272,5
806,462003,0,23713,22968,4033,17273,5
807,462013,0,23713,22968,4033,17273,5
808,462023,0,23714,22969,4033,17274,6
809,462033,0,23714,22969,4033,17274,6
810,462043,0,23715,22970,4033,17275,6
811,462053,0,23715,22970,4033,17275,6
812,462063,0,23716,22971,4034,17275,7
813,462073,0,23716,22971,4034,17275,7
814,462083,0,23717,22972,4034,17276,5
815,462093,0,23717,22972,4034,17276,5
816,462103,0,23718,22973,4034,17277,7
817,462113,0,23718,22973,4034,17277,7
818,462123,0,23719,22974,4034,17278,6
819,462133,0,23719,22974,4034,17278,6
820,462143,0,23720,22975,4034,17279,7
821,462153,0,23720,22975,4034,17279,7
822,462163,0,23721,22976,4034,17280,7
823,462173,0,23721,22976,4034,17280,7
824,462183,0,23722,22977,4035,17280,2
825,462193,0,23722,22977,4035,17280,2
826,462203,0,23723,22978,4035,17281,2
827,462213,0,23723,22978,4035,17281,2
828,462223,0,23724,22979,4035,17282,1
829,462233,0,23724,22979,4035,17282,1
830,462243,0,23725,22980,4035,17283,2
831,462253,0,23725,22980,4035,17283,2
832,462263,0,23726,22981,4035,17283,2
833,462273,0,23726,22981,4035,17283,2
834,462283,0,23727,22982,4035,17284,3
835,462293,0,23727,22982,4035,17284,3
836,462303,0,23728,22983,4035,17284,3
837,462313,0,23728,22983,4035,17284,3
838,462323,0,23729,22984,4035,17285,2
839,462333,0,23729,22984,4035,17285,2
840,462343,0,23730,22985,4035,17285,2
841,462353,0,23730,22985,4035,17285,2
842,462363,0,23731,22986,4036,17285,4
843,462373,0,23731,22986,4036,17285,4
844,462383,0,23732,22987,4036,17286,3
845,462393,0,23732,22987,4036,17286,3
846,462403,0,23733,22988,4036,17287,5
847,462413,0,23733,22988,4036,17287,5
848,462423,0,23734,22989,4036,17288,4
849,462433,0,23734,22989,4036,17288,4
850,462443,0,23735,22990,4036,17289,4
851,462453,0,23735,22990,4036,17289,4
852,462463,0,23736,22991,4036,17290,4
853,462473,0,23736,22991,4036,17290,4
854,462483,0,23737,22992,4037,17290,3
855,462493,0,23737,22992,4037,17290,3
856,462503,0,23738,22993,4037,17291,4
857,462513,0,23738,22993,4037,17291,4
858,462523,0,23739,22994,4037,17292,3
859,462533,0,23739,22994,4037,17292,3
860,462543,0,23740,22995,4037,17293,3
861,462553,0,23740,22995,4037,17293,3
862,462563,0,23741,22996,4038,17293,1
863,462573,0,23741,22996,4038,17293,1
864,462583,0,23742,22997,4038,17294,2
865,462593,0,23742,22997,4038,17294,2
866,462603,0,23743,22998,4038,17295,1
867,462613,0,23743,22998,4038,17295,1
868,462623,0,23744,22999,4038,17296,1
869,462633,0,23744,22999,4038,17296,1
870,462643,0,23745,23000,4038,17297,1
871,462653,0,23745,23000,4038,17297,1
872,462663,0,23746,23001,4039,17297,2
873,462673,0,23746,23001,4039,17297,2
874,462683,0,23747,23002,4039,17298,2
875,462693,0,23747,23002,4039,17298,2
876,462703,0,23748,23003,4039,17299,2
877,462713,0,23748,23003,4039,17299,2
878,462723,0,23749,23004,4039,17300,2
879,462733,0,23749,23004,4039,17300,2
880,462743,0,23750,23005,4039,17301,2
881,462753,0,23750,23005,4039,17301,2
882,462763,0,23751,23006,4039,17301,2
883,462773,0,23751,23006,4039,17301,2
884,462783,0,23752,23007,4039,17302,1
885,462793,0,23752,23007,4039,17302,1
886,462803,0,23753,23008,4039,17303,1
887,462813,0,23753,23008,4039,17303,1
888,462823,0,23754,23009,4039,17304,1
889,462833,0,23754,23009,4039,17304,1
890,462843,0,23755,23010,4039,17304,1
891,462853,0,23755,23010,4039,17304,1
892,462863,0,23756,23011,4039,17305,1
893,462873,0,23756,23011,4039,17305,1
894,462883,0,23757,23012,4040,17305,4
895,462893,0,23757,23012,4040,17305,4
896,462903,0,23758,23013,4040,17306,4
897,462913,0,23758,23013,4040,17306,4
898,462923,0,23759,23014,4040,17307,4
899,462933,0,23759,23014,4040,17307,4
900,462943,0,23760,23015,4040,17308,4
901,462953,0,23760,23015,4040,17308,4
902,462963,0,23761,23016,4040,17308,4
903,462973,0,23761,23016,4040,17308,4
904,462983,0,23762,23017,4040,17309,3
905,462993,0,23762,23017,4040,17309,3
906,463003,0,23763,23018,4040,17310,1
907,463013,0,23763,23018,4040,17310,1
908,463023,0,23764,23019,4040,17311,2
909,463033,0,23764,23019,4040,17311,2
910,463043,0,23765,23020,4040,17312,2
911,463053,0,23765,23020,4040,17312,2
912,463063,0,23766,23021,4041,17312,2
913,463073,0,23766,23021,4041,17312,2
914,463083,0,23767,23022,4041,17313,1
915,463093,0,23767,23022,4041,17313,1
916,463103,0,23768,23023,4041,17314,2
917,463113,0,23768,23023,4041,17314,2
918,463123,0,23769,23024,4041,17315,2
919,463133,0,23769,23024,4041,17315,2
920,463143,0,23770,23025,4041,17316,2
921,463153,0,23770,23025,4041,17316,2
922,463163,0,23771,23026,4042,17316,5
923,463173,0,23771,23026,4042,17316,5
924,463183,0,23772,23027,4042,17317,5
925,463193,0,23772,23027,4042,17317,5
926,463203,0,23773,23028,4042,17318,5
927,463213,0,23773,23028,4042,17318,5
928,463223,0,23774,23029,4042,17319,5
929,463233,0,23774,23029,4042,17319,5
930,463243,0,23775,23030,4042,17320,5
931,463253,0,23775,23030,4042,17320,5
932,463263,0,23776,23031,4042,17321,5
933,463273,0,23776,23031,4042,17321,5
934,463283,0,23777,23032,4043,17321,3
935,463293,0,23777,23032,4043,17321,3
936,463303,0,23778,23033,4043,17322,3
937,463313,0,23778,23033,4043,17322,3
938,463323,0,23779,23034,4043,17323,2
939,463333,0,23779,23034,4043,17323,2
940,463343,0,23780,23035,4043,17324,3
941,463353,0,23780,23035,4043,17324,3
942,463363,0,23781,23036,4044,17324,4
943,463373,0,23781,23036,4044,17324,4
944,463383,0,23782,23037,4044,17325,4
945,463393,0,23782,23037,4044,17325,4
946,463403,0,23783,23038,4044,17326,4
947,463413,0,23783,23038,4044,17326,4
948,463423,0,23784,23039,4044,17327,5
949,463433,0,23784,23039,4044,17327,5
950,463443,0,23785,23040,4044,17328,4
951,463453,0,23785,23040,4044,17328,4
952,463463,0,23786,23041,4045,17328,5
953,463473,0,23786,23041,4045,17328,5
954,463483,0,23787,23042,4045,17329,3
955,463493,0,23787,23042,4045,17329,3
956,463503,0,23788,23043,4045,17330,4
957,463513,0,23788,23043,4045,17330,4
958,463523,0,23789,23044,4045,17331,4
959,463533,0,23789,23044,4045,17331,4
960,463543,0,23790,23045,4045,17332,4
961,463553,0,23790,23045,4045,17332,4
962,463563,0,23791,23046,4046,17332,5
963,463573,0,23791,23046,4046,17332,5
964,463583,0,23792,23047,4046,17333,3
965,463593,0,23792,23047,4046,17333,3
966,463603,0,23793,23048,4046,17334,5
967,463613,0,23793,23048,4046,17334,5
968,463623,0,23794,23049,4046,17335,5
969,463633,0,23794,23049,4046,17335,5
970,463643,0,23795,23050,4046,17336,5
971,463653,0,23795,23050,4046,17336,5
972,463663,0,23796,23051,4047,17336,3
973,463673,0,23796,23051,4047,17336,3
974,463683,0,23797,23052,4047,17337,4
975,463693,0,23797,23052,4047,17337,4
976,463703,0,23798,23053,4047,17338,3
977,463713,0,23798,23053,4047,17338,3
978,463723,0,23799,23054,4047,17339,3
979,463733,0,23799,23054,4047,17339,3
980,463743,0,23800,23055,4047,17340,3
981,463753,0,23800,23055,4047,17340,3
982,463763,0,23801,23056,4047,17341,3
983,463773,0,23801,23056,4047,17341,3
984,463783,0,23802,23057,4048,17341,3
985,463793,0,23802,23057,4048,17341,3
986,463803,0,23803,23058,4048,17342,3
987,463813,0,23803,23058,4048,17342,3
988,463823,0,23804,23059,4048,17343,4
989,463833,0,23804,23059,4048,17343,4
990,463843,0,23805,23060,4048,17344,3
991,463853,0,23805,23060,4048,17344,3
992,463863,0,23806,23061,4049,17344,2
993,463873,0,23806,23061,4049,17344,2
994,463883,0,23807,23062,4049,17345,1
995,463893,0,23807,23062,4049,17345,1
996,463903,0,23808,23063,4049,17346,2
997,463913,0,23808,23063,4049,17346,2
998,463923,0,23809,23064,4049,17347,2
999,463933,0,23809,23064,4049,17347,2
1000,463943,0,23810,23065,4049,17348,2
