,timestamp,logNumber,Statistic.recvSeq2,Statistic.recvNum2,Statistic.compute1num2,Statistic.compute2num2,Statistic.dist2,Statistic.recvSeq1,Statistic.recvNum1,Statistic.compute1num1,Statistic.compute2num1,Statistic.dist1
0,56170,0,1216.0,536.0,531.0,0.0,24.0,,,,,
1,124079,1,,,,,,1074.0,1552.0,767.0,768.0,20.0
2,56220,0,1216.0,536.0,531.0,0.0,24.0,,,,,
3,124129,1,,,,,,1075.0,1553.0,767.0,769.0,19.0
4,56270,0,1217.0,537.0,532.0,0.0,19.0,,,,,
5,124179,1,,,,,,1076.0,1554.0,767.0,770.0,19.0
6,56320,0,1217.0,537.0,532.0,0.0,19.0,,,,,
7,124229,1,,,,,,1077.0,1555.0,768.0,770.0,20.0
8,124279,1,,,,,,1078.0,1556.0,769.0,770.0,23.0
9,56370,0,1218.0,538.0,533.0,0.0,21.0,,,,,
10,56420,0,1218.0,538.0,533.0,0.0,21.0,,,,,
11,124329,1,,,,,,1079.0,1557.0,769.0,771.0,24.0
12,124379,1,,,,,,1080.0,1558.0,770.0,771.0,19.0
13,56470,0,1219.0,539.0,534.0,0.0,23.0,,,,,
14,124429,1,,,,,,1081.0,1559.0,770.0,772.0,20.0
15,56520,0,1219.0,539.0,534.0,0.0,23.0,,,,,
16,124479,1,,,,,,1082.0,1560.0,771.0,772.0,21.0
17,56570,0,1220.0,540.0,535.0,0.0,19.0,,,,,
18,56620,0,1220.0,540.0,535.0,0.0,19.0,,,,,
19,124529,1,,,,,,1083.0,1561.0,771.0,773.0,21.0
20,124579,1,,,,,,1084.0,1562.0,772.0,773.0,21.0
21,56670,0,1221.0,541.0,536.0,0.0,21.0,,,,,
22,124629,1,,,,,,1085.0,1563.0,772.0,774.0,21.0
23,56720,0,1221.0,541.0,536.0,0.0,21.0,,,,,
24,124679,1,,,,,,1086.0,1564.0,772.0,775.0,22.0
25,56770,0,1222.0,542.0,537.0,0.0,22.0,,,,,
26,124729,1,,,,,,1087.0,1565.0,773.0,775.0,22.0
27,56820,0,1222.0,542.0,537.0,0.0,22.0,,,,,
28,124779,1,,,,,,1088.0,1566.0,774.0,775.0,18.0
29,56870,0,1223.0,543.0,538.0,0.0,21.0,,,,,
30,124829,1,,,,,,1089.0,1567.0,774.0,776.0,20.0
31,56920,0,1223.0,543.0,538.0,0.0,21.0,,,,,
32,124879,1,,,,,,1090.0,1568.0,775.0,776.0,17.0
33,56970,0,1224.0,544.0,539.0,0.0,19.0,,,,,
34,124929,1,,,,,,1091.0,1569.0,775.0,777.0,17.0
35,57020,0,1224.0,544.0,539.0,0.0,19.0,,,,,
36,124979,1,,,,,,1092.0,1570.0,775.0,778.0,18.0
37,57070,0,1225.0,545.0,540.0,0.0,18.0,,,,,
38,125029,1,,,,,,1093.0,1571.0,776.0,778.0,19.0
39,57120,0,1225.0,545.0,540.0,0.0,18.0,,,,,
40,125079,1,,,,,,1094.0,1572.0,777.0,778.0,20.0
41,57170,0,1226.0,546.0,541.0,0.0,19.0,,,,,
42,125129,1,,,,,,1095.0,1573.0,777.0,779.0,20.0
43,57220,0,1226.0,546.0,541.0,0.0,19.0,,,,,
44,125179,1,,,,,,1096.0,1574.0,778.0,779.0,20.0
45,57270,0,1227.0,547.0,542.0,0.0,20.0,,,,,
46,125229,1,,,,,,1097.0,1575.0,778.0,780.0,21.0
47,57320,0,1227.0,547.0,542.0,0.0,20.0,,,,,
48,125279,1,,,,,,1098.0,1576.0,779.0,780.0,24.0
49,57370,0,1228.0,548.0,543.0,0.0,22.0,,,,,
50,125329,1,,,,,,1099.0,1577.0,779.0,781.0,23.0
51,57420,0,1228.0,548.0,543.0,0.0,22.0,,,,,
52,125379,1,,,,,,1100.0,1578.0,779.0,782.0,23.0
53,57470,0,1229.0,549.0,544.0,0.0,23.0,,,,,
54,125429,1,,,,,,1101.0,1579.0,780.0,782.0,22.0
55,57520,0,1229.0,549.0,544.0,0.0,23.0,,,,,
56,125479,1,,,,,,1102.0,1580.0,781.0,782.0,22.0
57,57570,0,1230.0,550.0,545.0,0.0,22.0,,,,,
58,125529,1,,,,,,1103.0,1581.0,781.0,783.0,23.0
59,57620,0,1230.0,550.0,545.0,0.0,22.0,,,,,
60,125579,1,,,,,,1104.0,1582.0,782.0,783.0,22.0
61,57670,0,1231.0,551.0,546.0,0.0,22.0,,,,,
62,125629,1,,,,,,1105.0,1583.0,782.0,784.0,22.0
63,57720,0,1231.0,551.0,546.0,0.0,22.0,,,,,
64,125679,1,,,,,,1106.0,1584.0,783.0,784.0,20.0
65,57770,0,1232.0,552.0,547.0,0.0,22.0,,,,,
66,125729,1,,,,,,1107.0,1585.0,783.0,785.0,21.0
67,57820,0,1232.0,552.0,547.0,0.0,22.0,,,,,
68,125779,1,,,,,,1108.0,1586.0,783.0,786.0,21.0
69,57870,0,1233.0,553.0,548.0,0.0,21.0,,,,,
70,125829,1,,,,,,1109.0,1587.0,784.0,786.0,22.0
71,57920,0,1233.0,553.0,548.0,0.0,21.0,,,,,
72,125879,1,,,,,,1110.0,1588.0,785.0,786.0,18.0
73,57970,0,1234.0,554.0,549.0,0.0,21.0,,,,,
74,125929,1,,,,,,1111.0,1589.0,785.0,787.0,19.0
75,58020,0,1234.0,554.0,549.0,0.0,21.0,,,,,
76,125979,1,,,,,,1112.0,1590.0,786.0,787.0,22.0
77,58070,0,1235.0,555.0,550.0,0.0,19.0,,,,,
78,126029,1,,,,,,1113.0,1591.0,786.0,788.0,22.0
79,58120,0,1235.0,555.0,550.0,0.0,19.0,,,,,
80,126079,1,,,,,,1114.0,1592.0,787.0,788.0,22.0
81,58170,0,1236.0,556.0,551.0,0.0,22.0,,,,,
82,126129,1,,,,,,1115.0,1593.0,787.0,789.0,22.0
83,58220,0,1236.0,556.0,551.0,0.0,22.0,,,,,
84,126179,1,,,,,,1116.0,1594.0,788.0,789.0,19.0
85,58270,0,1237.0,557.0,552.0,0.0,22.0,,,,,
86,126229,1,,,,,,1117.0,1595.0,788.0,790.0,20.0
87,58320,0,1237.0,557.0,552.0,0.0,22.0,,,,,
88,126279,1,,,,,,1118.0,1596.0,788.0,791.0,19.0
89,58370,0,1238.0,558.0,553.0,0.0,19.0,,,,,
90,126329,1,,,,,,1119.0,1597.0,789.0,791.0,18.0
91,58420,0,1238.0,558.0,553.0,0.0,19.0,,,,,
92,126379,1,,,,,,1120.0,1598.0,790.0,791.0,25.0
93,58470,0,1239.0,559.0,554.0,0.0,19.0,,,,,
94,126429,1,,,,,,1121.0,1599.0,790.0,792.0,26.0
95,58520,0,1239.0,559.0,554.0,0.0,19.0,,,,,
96,126479,1,,,,,,1122.0,1600.0,791.0,792.0,23.0
97,58570,0,1240.0,560.0,555.0,0.0,27.0,,,,,
98,126529,1,,,,,,1123.0,1601.0,791.0,793.0,22.0
99,58620,0,1240.0,560.0,555.0,0.0,27.0,,,,,
100,126579,1,,,,,,1124.0,1602.0,791.0,794.0,22.0
101,58670,0,1241.0,561.0,556.0,0.0,22.0,,,,,
102,126629,1,,,,,,1125.0,1603.0,792.0,794.0,20.0
103,58720,0,1241.0,561.0,556.0,0.0,22.0,,,,,
104,126679,1,,,,,,1126.0,1604.0,793.0,794.0,22.0
105,58770,0,1242.0,562.0,557.0,0.0,21.0,,,,,
106,126729,1,,,,,,1127.0,1605.0,793.0,795.0,21.0
107,58820,0,1242.0,562.0,557.0,0.0,21.0,,,,,
108,126779,1,,,,,,1128.0,1606.0,794.0,795.0,19.0
109,58870,0,1243.0,563.0,558.0,0.0,21.0,,,,,
110,126829,1,,,,,,1129.0,1607.0,794.0,796.0,20.0
111,58920,0,1243.0,563.0,558.0,0.0,21.0,,,,,
112,126879,1,,,,,,1130.0,1608.0,795.0,796.0,22.0
113,58970,0,1244.0,564.0,559.0,0.0,20.0,,,,,
114,126929,1,,,,,,1131.0,1609.0,795.0,797.0,20.0
115,59020,0,1244.0,564.0,559.0,0.0,20.0,,,,,
116,126979,1,,,,,,1132.0,1610.0,796.0,797.0,20.0
117,59070,0,1245.0,565.0,560.0,0.0,21.0,,,,,
118,127029,1,,,,,,1133.0,1611.0,796.0,798.0,20.0
119,59120,0,1245.0,565.0,560.0,0.0,21.0,,,,,
120,127079,1,,,,,,1134.0,1612.0,796.0,799.0,22.0
121,59170,0,1246.0,566.0,561.0,0.0,22.0,,,,,
122,127129,1,,,,,,1135.0,1613.0,797.0,799.0,25.0
123,59220,0,1246.0,566.0,561.0,0.0,22.0,,,,,
124,127179,1,,,,,,1136.0,1614.0,798.0,799.0,21.0
125,59270,0,1247.0,567.0,562.0,0.0,24.0,,,,,
126,127229,1,,,,,,1137.0,1615.0,798.0,800.0,21.0
127,59320,0,1247.0,567.0,562.0,0.0,24.0,,,,,
128,127279,1,,,,,,1138.0,1616.0,799.0,800.0,21.0
129,59370,0,1248.0,568.0,563.0,0.0,21.0,,,,,
130,127329,1,,,,,,1139.0,1617.0,799.0,801.0,22.0
131,59420,0,1248.0,568.0,563.0,0.0,21.0,,,,,
132,127379,1,,,,,,1140.0,1618.0,800.0,801.0,23.0
133,59470,0,1249.0,569.0,564.0,0.0,22.0,,,,,
134,127429,1,,,,,,1141.0,1619.0,800.0,802.0,21.0
135,59520,0,1249.0,569.0,564.0,0.0,22.0,,,,,
136,127479,1,,,,,,1142.0,1620.0,800.0,803.0,23.0
137,59570,0,1250.0,570.0,565.0,0.0,23.0,,,,,
138,127529,1,,,,,,1143.0,1621.0,801.0,803.0,22.0
139,59620,0,1250.0,570.0,565.0,0.0,23.0,,,,,
140,127579,1,,,,,,1144.0,1622.0,802.0,803.0,18.0
141,59670,0,1251.0,571.0,566.0,0.0,23.0,,,,,
142,127629,1,,,,,,1145.0,1623.0,802.0,804.0,16.0
143,59720,0,1251.0,571.0,566.0,0.0,23.0,,,,,
144,127679,1,,,,,,1146.0,1624.0,803.0,804.0,22.0
145,59770,0,1252.0,572.0,567.0,0.0,17.0,,,,,
146,127729,1,,,,,,1147.0,1625.0,803.0,805.0,23.0
147,59820,0,1252.0,572.0,567.0,0.0,17.0,,,,,
148,127779,1,,,,,,1148.0,1626.0,804.0,805.0,18.0
149,59870,0,1253.0,573.0,568.0,0.0,22.0,,,,,
150,127829,1,,,,,,1149.0,1627.0,804.0,806.0,19.0
151,59920,0,1253.0,573.0,568.0,0.0,22.0,,,,,
152,127879,1,,,,,,1150.0,1628.0,804.0,807.0,18.0
153,59970,0,1254.0,574.0,569.0,0.0,18.0,,,,,
154,127929,1,,,,,,1151.0,1629.0,805.0,807.0,19.0
155,60020,0,1254.0,574.0,569.0,0.0,18.0,,,,,
156,127979,1,,,,,,1152.0,1630.0,806.0,807.0,24.0
157,60070,0,1255.0,575.0,570.0,0.0,20.0,,,,,
158,128029,1,,,,,,1153.0,1631.0,806.0,808.0,24.0
159,60120,0,1255.0,575.0,570.0,0.0,20.0,,,,,
160,128079,1,,,,,,1154.0,1632.0,807.0,808.0,26.0
161,60170,0,1256.0,576.0,571.0,0.0,25.0,,,,,
162,128129,1,,,,,,1155.0,1633.0,807.0,809.0,25.0
163,60220,0,1256.0,576.0,571.0,0.0,25.0,,,,,
164,128179,1,,,,,,1156.0,1634.0,808.0,809.0,26.0
165,60270,0,1257.0,577.0,572.0,0.0,27.0,,,,,
166,128229,1,,,,,,1157.0,1635.0,808.0,810.0,23.0
167,60320,0,1257.0,577.0,572.0,0.0,27.0,,,,,
168,128279,1,,,,,,1158.0,1636.0,808.0,811.0,24.0
169,60370,0,1258.0,578.0,573.0,0.0,24.0,,,,,
170,128329,1,,,,,,1159.0,1637.0,809.0,811.0,23.0
171,60420,0,1258.0,578.0,573.0,0.0,24.0,,,,,
172,128379,1,,,,,,1160.0,1638.0,810.0,811.0,26.0
173,60470,0,1259.0,579.0,574.0,0.0,24.0,,,,,
174,128429,1,,,,,,1161.0,1639.0,810.0,812.0,24.0
175,60520,0,1259.0,579.0,574.0,0.0,24.0,,,,,
176,128479,1,,,,,,1162.0,1640.0,811.0,812.0,18.0
177,60570,0,1260.0,580.0,575.0,0.0,24.0,,,,,
178,128529,1,,,,,,1163.0,1641.0,811.0,813.0,20.0
179,60620,0,1260.0,580.0,575.0,0.0,24.0,,,,,
180,128579,1,,,,,,1164.0,1642.0,812.0,813.0,22.0
181,60670,0,1261.0,581.0,576.0,0.0,19.0,,,,,
182,128629,1,,,,,,1165.0,1643.0,812.0,814.0,21.0
183,60720,0,1261.0,581.0,576.0,0.0,19.0,,,,,
184,128679,1,,,,,,1166.0,1644.0,812.0,815.0,23.0
185,60770,0,1262.0,582.0,577.0,0.0,23.0,,,,,
186,128729,1,,,,,,1167.0,1645.0,813.0,815.0,25.0
187,60820,0,1262.0,582.0,577.0,0.0,23.0,,,,,
188,128779,1,,,,,,1168.0,1646.0,814.0,815.0,20.0
189,60870,0,1263.0,583.0,578.0,0.0,23.0,,,,,
190,128829,1,,,,,,1169.0,1647.0,814.0,816.0,23.0
191,60920,0,1263.0,583.0,578.0,0.0,23.0,,,,,
192,128879,1,,,,,,1170.0,1648.0,815.0,816.0,21.0
193,60970,0,1264.0,584.0,579.0,0.0,22.0,,,,,
194,128929,1,,,,,,1171.0,1649.0,815.0,817.0,21.0
195,61020,0,1264.0,584.0,579.0,0.0,22.0,,,,,
196,128979,1,,,,,,1172.0,1650.0,816.0,817.0,17.0
197,61070,0,1265.0,585.0,580.0,0.0,20.0,,,,,
198,129029,1,,,,,,1173.0,1651.0,816.0,818.0,19.0
199,61120,0,1265.0,585.0,580.0,0.0,20.0,,,,,
200,129079,1,,,,,,1174.0,1652.0,816.0,819.0,18.0
201,61170,0,1266.0,586.0,581.0,0.0,18.0,,,,,
202,129129,1,,,,,,1175.0,1653.0,817.0,819.0,21.0
203,61220,0,1266.0,586.0,581.0,0.0,18.0,,,,,
204,129179,1,,,,,,1176.0,1654.0,818.0,819.0,21.0
205,61270,0,1267.0,587.0,582.0,0.0,22.0,,,,,
206,129229,1,,,,,,1177.0,1655.0,818.0,820.0,22.0
207,61320,0,1267.0,587.0,582.0,0.0,22.0,,,,,
208,129279,1,,,,,,1178.0,1656.0,819.0,820.0,21.0
209,61370,0,1268.0,588.0,583.0,0.0,21.0,,,,,
210,129329,1,,,,,,1179.0,1657.0,819.0,821.0,22.0
211,61420,0,1269.0,589.0,584.0,0.0,22.0,,,,,
212,129379,1,,,,,,1180.0,1658.0,820.0,821.0,21.0
213,61470,0,1269.0,589.0,584.0,0.0,22.0,,,,,
214,129429,1,,,,,,1181.0,1659.0,820.0,822.0,22.0
215,61520,0,1270.0,590.0,585.0,0.0,21.0,,,,,
216,129479,1,,,,,,1182.0,1660.0,820.0,823.0,21.0
217,61570,0,1270.0,590.0,585.0,0.0,21.0,,,,,
218,129529,1,,,,,,1183.0,1661.0,821.0,823.0,25.0
219,61620,0,1271.0,591.0,586.0,0.0,28.0,,,,,
220,129579,1,,,,,,1184.0,1662.0,822.0,823.0,29.0
221,61670,0,1271.0,591.0,586.0,0.0,28.0,,,,,
222,129629,1,,,,,,1185.0,1663.0,822.0,824.0,24.0
223,61720,0,1272.0,592.0,587.0,0.0,27.0,,,,,
224,129679,1,,,,,,1186.0,1664.0,823.0,824.0,23.0
225,61770,0,1272.0,592.0,587.0,0.0,27.0,,,,,
226,129729,1,,,,,,1187.0,1665.0,823.0,825.0,23.0
227,61820,0,1273.0,593.0,588.0,0.0,24.0,,,,,
228,129779,1,,,,,,1188.0,1666.0,824.0,825.0,25.0
229,61870,0,1273.0,593.0,588.0,0.0,24.0,,,,,
230,129829,1,,,,,,1189.0,1667.0,824.0,826.0,24.0
231,61920,0,1274.0,594.0,589.0,0.0,25.0,,,,,
232,129879,1,,,,,,1190.0,1668.0,824.0,827.0,25.0
233,61970,0,1274.0,594.0,589.0,0.0,25.0,,,,,
234,129929,1,,,,,,1191.0,1669.0,825.0,827.0,27.0
235,62020,0,1275.0,595.0,590.0,0.0,27.0,,,,,
236,129979,1,,,,,,1192.0,1670.0,826.0,827.0,22.0
237,62070,0,1275.0,595.0,590.0,0.0,27.0,,,,,
238,130029,1,,,,,,1193.0,1671.0,826.0,828.0,22.0
239,62120,0,1276.0,596.0,591.0,0.0,21.0,,,,,
240,130079,1,,,,,,1194.0,1672.0,827.0,828.0,20.0
241,62170,0,1276.0,596.0,591.0,0.0,21.0,,,,,
242,130129,1,,,,,,1195.0,1673.0,827.0,829.0,22.0
243,62220,0,1277.0,597.0,592.0,0.0,20.0,,,,,
244,130179,1,,,,,,1196.0,1674.0,828.0,829.0,22.0
245,62270,0,1277.0,597.0,592.0,0.0,20.0,,,,,
246,130229,1,,,,,,1197.0,1675.0,828.0,830.0,23.0
247,62320,0,1278.0,598.0,593.0,0.0,24.0,,,,,
248,130279,1,,,,,,1198.0,1676.0,828.0,831.0,24.0
249,62370,0,1278.0,598.0,593.0,0.0,24.0,,,,,
250,130329,1,,,,,,1199.0,1677.0,829.0,831.0,24.0
251,62420,0,1279.0,599.0,594.0,0.0,25.0,,,,,
252,130379,1,,,,,,1200.0,1678.0,830.0,831.0,24.0
253,62470,0,1279.0,599.0,594.0,0.0,25.0,,,,,
254,130429,1,,,,,,1201.0,1679.0,830.0,832.0,23.0
255,62520,0,1280.0,600.0,595.0,0.0,23.0,,,,,
256,130479,1,,,,,,1202.0,1680.0,831.0,832.0,21.0
257,62570,0,1280.0,600.0,595.0,0.0,23.0,,,,,
258,130529,1,,,,,,1203.0,1681.0,831.0,833.0,21.0
259,62620,0,1281.0,601.0,596.0,0.0,22.0,,,,,
260,130579,1,,,,,,1204.0,1682.0,832.0,833.0,25.0
261,62670,0,1281.0,601.0,596.0,0.0,22.0,,,,,
262,130629,1,,,,,,1205.0,1683.0,832.0,834.0,24.0
263,62720,0,1282.0,602.0,597.0,0.0,24.0,,,,,
264,130679,1,,,,,,1206.0,1684.0,833.0,834.0,22.0
265,62770,0,1282.0,602.0,597.0,0.0,24.0,,,,,
266,130729,1,,,,,,1207.0,1685.0,833.0,835.0,23.0
267,62820,0,1283.0,603.0,598.0,0.0,22.0,,,,,
268,130779,1,,,,,,1208.0,1686.0,833.0,836.0,22.0
269,62870,0,1283.0,603.0,598.0,0.0,22.0,,,,,
270,130829,1,,,,,,1209.0,1687.0,834.0,836.0,22.0
271,62920,0,1284.0,604.0,599.0,0.0,23.0,,,,,
272,130879,1,,,,,,1210.0,1688.0,835.0,836.0,22.0
273,62970,0,1284.0,604.0,599.0,0.0,23.0,,,,,
274,130929,1,,,,,,1211.0,1689.0,835.0,837.0,21.0
275,63020,0,1285.0,605.0,600.0,0.0,21.0,,,,,
276,130979,1,,,,,,1212.0,1690.0,836.0,837.0,21.0
277,63070,0,1285.0,605.0,600.0,0.0,21.0,,,,,
278,131029,1,,,,,,1213.0,1691.0,836.0,838.0,22.0
279,63120,0,1286.0,606.0,601.0,0.0,22.0,,,,,
280,131079,1,,,,,,1214.0,1692.0,837.0,838.0,23.0
281,63170,0,1286.0,606.0,601.0,0.0,22.0,,,,,
282,131129,1,,,,,,1215.0,1693.0,837.0,839.0,21.0
283,63220,0,1287.0,607.0,602.0,0.0,22.0,,,,,
284,131179,1,,,,,,1216.0,1694.0,837.0,840.0,22.0
285,63270,0,1287.0,607.0,602.0,0.0,22.0,,,,,
286,131229,1,,,,,,1217.0,1695.0,838.0,840.0,19.0
287,63320,0,1288.0,608.0,603.0,0.0,19.0,,,,,
288,131279,1,,,,,,1218.0,1696.0,839.0,840.0,21.0
289,63370,0,1288.0,608.0,603.0,0.0,19.0,,,,,
290,131329,1,,,,,,1219.0,1697.0,839.0,841.0,22.0
291,63420,0,1289.0,609.0,604.0,0.0,22.0,,,,,
292,131379,1,,,,,,1220.0,1698.0,840.0,841.0,26.0
293,63470,0,1289.0,609.0,604.0,0.0,22.0,,,,,
294,131429,1,,,,,,1221.0,1699.0,840.0,842.0,26.0
295,63520,0,1290.0,610.0,605.0,0.0,27.0,,,,,
296,131479,1,,,,,,1222.0,1700.0,841.0,842.0,23.0
297,63570,0,1290.0,610.0,605.0,0.0,27.0,,,,,
298,131529,1,,,,,,1223.0,1701.0,841.0,843.0,22.0
299,63620,0,1291.0,611.0,606.0,0.0,22.0,,,,,
300,131579,1,,,,,,1224.0,1702.0,841.0,844.0,22.0
301,63670,0,1291.0,611.0,606.0,0.0,22.0,,,,,
302,131629,1,,,,,,1225.0,1703.0,842.0,844.0,18.0
303,63720,0,1292.0,612.0,607.0,0.0,19.0,,,,,
304,131679,1,,,,,,1226.0,1704.0,843.0,844.0,24.0
305,63770,0,1292.0,612.0,607.0,0.0,19.0,,,,,
306,131729,1,,,,,,1227.0,1705.0,843.0,845.0,24.0
307,63820,0,1293.0,613.0,608.0,0.0,25.0,,,,,
308,131779,1,,,,,,1228.0,1706.0,844.0,845.0,26.0
309,63870,0,1293.0,613.0,608.0,0.0,25.0,,,,,
310,131829,1,,,,,,1229.0,1707.0,844.0,846.0,24.0
311,63920,0,1294.0,614.0,609.0,0.0,27.0,,,,,
312,131879,1,,,,,,1230.0,1708.0,845.0,846.0,26.0
313,63970,0,1294.0,614.0,609.0,0.0,27.0,,,,,
314,131929,1,,,,,,1231.0,1709.0,845.0,847.0,26.0
315,64020,0,1295.0,615.0,610.0,0.0,26.0,,,,,
316,131979,1,,,,,,1232.0,1710.0,845.0,848.0,26.0
317,64070,0,1295.0,615.0,610.0,0.0,26.0,,,,,
318,132029,1,,,,,,1233.0,1711.0,846.0,848.0,26.0
319,64120,0,1296.0,616.0,611.0,0.0,26.0,,,,,
320,132079,1,,,,,,1234.0,1712.0,847.0,848.0,24.0
321,64170,0,1296.0,616.0,611.0,0.0,26.0,,,,,
322,132129,1,,,,,,1235.0,1713.0,847.0,849.0,23.0
323,64220,0,1297.0,617.0,612.0,0.0,24.0,,,,,
324,132179,1,,,,,,1236.0,1714.0,848.0,849.0,23.0
325,64270,0,1297.0,617.0,612.0,0.0,24.0,,,,,
326,132229,1,,,,,,1237.0,1715.0,848.0,850.0,22.0
327,64320,0,1298.0,618.0,613.0,0.0,24.0,,,,,
328,132279,1,,,,,,1238.0,1716.0,849.0,850.0,25.0
329,64370,0,1298.0,618.0,613.0,0.0,24.0,,,,,
330,132329,1,,,,,,1239.0,1717.0,849.0,851.0,25.0
331,64420,0,1299.0,619.0,614.0,0.0,25.0,,,,,
332,132379,1,,,,,,1240.0,1718.0,849.0,852.0,25.0
333,64470,0,1299.0,619.0,614.0,0.0,25.0,,,,,
334,132429,1,,,,,,1241.0,1719.0,850.0,852.0,25.0
335,64520,0,1300.0,620.0,615.0,0.0,25.0,,,,,
336,132479,1,,,,,,1242.0,1720.0,851.0,852.0,29.0
337,64570,0,1300.0,620.0,615.0,0.0,25.0,,,,,
338,132529,1,,,,,,1243.0,1721.0,851.0,853.0,32.0
339,64620,0,1301.0,621.0,616.0,0.0,29.0,,,,,
340,132579,1,,,,,,1244.0,1722.0,852.0,853.0,22.0
341,64670,0,1301.0,621.0,616.0,0.0,29.0,,,,,
342,132629,1,,,,,,1245.0,1723.0,852.0,854.0,22.0
343,64720,0,1302.0,622.0,617.0,0.0,21.0,,,,,
344,132679,1,,,,,,1246.0,1724.0,853.0,854.0,22.0
345,64770,0,1302.0,622.0,617.0,0.0,21.0,,,,,
346,132729,1,,,,,,1247.0,1725.0,853.0,855.0,24.0
347,64820,0,1303.0,623.0,618.0,0.0,23.0,,,,,
348,132779,1,,,,,,1248.0,1726.0,853.0,856.0,23.0
349,64870,0,1303.0,623.0,618.0,0.0,23.0,,,,,
350,132829,1,,,,,,1249.0,1727.0,854.0,856.0,22.0
351,64920,0,1304.0,624.0,619.0,0.0,22.0,,,,,
352,132879,1,,,,,,1250.0,1728.0,855.0,856.0,28.0
353,64970,0,1304.0,624.0,619.0,0.0,22.0,,,,,
354,132929,1,,,,,,1251.0,1729.0,855.0,857.0,27.0
355,65020,0,1305.0,625.0,620.0,0.0,28.0,,,,,
356,132979,1,,,,,,1252.0,1730.0,856.0,857.0,22.0
357,65070,0,1305.0,625.0,620.0,0.0,28.0,,,,,
358,133029,1,,,,,,1253.0,1731.0,856.0,858.0,22.0
359,65120,0,1306.0,626.0,621.0,0.0,22.0,,,,,
360,133079,1,,,,,,1254.0,1732.0,857.0,858.0,24.0
361,65170,0,1306.0,626.0,621.0,0.0,22.0,,,,,
362,133129,1,,,,,,1255.0,1733.0,857.0,859.0,24.0
363,65220,0,1307.0,627.0,622.0,0.0,23.0,,,,,
364,133179,1,,,,,,1256.0,1734.0,857.0,860.0,23.0
365,65270,0,1307.0,627.0,622.0,0.0,23.0,,,,,
366,133229,1,,,,,,1257.0,1735.0,858.0,860.0,18.0
367,65320,0,1308.0,628.0,623.0,0.0,18.0,,,,,
368,133279,1,,,,,,1258.0,1736.0,859.0,860.0,20.0
369,65370,0,1308.0,628.0,623.0,0.0,18.0,,,,,
370,133329,1,,,,,,1259.0,1737.0,859.0,861.0,21.0
371,65420,0,1309.0,629.0,624.0,0.0,21.0,,,,,
372,133379,1,,,,,,1260.0,1738.0,860.0,861.0,22.0
373,65470,0,1309.0,629.0,624.0,0.0,21.0,,,,,
374,133429,1,,,,,,1261.0,1739.0,860.0,862.0,23.0
375,65520,0,1310.0,630.0,625.0,0.0,24.0,,,,,
376,133479,1,,,,,,1262.0,1740.0,861.0,862.0,25.0
377,65570,0,1310.0,630.0,625.0,0.0,24.0,,,,,
378,133529,1,,,,,,1263.0,1741.0,861.0,863.0,23.0
379,65620,0,1311.0,631.0,626.0,0.0,25.0,,,,,
380,133579,1,,,,,,1264.0,1742.0,861.0,864.0,25.0
381,65670,0,1311.0,631.0,626.0,0.0,25.0,,,,,
382,133629,1,,,,,,1265.0,1743.0,862.0,864.0,21.0
383,65720,0,1312.0,632.0,627.0,0.0,21.0,,,,,
384,133679,1,,,,,,1266.0,1744.0,863.0,864.0,25.0
385,65770,0,1312.0,632.0,627.0,0.0,21.0,,,,,
386,133729,1,,,,,,1267.0,1745.0,863.0,865.0,28.0
387,65820,0,1313.0,633.0,628.0,0.0,27.0,,,,,
388,133779,1,,,,,,1268.0,1746.0,864.0,865.0,23.0
389,65870,0,1313.0,633.0,628.0,0.0,27.0,,,,,
390,133829,1,,,,,,1269.0,1747.0,864.0,866.0,22.0
391,65920,0,1314.0,634.0,629.0,0.0,22.0,,,,,
392,133879,1,,,,,,1270.0,1748.0,865.0,866.0,21.0
393,65970,0,1314.0,634.0,629.0,0.0,22.0,,,,,
394,133929,1,,,,,,1271.0,1749.0,865.0,867.0,22.0
395,66020,0,1315.0,635.0,630.0,0.0,22.0,,,,,
396,133979,1,,,,,,1272.0,1750.0,865.0,868.0,22.0
397,66070,0,1315.0,635.0,630.0,0.0,22.0,,,,,
398,134029,1,,,,,,1273.0,1751.0,866.0,868.0,27.0
399,66120,0,1316.0,636.0,631.0,0.0,29.0,,,,,
400,134079,1,,,,,,1274.0,1752.0,867.0,868.0,26.0
401,66170,0,1316.0,636.0,631.0,0.0,29.0,,,,,
402,134129,1,,,,,,1275.0,1753.0,867.0,869.0,26.0
403,66220,0,1317.0,637.0,632.0,0.0,25.0,,,,,
404,134179,1,,,,,,1276.0,1754.0,868.0,869.0,22.0
405,66270,0,1317.0,637.0,632.0,0.0,25.0,,,,,
406,134229,1,,,,,,1277.0,1755.0,868.0,870.0,22.0
407,66320,0,1318.0,638.0,633.0,0.0,22.0,,,,,
408,134279,1,,,,,,1278.0,1756.0,869.0,870.0,26.0
409,66370,0,1318.0,638.0,633.0,0.0,22.0,,,,,
410,134329,1,,,,,,1279.0,1757.0,869.0,871.0,27.0
411,66420,0,1319.0,639.0,634.0,0.0,27.0,,,,,
412,134379,1,,,,,,1280.0,1758.0,869.0,872.0,27.0
413,66470,0,1319.0,639.0,634.0,0.0,27.0,,,,,
414,134429,1,,,,,,1281.0,1759.0,870.0,872.0,24.0
415,66520,0,1320.0,640.0,635.0,0.0,23.0,,,,,
416,134479,1,,,,,,1282.0,1760.0,871.0,872.0,25.0
417,66570,0,1320.0,640.0,635.0,0.0,23.0,,,,,
418,134529,1,,,,,,1283.0,1761.0,871.0,873.0,26.0
419,66620,0,1321.0,641.0,636.0,0.0,26.0,,,,,
420,134579,1,,,,,,1284.0,1762.0,872.0,873.0,24.0
421,66670,0,1321.0,641.0,636.0,0.0,26.0,,,,,
422,134629,1,,,,,,1285.0,1763.0,872.0,874.0,22.0
423,66720,0,1322.0,642.0,637.0,0.0,24.0,,,,,
424,134679,1,,,,,,1286.0,1764.0,873.0,874.0,28.0
425,66770,0,1322.0,642.0,637.0,0.0,24.0,,,,,
426,134729,1,,,,,,1287.0,1765.0,873.0,875.0,28.0
427,66820,0,1323.0,643.0,638.0,0.0,28.0,,,,,
428,134779,1,,,,,,1288.0,1766.0,873.0,876.0,28.0
429,66870,0,1323.0,643.0,638.0,0.0,28.0,,,,,
430,134829,1,,,,,,1289.0,1767.0,874.0,876.0,23.0
431,66920,0,1324.0,644.0,639.0,0.0,23.0,,,,,
432,134879,1,,,,,,1290.0,1768.0,875.0,876.0,23.0
433,66970,0,1324.0,644.0,639.0,0.0,23.0,,,,,
434,134929,1,,,,,,1291.0,1769.0,875.0,877.0,24.0
435,67020,0,1325.0,645.0,640.0,0.0,24.0,,,,,
436,134979,1,,,,,,1292.0,1770.0,876.0,877.0,27.0
437,67070,0,1325.0,645.0,640.0,0.0,24.0,,,,,
438,135029,1,,,,,,1293.0,1771.0,876.0,878.0,27.0
439,67120,0,1326.0,646.0,641.0,0.0,28.0,,,,,
440,135079,1,,,,,,1294.0,1772.0,877.0,878.0,24.0
441,67170,0,1326.0,646.0,641.0,0.0,28.0,,,,,
442,135129,1,,,,,,1295.0,1773.0,877.0,879.0,24.0
443,67220,0,1327.0,647.0,642.0,0.0,24.0,,,,,
444,135179,1,,,,,,1296.0,1774.0,877.0,880.0,24.0
445,67270,0,1327.0,647.0,642.0,0.0,24.0,,,,,
446,135229,1,,,,,,1297.0,1775.0,878.0,880.0,27.0
447,67320,0,1328.0,648.0,643.0,0.0,26.0,,,,,
448,135279,1,,,,,,1298.0,1776.0,879.0,880.0,24.0
449,67370,0,1328.0,648.0,643.0,0.0,26.0,,,,,
450,135329,1,,,,,,1299.0,1777.0,879.0,881.0,26.0
451,67420,0,1329.0,649.0,644.0,0.0,26.0,,,,,
452,135379,1,,,,,,1300.0,1778.0,880.0,881.0,24.0
453,67470,0,1329.0,649.0,644.0,0.0,26.0,,,,,
454,135429,1,,,,,,1301.0,1779.0,880.0,882.0,25.0
455,67520,0,1330.0,650.0,645.0,0.0,23.0,,,,,
456,135479,1,,,,,,1302.0,1780.0,881.0,882.0,27.0
457,67570,0,1330.0,650.0,645.0,0.0,23.0,,,,,
458,135529,1,,,,,,1303.0,1781.0,881.0,883.0,26.0
459,67620,0,1331.0,651.0,646.0,0.0,27.0,,,,,
460,135579,1,,,,,,1304.0,1782.0,882.0,883.0,21.0
461,67670,0,1331.0,651.0,646.0,0.0,27.0,,,,,
462,135629,1,,,,,,1305.0,1783.0,882.0,884.0,22.0
463,67720,0,1332.0,652.0,647.0,0.0,21.0,,,,,
464,135679,1,,,,,,1306.0,1784.0,882.0,885.0,21.0
465,67770,0,1332.0,652.0,647.0,0.0,21.0,,,,,
466,135729,1,,,,,,1307.0,1785.0,883.0,885.0,25.0
467,67820,0,1333.0,653.0,648.0,0.0,27.0,,,,,
468,135779,1,,,,,,1308.0,1786.0,884.0,885.0,23.0
469,67870,0,1333.0,653.0,648.0,0.0,27.0,,,,,
470,135829,1,,,,,,1309.0,1787.0,884.0,886.0,23.0
471,67920,0,1334.0,654.0,649.0,0.0,23.0,,,,,
472,135879,1,,,,,,1310.0,1788.0,885.0,886.0,26.0
473,67970,0,1334.0,654.0,649.0,0.0,23.0,,,,,
474,135929,1,,,,,,1311.0,1789.0,885.0,887.0,26.0
475,68020,0,1335.0,655.0,650.0,0.0,27.0,,,,,
476,135979,1,,,,,,1312.0,1790.0,885.0,888.0,27.0
477,68070,0,1335.0,655.0,650.0,0.0,27.0,,,,,
478,136029,1,,,,,,1313.0,1791.0,886.0,888.0,24.0
479,68120,0,1336.0,656.0,651.0,0.0,24.0,,,,,
480,136079,1,,,,,,1314.0,1792.0,887.0,888.0,22.0
481,68170,0,1336.0,656.0,651.0,0.0,24.0,,,,,
482,136129,1,,,,,,1315.0,1793.0,887.0,889.0,22.0
483,68220,0,1337.0,657.0,652.0,0.0,21.0,,,,,
484,136179,1,,,,,,1316.0,1794.0,888.0,889.0,22.0
485,68270,0,1337.0,657.0,652.0,0.0,21.0,,,,,
486,136229,1,,,,,,1317.0,1795.0,888.0,890.0,26.0
487,68320,0,1338.0,658.0,653.0,0.0,25.0,,,,,
488,136279,1,,,,,,1318.0,1796.0,889.0,890.0,24.0
489,68370,0,1338.0,658.0,653.0,0.0,25.0,,,,,
490,136329,1,,,,,,1319.0,1797.0,889.0,891.0,23.0
491,68420,0,1339.0,659.0,654.0,0.0,23.0,,,,,
492,136379,1,,,,,,1320.0,1798.0,890.0,891.0,24.0
493,68470,0,1339.0,659.0,654.0,0.0,23.0,,,,,
494,136429,1,,,,,,1321.0,1799.0,890.0,892.0,25.0
495,68520,0,1340.0,660.0,655.0,0.0,26.0,,,,,
496,136479,1,,,,,,1322.0,1800.0,890.0,893.0,26.0
497,68570,0,1340.0,660.0,655.0,0.0,26.0,,,,,
498,136529,1,,,,,,1323.0,1801.0,891.0,893.0,23.0
499,68620,0,1341.0,661.0,656.0,0.0,22.0,,,,,
500,136579,1,,,,,,1324.0,1802.0,892.0,893.0,26.0
501,68670,0,1341.0,661.0,656.0,0.0,22.0,,,,,
502,136629,1,,,,,,1325.0,1803.0,892.0,894.0,28.0
503,68720,0,1342.0,662.0,657.0,0.0,26.0,,,,,
504,136679,1,,,,,,1326.0,1804.0,893.0,894.0,23.0
505,68770,0,1342.0,662.0,657.0,0.0,26.0,,,,,
506,136729,1,,,,,,1327.0,1805.0,893.0,895.0,23.0
507,68820,0,1343.0,663.0,658.0,0.0,23.0,,,,,
508,136779,1,,,,,,1328.0,1806.0,894.0,895.0,22.0
509,68870,0,1343.0,663.0,658.0,0.0,23.0,,,,,
510,136829,1,,,,,,1329.0,1807.0,894.0,896.0,22.0
511,68920,0,1344.0,664.0,659.0,0.0,22.0,,,,,
512,136879,1,,,,,,1330.0,1808.0,894.0,897.0,22.0
513,68970,0,1344.0,664.0,659.0,0.0,22.0,,,,,
514,136929,1,,,,,,1331.0,1809.0,895.0,897.0,23.0
515,69020,0,1345.0,665.0,659.0,0.0,22.0,,,,,
516,136979,1,,,,,,1332.0,1810.0,896.0,897.0,22.0
517,69070,0,1345.0,665.0,659.0,0.0,22.0,,,,,
518,137029,1,,,,,,1333.0,1811.0,896.0,898.0,23.0
519,69120,0,1346.0,666.0,660.0,0.0,23.0,,,,,
520,137079,1,,,,,,1334.0,1812.0,897.0,898.0,26.0
521,69170,0,1346.0,666.0,660.0,0.0,23.0,,,,,
522,137129,1,,,,,,1335.0,1813.0,897.0,899.0,27.0
523,69220,0,1347.0,667.0,661.0,0.0,27.0,,,,,
524,137179,1,,,,,,1336.0,1814.0,898.0,899.0,23.0
525,69270,0,1347.0,667.0,661.0,0.0,27.0,,,,,
526,137229,1,,,,,,1337.0,1815.0,898.0,900.0,22.0
527,69320,0,1348.0,668.0,662.0,0.0,22.0,,,,,
528,137279,1,,,,,,1338.0,1816.0,898.0,901.0,22.0
529,69370,0,1348.0,668.0,662.0,0.0,22.0,,,,,
530,137329,1,,,,,,1339.0,1817.0,899.0,901.0,23.0
531,69420,0,1349.0,669.0,663.0,0.0,24.0,,,,,
532,137379,1,,,,,,1340.0,1818.0,900.0,901.0,30.0
533,69470,0,1349.0,669.0,663.0,0.0,24.0,,,,,
534,137429,1,,,,,,1341.0,1819.0,900.0,902.0,31.0
535,69520,0,1350.0,670.0,664.0,0.0,31.0,,,,,
536,137479,1,,,,,,1342.0,1820.0,901.0,902.0,23.0
537,69570,0,1350.0,670.0,664.0,0.0,31.0,,,,,
538,137529,1,,,,,,1343.0,1821.0,901.0,903.0,21.0
539,69620,0,1351.0,671.0,665.0,0.0,21.0,,,,,
540,137579,1,,,,,,1344.0,1822.0,902.0,903.0,22.0
541,69670,0,1351.0,671.0,665.0,0.0,21.0,,,,,
542,137629,1,,,,,,1345.0,1823.0,902.0,904.0,23.0
543,69720,0,1352.0,672.0,666.0,0.0,23.0,,,,,
544,137679,1,,,,,,1346.0,1824.0,902.0,905.0,23.0
545,69770,0,1352.0,672.0,666.0,0.0,23.0,,,,,
546,137729,1,,,,,,1347.0,1825.0,903.0,905.0,22.0
547,69820,0,1353.0,673.0,667.0,0.0,22.0,,,,,
548,137779,1,,,,,,1348.0,1826.0,904.0,905.0,26.0
549,69870,0,1353.0,673.0,667.0,0.0,22.0,,,,,
550,137829,1,,,,,,1349.0,1827.0,904.0,906.0,25.0
551,69920,0,1354.0,674.0,668.0,0.0,27.0,,,,,
552,137879,1,,,,,,1350.0,1828.0,905.0,906.0,25.0
553,69970,0,1354.0,674.0,668.0,0.0,27.0,,,,,
554,137929,1,,,,,,1351.0,1829.0,905.0,907.0,26.0
555,70020,0,1355.0,675.0,669.0,0.0,26.0,,,,,
556,137979,1,,,,,,1352.0,1830.0,906.0,907.0,24.0
557,70070,0,1355.0,675.0,669.0,0.0,26.0,,,,,
558,138029,1,,,,,,1353.0,1831.0,906.0,908.0,23.0
559,70120,0,1356.0,676.0,670.0,0.0,25.0,,,,,
560,138079,1,,,,,,1354.0,1832.0,906.0,909.0,25.0
561,70170,0,1356.0,676.0,670.0,0.0,25.0,,,,,
562,138129,1,,,,,,1355.0,1833.0,906.0,909.0,25.0
563,70220,0,1357.0,677.0,671.0,0.0,24.0,,,,,
564,138179,1,,,,,,1356.0,1834.0,907.0,909.0,21.0
565,70270,0,1357.0,677.0,671.0,0.0,24.0,,,,,
566,138229,1,,,,,,1357.0,1835.0,907.0,910.0,20.0
567,70320,0,1358.0,678.0,672.0,0.0,22.0,,,,,
568,138279,1,,,,,,1358.0,1836.0,908.0,910.0,22.0
569,70370,0,1358.0,678.0,672.0,0.0,22.0,,,,,
570,138329,1,,,,,,1359.0,1837.0,908.0,911.0,22.0
571,70420,0,1359.0,679.0,673.0,0.0,22.0,,,,,
572,138379,1,,,,,,1360.0,1838.0,909.0,911.0,24.0
573,70470,0,1359.0,679.0,673.0,0.0,22.0,,,,,
574,138429,1,,,,,,1361.0,1839.0,909.0,912.0,24.0
575,70520,0,1360.0,680.0,674.0,0.0,25.0,,,,,
576,138479,1,,,,,,1362.0,1840.0,909.0,913.0,25.0
577,70570,0,1360.0,680.0,674.0,0.0,25.0,,,,,
578,138529,1,,,,,,1363.0,1841.0,910.0,913.0,26.0
579,70620,0,1361.0,681.0,675.0,0.0,26.0,,,,,
580,138579,1,,,,,,1364.0,1842.0,911.0,913.0,23.0
581,70670,0,1361.0,681.0,675.0,0.0,26.0,,,,,
582,138629,1,,,,,,1365.0,1843.0,911.0,914.0,24.0
583,70720,0,1362.0,682.0,676.0,0.0,24.0,,,,,
584,138679,1,,,,,,1366.0,1844.0,912.0,914.0,24.0
585,70770,0,1362.0,682.0,676.0,0.0,24.0,,,,,
586,138729,1,,,,,,1367.0,1845.0,912.0,915.0,24.0
587,70820,0,1363.0,683.0,677.0,0.0,24.0,,,,,
588,138779,1,,,,,,1368.0,1846.0,913.0,915.0,19.0
589,70870,0,1363.0,683.0,677.0,0.0,24.0,,,,,
590,138829,1,,,,,,1369.0,1847.0,913.0,916.0,21.0
591,70920,0,1364.0,684.0,678.0,0.0,20.0,,,,,
592,138879,1,,,,,,1370.0,1848.0,914.0,916.0,22.0
593,70970,0,1364.0,684.0,678.0,0.0,20.0,,,,,
594,138929,1,,,,,,1371.0,1849.0,914.0,917.0,22.0
595,71020,0,1365.0,685.0,679.0,0.0,22.0,,,,,
596,138979,1,,,,,,1372.0,1850.0,914.0,918.0,22.0
597,71070,0,1365.0,685.0,679.0,0.0,22.0,,,,,
598,139029,1,,,,,,1373.0,1851.0,915.0,918.0,20.0
599,71120,0,1366.0,686.0,680.0,0.0,19.0,,,,,
600,139079,1,,,,,,1374.0,1852.0,916.0,918.0,17.0
601,71170,0,1366.0,686.0,680.0,0.0,19.0,,,,,
602,139129,1,,,,,,1375.0,1853.0,916.0,919.0,17.0
603,71220,0,1367.0,687.0,681.0,0.0,17.0,,,,,
604,139179,1,,,,,,1376.0,1854.0,917.0,919.0,21.0
605,71270,0,1367.0,687.0,681.0,0.0,17.0,,,,,
606,139229,1,,,,,,1377.0,1855.0,917.0,920.0,22.0
607,71320,0,1368.0,688.0,682.0,0.0,22.0,,,,,
608,139279,1,,,,,,1378.0,1856.0,917.0,921.0,22.0
609,71370,0,1368.0,688.0,682.0,0.0,22.0,,,,,
610,139329,1,,,,,,1379.0,1857.0,918.0,921.0,26.0
611,71420,0,1369.0,689.0,683.0,0.0,26.0,,,,,
612,139379,1,,,,,,1380.0,1858.0,919.0,921.0,23.0
613,71470,0,1369.0,689.0,683.0,0.0,26.0,,,,,
614,139429,1,,,,,,1381.0,1859.0,919.0,922.0,22.0
615,71520,0,1370.0,690.0,684.0,0.0,22.0,,,,,
616,139479,1,,,,,,1382.0,1860.0,920.0,922.0,25.0
617,71570,0,1370.0,690.0,684.0,0.0,22.0,,,,,
618,139529,1,,,,,,1383.0,1861.0,920.0,923.0,27.0
619,71620,0,1371.0,691.0,685.0,0.0,27.0,,,,,
620,139579,1,,,,,,1384.0,1862.0,921.0,923.0,25.0
621,71670,0,1371.0,691.0,685.0,0.0,27.0,,,,,
622,139629,1,,,,,,1385.0,1863.0,921.0,924.0,24.0
623,71720,0,1372.0,692.0,686.0,0.0,24.0,,,,,
624,139679,1,,,,,,1386.0,1864.0,921.0,925.0,24.0
625,71770,0,1372.0,692.0,686.0,0.0,24.0,,,,,
626,139729,1,,,,,,1387.0,1865.0,922.0,925.0,21.0
627,71820,0,1373.0,693.0,687.0,0.0,21.0,,,,,
628,139779,1,,,,,,1388.0,1866.0,923.0,925.0,21.0
629,71870,0,1373.0,693.0,687.0,0.0,21.0,,,,,
630,139829,1,,,,,,1389.0,1867.0,923.0,926.0,22.0
631,71920,0,1374.0,694.0,688.0,0.0,22.0,,,,,
632,139879,1,,,,,,1390.0,1868.0,924.0,926.0,23.0
633,71970,0,1374.0,694.0,688.0,0.0,22.0,,,,,
634,139929,1,,,,,,1391.0,1869.0,924.0,927.0,23.0
635,72020,0,1375.0,695.0,689.0,0.0,23.0,,,,,
636,139979,1,,,,,,1392.0,1870.0,925.0,927.0,19.0
637,72070,0,1375.0,695.0,689.0,0.0,23.0,,,,,
638,140029,1,,,,,,1393.0,1871.0,925.0,928.0,19.0
639,72120,0,1376.0,696.0,690.0,0.0,20.0,,,,,
640,140079,1,,,,,,1394.0,1872.0,926.0,928.0,27.0
641,72170,0,1376.0,696.0,690.0,0.0,20.0,,,,,
642,140129,1,,,,,,1395.0,1873.0,926.0,929.0,26.0
643,72220,0,1377.0,697.0,691.0,0.0,27.0,,,,,
644,140179,1,,,,,,1396.0,1874.0,926.0,930.0,27.0
645,72270,0,1377.0,697.0,691.0,0.0,27.0,,,,,
646,140229,1,,,,,,1397.0,1875.0,927.0,930.0,21.0
647,72320,0,1378.0,698.0,692.0,0.0,21.0,,,,,
648,140279,1,,,,,,1398.0,1876.0,928.0,930.0,22.0
649,72370,0,1378.0,698.0,692.0,0.0,21.0,,,,,
650,140329,1,,,,,,1399.0,1877.0,928.0,931.0,21.0
651,72420,0,1379.0,699.0,693.0,0.0,22.0,,,,,
652,140379,1,,,,,,1400.0,1878.0,929.0,931.0,26.0
653,72470,0,1379.0,699.0,693.0,0.0,22.0,,,,,
654,140429,1,,,,,,1401.0,1879.0,929.0,932.0,24.0
655,72520,0,1380.0,700.0,694.0,0.0,25.0,,,,,
656,140479,1,,,,,,1402.0,1880.0,929.0,933.0,25.0
657,72570,0,1380.0,700.0,694.0,0.0,25.0,,,,,
658,140529,1,,,,,,1403.0,1881.0,930.0,933.0,22.0
659,72620,0,1381.0,701.0,695.0,0.0,22.0,,,,,
660,140579,1,,,,,,1404.0,1882.0,931.0,933.0,23.0
661,72670,0,1381.0,701.0,695.0,0.0,22.0,,,,,
662,140629,1,,,,,,1405.0,1883.0,931.0,934.0,22.0
663,72720,0,1382.0,702.0,696.0,0.0,23.0,,,,,
664,140679,1,,,,,,1406.0,1884.0,932.0,934.0,23.0
665,72770,0,1382.0,702.0,696.0,0.0,23.0,,,,,
666,140729,1,,,,,,1407.0,1885.0,932.0,935.0,22.0
667,72820,0,1383.0,703.0,697.0,0.0,22.0,,,,,
668,140779,1,,,,,,1408.0,1886.0,933.0,935.0,22.0
669,72870,0,1383.0,703.0,697.0,0.0,22.0,,,,,
670,140829,1,,,,,,1409.0,1887.0,933.0,936.0,21.0
671,72920,0,1384.0,704.0,698.0,0.0,22.0,,,,,
672,140879,1,,,,,,1410.0,1888.0,934.0,936.0,20.0
673,72970,0,1384.0,704.0,698.0,0.0,22.0,,,,,
674,140929,1,,,,,,1411.0,1889.0,934.0,937.0,21.0
675,73020,0,1385.0,705.0,699.0,0.0,20.0,,,,,
676,140979,1,,,,,,1412.0,1890.0,934.0,938.0,20.0
677,73070,0,1385.0,705.0,699.0,0.0,20.0,,,,,
678,141029,1,,,,,,1413.0,1891.0,935.0,938.0,22.0
679,73120,0,1386.0,706.0,700.0,0.0,24.0,,,,,
680,141079,1,,,,,,1414.0,1892.0,936.0,938.0,22.0
681,73170,0,1386.0,706.0,700.0,0.0,24.0,,,,,
682,141129,1,,,,,,1415.0,1893.0,936.0,939.0,24.0
683,73220,0,1387.0,707.0,701.0,0.0,23.0,,,,,
684,141179,1,,,,,,1416.0,1894.0,937.0,939.0,27.0
685,73270,0,1387.0,707.0,701.0,0.0,23.0,,,,,
686,141229,1,,,,,,1417.0,1895.0,937.0,940.0,28.0
687,73320,0,1388.0,708.0,702.0,0.0,27.0,,,,,
688,141279,1,,,,,,1418.0,1896.0,938.0,940.0,23.0
689,73370,0,1388.0,708.0,702.0,0.0,27.0,,,,,
690,141329,1,,,,,,1419.0,1897.0,938.0,941.0,24.0
691,73420,0,1389.0,709.0,703.0,0.0,23.0,,,,,
692,141379,1,,,,,,1420.0,1898.0,938.0,942.0,23.0
693,73470,0,1389.0,709.0,703.0,0.0,23.0,,,,,
694,141429,1,,,,,,1421.0,1899.0,939.0,942.0,25.0
695,73520,0,1390.0,710.0,704.0,0.0,25.0,,,,,
696,141479,1,,,,,,1422.0,1900.0,940.0,942.0,26.0
697,73570,0,1390.0,710.0,704.0,0.0,25.0,,,,,
698,141529,1,,,,,,1423.0,1901.0,940.0,943.0,27.0
699,73620,0,1391.0,711.0,705.0,0.0,28.0,,,,,
700,141579,1,,,,,,1424.0,1902.0,941.0,943.0,29.0
701,73670,0,1391.0,711.0,705.0,0.0,28.0,,,,,
702,141629,1,,,,,,1425.0,1903.0,941.0,944.0,29.0
703,73720,0,1392.0,712.0,706.0,0.0,28.0,,,,,
704,141679,1,,,,,,1426.0,1904.0,942.0,944.0,25.0
705,73770,0,1392.0,712.0,706.0,0.0,28.0,,,,,
706,141729,1,,,,,,1427.0,1905.0,942.0,945.0,27.0
707,73820,0,1393.0,713.0,707.0,0.0,25.0,,,,,
708,141779,1,,,,,,1428.0,1906.0,942.0,946.0,25.0
709,73870,0,1393.0,713.0,707.0,0.0,25.0,,,,,
710,141829,1,,,,,,1429.0,1907.0,943.0,946.0,21.0
711,73920,0,1394.0,714.0,708.0,0.0,21.0,,,,,
712,141879,1,,,,,,1430.0,1908.0,944.0,946.0,22.0
713,73970,0,1394.0,714.0,708.0,0.0,21.0,,,,,
714,141929,1,,,,,,1431.0,1909.0,944.0,947.0,22.0
715,74020,0,1395.0,715.0,709.0,0.0,22.0,,,,,
716,141979,1,,,,,,1432.0,1910.0,945.0,947.0,21.0
717,74070,0,1395.0,715.0,709.0,0.0,22.0,,,,,
718,142029,1,,,,,,1433.0,1911.0,945.0,948.0,21.0
719,74120,0,1396.0,716.0,710.0,0.0,21.0,,,,,
720,142079,1,,,,,,1434.0,1912.0,946.0,948.0,22.0
721,74170,0,1396.0,716.0,710.0,0.0,21.0,,,,,
722,142129,1,,,,,,1435.0,1913.0,946.0,949.0,26.0
723,74220,0,1397.0,717.0,711.0,0.0,24.0,,,,,
724,142179,1,,,,,,1436.0,1914.0,946.0,950.0,24.0
725,74270,0,1397.0,717.0,711.0,0.0,24.0,,,,,
726,142229,1,,,,,,1437.0,1915.0,947.0,950.0,24.0
727,74320,0,1398.0,718.0,712.0,0.0,22.0,,,,,
728,142279,1,,,,,,1438.0,1916.0,948.0,950.0,21.0
729,74370,0,1398.0,718.0,712.0,0.0,22.0,,,,,
730,142329,1,,,,,,1439.0,1917.0,948.0,951.0,23.0
731,74420,0,1399.0,719.0,713.0,0.0,22.0,,,,,
732,142379,1,,,,,,1440.0,1918.0,949.0,951.0,22.0
733,74470,0,1399.0,719.0,713.0,0.0,22.0,,,,,
734,142429,1,,,,,,1441.0,1919.0,949.0,952.0,22.0
735,74520,0,1400.0,720.0,714.0,0.0,22.0,,,,,
736,142479,1,,,,,,1442.0,1920.0,950.0,952.0,21.0
737,74570,0,1400.0,720.0,714.0,0.0,22.0,,,,,
738,142529,1,,,,,,1443.0,1921.0,950.0,953.0,23.0
739,74620,0,1401.0,721.0,715.0,0.0,22.0,,,,,
740,142579,1,,,,,,1444.0,1922.0,950.0,954.0,22.0
741,74670,0,1401.0,721.0,715.0,0.0,22.0,,,,,
742,142629,1,,,,,,1445.0,1923.0,951.0,954.0,22.0
743,74720,0,1402.0,722.0,716.0,0.0,22.0,,,,,
744,142679,1,,,,,,1446.0,1924.0,952.0,954.0,18.0
745,74770,0,1402.0,722.0,716.0,0.0,22.0,,,,,
746,142729,1,,,,,,1447.0,1925.0,952.0,955.0,17.0
747,74820,0,1403.0,723.0,717.0,0.0,17.0,,,,,
748,142779,1,,,,,,1448.0,1926.0,953.0,955.0,21.0
749,74870,0,1403.0,723.0,717.0,0.0,17.0,,,,,
750,142829,1,,,,,,1449.0,1927.0,953.0,956.0,21.0
751,74920,0,1404.0,724.0,718.0,0.0,22.0,,,,,
752,142879,1,,,,,,1450.0,1928.0,954.0,956.0,24.0
753,74970,0,1404.0,724.0,718.0,0.0,22.0,,,,,
754,142929,1,,,,,,1451.0,1929.0,954.0,957.0,22.0
755,75020,0,1405.0,725.0,719.0,0.0,23.0,,,,,
756,142979,1,,,,,,1452.0,1930.0,954.0,958.0,23.0
757,75070,0,1405.0,725.0,719.0,0.0,23.0,,,,,
758,143029,1,,,,,,1453.0,1931.0,955.0,958.0,18.0
759,75120,0,1406.0,726.0,720.0,0.0,18.0,,,,,
760,143079,1,,,,,,1454.0,1932.0,956.0,958.0,19.0
761,75170,0,1406.0,726.0,720.0,0.0,18.0,,,,,
762,143129,1,,,,,,1455.0,1933.0,956.0,959.0,22.0
763,75220,0,1407.0,727.0,721.0,0.0,21.0,,,,,
764,143179,1,,,,,,1456.0,1934.0,957.0,959.0,21.0
765,75270,0,1407.0,727.0,721.0,0.0,21.0,,,,,
766,143229,1,,,,,,1457.0,1935.0,957.0,960.0,23.0
767,75320,0,1408.0,728.0,722.0,0.0,22.0,,,,,
768,143279,1,,,,,,1458.0,1936.0,958.0,960.0,22.0
769,75370,0,1408.0,728.0,722.0,0.0,22.0,,,,,
770,143329,1,,,,,,1459.0,1937.0,958.0,961.0,19.0
771,75420,0,1409.0,729.0,723.0,0.0,21.0,,,,,
772,143379,1,,,,,,1460.0,1938.0,958.0,962.0,21.0
773,75470,0,1409.0,729.0,723.0,0.0,21.0,,,,,
774,143429,1,,,,,,1461.0,1939.0,959.0,962.0,22.0
775,75520,0,1410.0,730.0,724.0,0.0,24.0,,,,,
776,143479,1,,,,,,1462.0,1940.0,960.0,962.0,23.0
777,75570,0,1410.0,730.0,724.0,0.0,24.0,,,,,
778,143529,1,,,,,,1463.0,1941.0,960.0,963.0,21.0
779,75620,0,1411.0,731.0,725.0,0.0,22.0,,,,,
780,143579,1,,,,,,1464.0,1942.0,961.0,963.0,18.0
781,75670,0,1411.0,731.0,725.0,0.0,22.0,,,,,
782,143629,1,,,,,,1465.0,1943.0,961.0,964.0,20.0
783,75720,0,1412.0,732.0,726.0,0.0,20.0,,,,,
784,143679,1,,,,,,1466.0,1944.0,962.0,964.0,23.0
785,75770,0,1412.0,732.0,726.0,0.0,20.0,,,,,
786,143729,1,,,,,,1467.0,1945.0,962.0,965.0,22.0
787,75820,0,1413.0,733.0,727.0,0.0,24.0,,,,,
788,143779,1,,,,,,1468.0,1946.0,962.0,966.0,24.0
789,75870,0,1413.0,733.0,727.0,0.0,24.0,,,,,
790,143829,1,,,,,,1469.0,1947.0,963.0,966.0,23.0
791,75920,0,1414.0,734.0,728.0,0.0,24.0,,,,,
792,143879,1,,,,,,1470.0,1948.0,964.0,966.0,22.0
793,75970,0,1414.0,734.0,728.0,0.0,24.0,,,,,
794,143929,1,,,,,,1471.0,1949.0,964.0,967.0,22.0
795,76020,0,1415.0,735.0,729.0,0.0,22.0,,,,,
796,143979,1,,,,,,1472.0,1950.0,965.0,967.0,24.0
797,76070,0,1415.0,735.0,729.0,0.0,22.0,,,,,
798,144029,1,,,,,,1473.0,1951.0,965.0,968.0,22.0
799,76120,0,1416.0,736.0,730.0,0.0,23.0,,,,,
800,144079,1,,,,,,1474.0,1952.0,966.0,968.0,22.0
801,76170,0,1416.0,736.0,730.0,0.0,23.0,,,,,
802,144129,1,,,,,,1475.0,1953.0,966.0,969.0,22.0
803,76220,0,1417.0,737.0,731.0,0.0,22.0,,,,,
804,144179,1,,,,,,1476.0,1954.0,966.0,970.0,22.0
805,76270,0,1417.0,737.0,731.0,0.0,22.0,,,,,
806,144229,1,,,,,,1477.0,1955.0,967.0,970.0,21.0
807,76320,0,1418.0,738.0,732.0,0.0,22.0,,,,,
808,144279,1,,,,,,1478.0,1956.0,968.0,970.0,22.0
809,76370,0,1418.0,738.0,732.0,0.0,22.0,,,,,
810,144329,1,,,,,,1479.0,1957.0,968.0,971.0,22.0
811,76420,0,1419.0,739.0,733.0,0.0,22.0,,,,,
812,144379,1,,,,,,1480.0,1958.0,969.0,971.0,21.0
813,76470,0,1419.0,739.0,733.0,0.0,22.0,,,,,
814,144429,1,,,,,,1481.0,1959.0,969.0,972.0,21.0
815,76520,0,1420.0,740.0,734.0,0.0,21.0,,,,,
816,144479,1,,,,,,1482.0,1960.0,970.0,972.0,23.0
817,76570,0,1420.0,740.0,734.0,0.0,21.0,,,,,
818,144529,1,,,,,,1483.0,1961.0,970.0,973.0,24.0
819,76620,0,1421.0,741.0,735.0,0.0,23.0,,,,,
820,144579,1,,,,,,1484.0,1962.0,970.0,974.0,23.0
821,76670,0,1421.0,741.0,735.0,0.0,23.0,,,,,
822,144629,1,,,,,,1485.0,1963.0,971.0,974.0,21.0
823,144679,1,,,,,,1486.0,1964.0,972.0,974.0,19.0
824,76720,0,1422.0,742.0,736.0,0.0,20.0,,,,,
825,144729,1,,,,,,1487.0,1965.0,972.0,975.0,21.0
826,76770,0,1422.0,742.0,736.0,0.0,20.0,,,,,
827,76820,0,1423.0,743.0,737.0,0.0,20.0,,,,,
828,144779,1,,,,,,1488.0,1966.0,973.0,975.0,23.0
829,144829,1,,,,,,1489.0,1967.0,973.0,976.0,24.0
830,76870,0,1423.0,743.0,737.0,0.0,20.0,,,,,
831,76920,0,1424.0,744.0,738.0,0.0,24.0,,,,,
832,144879,1,,,,,,1490.0,1968.0,974.0,976.0,22.0
833,144929,1,,,,,,1491.0,1969.0,974.0,977.0,22.0
834,76970,0,1424.0,744.0,738.0,0.0,24.0,,,,,
835,144979,1,,,,,,1492.0,1970.0,975.0,977.0,24.0
836,77020,0,1425.0,745.0,739.0,0.0,22.0,,,,,
837,145029,1,,,,,,1493.0,1971.0,975.0,978.0,28.0
838,77070,0,1425.0,745.0,739.0,0.0,22.0,,,,,
839,145079,1,,,,,,1494.0,1972.0,975.0,979.0,26.0
840,77120,0,1426.0,746.0,740.0,0.0,26.0,,,,,
841,145129,1,,,,,,1495.0,1973.0,976.0,979.0,28.0
842,77170,0,1426.0,746.0,740.0,0.0,26.0,,,,,
843,145179,1,,,,,,1496.0,1974.0,977.0,979.0,22.0
844,77220,0,1427.0,747.0,741.0,0.0,27.0,,,,,
845,145229,1,,,,,,1497.0,1975.0,977.0,980.0,23.0
846,77270,0,1427.0,747.0,741.0,0.0,27.0,,,,,
847,145279,1,,,,,,1498.0,1976.0,978.0,980.0,20.0
848,77320,0,1428.0,748.0,742.0,0.0,20.0,,,,,
849,145329,1,,,,,,1499.0,1977.0,978.0,981.0,21.0
850,77370,0,1428.0,748.0,742.0,0.0,20.0,,,,,
851,145379,1,,,,,,1500.0,1978.0,979.0,981.0,20.0
852,77420,0,1429.0,749.0,743.0,0.0,20.0,,,,,
853,145429,1,,,,,,1501.0,1979.0,979.0,982.0,22.0
854,77470,0,1429.0,749.0,743.0,0.0,20.0,,,,,
855,145479,1,,,,,,1502.0,1980.0,979.0,983.0,22.0
856,77520,0,1430.0,750.0,744.0,0.0,22.0,,,,,
857,145529,1,,,,,,1503.0,1981.0,980.0,983.0,28.0
858,77570,0,1430.0,750.0,744.0,0.0,22.0,,,,,
859,145579,1,,,,,,1504.0,1982.0,981.0,983.0,21.0
860,77620,0,1431.0,751.0,745.0,0.0,28.0,,,,,
861,145629,1,,,,,,1505.0,1983.0,981.0,984.0,22.0
862,77670,0,1431.0,751.0,745.0,0.0,28.0,,,,,
863,145679,1,,,,,,1506.0,1984.0,982.0,984.0,26.0
864,77720,0,1432.0,752.0,746.0,0.0,20.0,,,,,
865,145729,1,,,,,,1507.0,1985.0,982.0,985.0,25.0
866,77770,0,1432.0,752.0,746.0,0.0,20.0,,,,,
867,145779,1,,,,,,1508.0,1986.0,983.0,985.0,25.0
868,77820,0,1433.0,753.0,747.0,0.0,27.0,,,,,
869,145829,1,,,,,,1509.0,1987.0,983.0,986.0,27.0
870,77870,0,1433.0,753.0,747.0,0.0,27.0,,,,,
871,145879,1,,,,,,1510.0,1988.0,983.0,987.0,24.0
872,77920,0,1434.0,754.0,748.0,0.0,24.0,,,,,
873,145929,1,,,,,,1511.0,1989.0,984.0,987.0,22.0
874,77970,0,1434.0,754.0,748.0,0.0,24.0,,,,,
875,145979,1,,,,,,1512.0,1990.0,985.0,987.0,21.0
876,78020,0,1435.0,755.0,749.0,0.0,23.0,,,,,
877,146029,1,,,,,,1513.0,1991.0,985.0,988.0,21.0
878,78070,0,1435.0,755.0,749.0,0.0,23.0,,,,,
879,146079,1,,,,,,1514.0,1992.0,986.0,988.0,22.0
880,78120,0,1436.0,756.0,750.0,0.0,22.0,,,,,
881,146129,1,,,,,,1515.0,1993.0,986.0,989.0,23.0
882,78170,0,1436.0,756.0,750.0,0.0,22.0,,,,,
883,146179,1,,,,,,1516.0,1994.0,987.0,989.0,22.0
884,78220,0,1437.0,757.0,751.0,0.0,22.0,,,,,
885,146229,1,,,,,,1517.0,1995.0,987.0,990.0,24.0
886,78270,0,1437.0,757.0,751.0,0.0,22.0,,,,,
887,146279,1,,,,,,1518.0,1996.0,987.0,991.0,22.0
888,78320,0,1438.0,758.0,752.0,0.0,22.0,,,,,
889,146329,1,,,,,,1519.0,1997.0,988.0,991.0,23.0
890,78370,0,1438.0,758.0,752.0,0.0,22.0,,,,,
891,146379,1,,,,,,1520.0,1998.0,989.0,991.0,25.0
892,78420,0,1439.0,759.0,753.0,0.0,24.0,,,,,
893,146429,1,,,,,,1521.0,1999.0,989.0,992.0,25.0
894,78470,0,1439.0,759.0,753.0,0.0,24.0,,,,,
895,146479,1,,,,,,1522.0,2000.0,990.0,992.0,25.0
896,78520,0,1440.0,760.0,754.0,0.0,26.0,,,,,
897,146529,1,,,,,,1523.0,2001.0,990.0,993.0,25.0
898,78570,0,1440.0,760.0,754.0,0.0,26.0,,,,,
899,146579,1,,,,,,1524.0,2002.0,991.0,993.0,26.0
900,78620,0,1441.0,761.0,755.0,0.0,24.0,,,,,
901,146629,1,,,,,,1525.0,2003.0,991.0,994.0,25.0
902,78670,0,1441.0,761.0,755.0,0.0,24.0,,,,,
903,146679,1,,,,,,1526.0,2004.0,991.0,995.0,26.0
904,78720,0,1442.0,762.0,756.0,0.0,26.0,,,,,
905,146729,1,,,,,,1527.0,2005.0,992.0,995.0,22.0
906,78770,0,1442.0,762.0,756.0,0.0,26.0,,,,,
907,146779,1,,,,,,1528.0,2006.0,993.0,995.0,22.0
908,78820,0,1443.0,763.0,757.0,0.0,22.0,,,,,
909,146829,1,,,,,,1529.0,2007.0,993.0,996.0,25.0
910,78870,0,1443.0,763.0,757.0,0.0,22.0,,,,,
911,146879,1,,,,,,1530.0,2008.0,994.0,996.0,29.0
912,78920,0,1444.0,764.0,758.0,0.0,25.0,,,,,
913,146929,1,,,,,,1531.0,2009.0,994.0,997.0,26.0
914,78970,0,1444.0,764.0,758.0,0.0,25.0,,,,,
915,146979,1,,,,,,1532.0,2010.0,995.0,997.0,25.0
916,79020,0,1445.0,765.0,759.0,0.0,28.0,,,,,
917,147029,1,,,,,,1533.0,2011.0,995.0,998.0,24.0
918,79070,0,1445.0,765.0,759.0,0.0,28.0,,,,,
919,147079,1,,,,,,1534.0,2012.0,995.0,999.0,25.0
920,79120,0,1446.0,766.0,760.0,0.0,25.0,,,,,
921,147129,1,,,,,,1535.0,2013.0,996.0,999.0,27.0
922,79170,0,1446.0,766.0,760.0,0.0,25.0,,,,,
923,147179,1,,,,,,1536.0,2014.0,997.0,999.0,25.0
924,79220,0,1447.0,767.0,761.0,0.0,27.0,,,,,
925,147229,1,,,,,,1537.0,2015.0,997.0,1000.0,26.0
926,79270,0,1447.0,767.0,761.0,0.0,27.0,,,,,
927,147279,1,,,,,,1538.0,2016.0,998.0,1000.0,21.0
928,79320,0,1448.0,768.0,762.0,0.0,25.0,,,,,
929,147329,1,,,,,,1539.0,2017.0,998.0,1001.0,20.0
930,79370,0,1448.0,768.0,762.0,0.0,25.0,,,,,
931,147379,1,,,,,,1540.0,2018.0,999.0,1001.0,22.0
932,79420,0,1449.0,769.0,763.0,0.0,21.0,,,,,
933,147429,1,,,,,,1541.0,2019.0,999.0,1002.0,22.0
934,79470,0,1449.0,769.0,763.0,0.0,21.0,,,,,
935,147479,1,,,,,,1542.0,2020.0,999.0,1003.0,22.0
936,79520,0,1450.0,770.0,764.0,0.0,22.0,,,,,
937,147529,1,,,,,,1543.0,2021.0,1000.0,1003.0,22.0
938,79570,0,1450.0,770.0,764.0,0.0,22.0,,,,,
939,147579,1,,,,,,1544.0,2022.0,1001.0,1003.0,28.0
940,79620,0,1451.0,771.0,765.0,0.0,23.0,,,,,
941,147629,1,,,,,,1545.0,2023.0,1001.0,1004.0,28.0
942,79670,0,1451.0,771.0,765.0,0.0,23.0,,,,,
943,147679,1,,,,,,1546.0,2024.0,1002.0,1004.0,22.0
944,79720,0,1452.0,772.0,766.0,0.0,28.0,,,,,
945,147729,1,,,,,,1547.0,2025.0,1002.0,1005.0,22.0
946,79770,0,1452.0,772.0,766.0,0.0,28.0,,,,,
947,147779,1,,,,,,1548.0,2026.0,1003.0,1005.0,24.0
948,79820,0,1453.0,773.0,767.0,0.0,21.0,,,,,
949,147829,1,,,,,,1549.0,2027.0,1003.0,1006.0,27.0
950,79870,0,1453.0,773.0,767.0,0.0,21.0,,,,,
951,147879,1,,,,,,1550.0,2028.0,1003.0,1007.0,25.0
952,79920,0,1454.0,774.0,768.0,0.0,25.0,,,,,
953,147929,1,,,,,,1551.0,2029.0,1004.0,1007.0,23.0
954,79970,0,1454.0,774.0,768.0,0.0,25.0,,,,,
955,147979,1,,,,,,1552.0,2030.0,1005.0,1007.0,21.0
956,80020,0,1455.0,775.0,769.0,0.0,23.0,,,,,
957,148029,1,,,,,,1553.0,2031.0,1005.0,1008.0,20.0
958,80070,0,1455.0,775.0,769.0,0.0,23.0,,,,,
959,148079,1,,,,,,1554.0,2032.0,1006.0,1008.0,27.0
960,80120,0,1456.0,776.0,770.0,0.0,22.0,,,,,
961,148129,1,,,,,,1555.0,2033.0,1006.0,1009.0,26.0
962,80170,0,1456.0,776.0,770.0,0.0,22.0,,,,,
963,148179,1,,,,,,1556.0,2034.0,1007.0,1009.0,20.0
964,80220,0,1457.0,777.0,771.0,0.0,28.0,,,,,
965,148229,1,,,,,,1557.0,2035.0,1007.0,1010.0,19.0
966,80270,0,1457.0,777.0,771.0,0.0,28.0,,,,,
967,148279,1,,,,,,1558.0,2036.0,1007.0,1011.0,20.0
968,80320,0,1458.0,778.0,772.0,0.0,20.0,,,,,
969,148329,1,,,,,,1559.0,2037.0,1008.0,1011.0,24.0
970,80370,0,1458.0,778.0,772.0,0.0,20.0,,,,,
971,148379,1,,,,,,1560.0,2038.0,1009.0,1011.0,23.0
972,80420,0,1459.0,779.0,773.0,0.0,24.0,,,,,
973,148429,1,,,,,,1561.0,2039.0,1009.0,1012.0,24.0
974,80470,0,1459.0,779.0,773.0,0.0,24.0,,,,,
975,148479,1,,,,,,1562.0,2040.0,1010.0,1012.0,20.0
976,80520,0,1460.0,780.0,774.0,0.0,24.0,,,,,
977,148529,1,,,,,,1563.0,2041.0,1010.0,1013.0,19.0
978,80570,0,1460.0,780.0,774.0,0.0,24.0,,,,,
979,148579,1,,,,,,1564.0,2042.0,1011.0,1013.0,22.0
980,80620,0,1461.0,781.0,775.0,0.0,19.0,,,,,
981,148629,1,,,,,,1565.0,2043.0,1011.0,1014.0,22.0
982,80670,0,1461.0,781.0,775.0,0.0,19.0,,,,,
983,148679,1,,,,,,1566.0,2044.0,1011.0,1015.0,23.0
984,80720,0,1462.0,782.0,776.0,0.0,23.0,,,,,
985,148729,1,,,,,,1567.0,2045.0,1012.0,1015.0,22.0
986,80770,0,1462.0,782.0,776.0,0.0,23.0,,,,,
987,148779,1,,,,,,1568.0,2046.0,1013.0,1015.0,19.0
988,80820,0,1463.0,783.0,777.0,0.0,22.0,,,,,
989,148829,1,,,,,,1569.0,2047.0,1013.0,1016.0,19.0
990,80870,0,1463.0,783.0,777.0,0.0,22.0,,,,,
991,148879,1,,,,,,1570.0,2048.0,1014.0,1016.0,21.0
992,80920,0,1464.0,784.0,778.0,0.0,19.0,,,,,
993,148929,1,,,,,,1571.0,2049.0,1014.0,1017.0,24.0
994,80970,0,1464.0,784.0,778.0,0.0,19.0,,,,,
995,148979,1,,,,,,1572.0,2050.0,1015.0,1017.0,19.0
996,81020,0,1465.0,785.0,779.0,0.0,21.0,,,,,
997,149029,1,,,,,,1573.0,2051.0,1015.0,1018.0,20.0
998,81070,0,1465.0,785.0,779.0,0.0,21.0,,,,,
999,149079,1,,,,,,1574.0,2052.0,1016.0,1018.0,22.0
1000,81120,0,1466.0,786.0,780.0,0.0,20.0,,,,,
1001,149129,1,,,,,,1575.0,2053.0,1016.0,1019.0,24.0
1002,81170,0,1466.0,786.0,780.0,0.0,20.0,,,,,
1003,149179,1,,,,,,1576.0,2054.0,1016.0,1020.0,24.0
1004,81220,0,1467.0,787.0,781.0,0.0,24.0,,,,,
1005,149229,1,,,,,,1577.0,2055.0,1017.0,1020.0,28.0
1006,81270,0,1467.0,787.0,781.0,0.0,24.0,,,,,
1007,149279,1,,,,,,1578.0,2056.0,1018.0,1020.0,21.0
1008,81320,0,1468.0,788.0,782.0,0.0,27.0,,,,,
1009,149329,1,,,,,,1579.0,2057.0,1018.0,1021.0,22.0
1010,81370,0,1468.0,788.0,782.0,0.0,27.0,,,,,
1011,149379,1,,,,,,1580.0,2058.0,1019.0,1021.0,21.0
1012,81420,0,1469.0,789.0,783.0,0.0,21.0,,,,,
1013,149429,1,,,,,,1581.0,2059.0,1019.0,1022.0,22.0
1014,81470,0,1469.0,789.0,783.0,0.0,21.0,,,,,
1015,149479,1,,,,,,1582.0,2060.0,1020.0,1022.0,20.0
1016,81520,0,1470.0,790.0,784.0,0.0,22.0,,,,,
1017,149529,1,,,,,,1583.0,2061.0,1020.0,1023.0,19.0
1018,81570,0,1470.0,790.0,784.0,0.0,22.0,,,,,
1019,149579,1,,,,,,1584.0,2062.0,1020.0,1024.0,20.0
1020,81620,0,1471.0,791.0,785.0,0.0,20.0,,,,,
1021,149629,1,,,,,,1585.0,2063.0,1021.0,1024.0,22.0
1022,81670,0,1471.0,791.0,785.0,0.0,20.0,,,,,
1023,149679,1,,,,,,1586.0,2064.0,1022.0,1024.0,22.0
1024,81720,0,1472.0,792.0,786.0,0.0,22.0,,,,,
1025,149729,1,,,,,,1587.0,2065.0,1022.0,1025.0,22.0
1026,81770,0,1472.0,792.0,786.0,0.0,22.0,,,,,
1027,149779,1,,,,,,1588.0,2066.0,1023.0,1025.0,27.0
1028,81820,0,1473.0,793.0,787.0,0.0,23.0,,,,,
1029,149829,1,,,,,,1589.0,2067.0,1023.0,1026.0,26.0
1030,81870,0,1474.0,794.0,788.0,0.0,26.0,,,,,
1031,149879,1,,,,,,1590.0,2068.0,1024.0,1026.0,20.0
1032,81920,0,1474.0,794.0,788.0,0.0,26.0,,,,,
1033,149929,1,,,,,,1591.0,2069.0,1024.0,1027.0,21.0
1034,81970,0,1475.0,795.0,789.0,0.0,20.0,,,,,
1035,149979,1,,,,,,1592.0,2070.0,1024.0,1028.0,20.0
1036,82020,0,1475.0,795.0,789.0,0.0,20.0,,,,,
1037,150029,1,,,,,,1593.0,2071.0,1025.0,1028.0,22.0
1038,82070,0,1476.0,796.0,790.0,0.0,23.0,,,,,
1039,150079,1,,,,,,1594.0,2072.0,1026.0,1028.0,25.0
1040,82120,0,1476.0,796.0,790.0,0.0,23.0,,,,,
1041,150129,1,,,,,,1595.0,2073.0,1026.0,1029.0,25.0
1042,82170,0,1477.0,797.0,791.0,0.0,26.0,,,,,
1043,150179,1,,,,,,1596.0,2074.0,1027.0,1029.0,25.0
1044,82220,0,1477.0,797.0,791.0,0.0,26.0,,,,,
1045,150229,1,,,,,,1597.0,2075.0,1027.0,1030.0,23.0
1046,82270,0,1478.0,798.0,792.0,0.0,25.0,,,,,
1047,150279,1,,,,,,1598.0,2076.0,1028.0,1030.0,25.0
1048,82320,0,1478.0,798.0,792.0,0.0,25.0,,,,,
1049,150329,1,,,,,,1599.0,2077.0,1028.0,1031.0,25.0
1050,82370,0,1479.0,799.0,793.0,0.0,25.0,,,,,
1051,150379,1,,,,,,1600.0,2078.0,1028.0,1032.0,25.0
1052,82420,0,1479.0,799.0,793.0,0.0,25.0,,,,,
1053,150429,1,,,,,,1601.0,2079.0,1029.0,1032.0,23.0
1054,82470,0,1480.0,800.0,794.0,0.0,22.0,,,,,
1055,150479,1,,,,,,1602.0,2080.0,1030.0,1032.0,19.0
1056,82520,0,1480.0,800.0,794.0,0.0,22.0,,,,,
1057,150529,1,,,,,,1603.0,2081.0,1030.0,1033.0,21.0
1058,82570,0,1481.0,801.0,795.0,0.0,19.0,,,,,
1059,150579,1,,,,,,1604.0,2082.0,1031.0,1033.0,21.0
1060,82620,0,1481.0,801.0,795.0,0.0,19.0,,,,,
1061,150629,1,,,,,,1605.0,2083.0,1031.0,1034.0,22.0
1062,82670,0,1482.0,802.0,796.0,0.0,22.0,,,,,
1063,150679,1,,,,,,1606.0,2084.0,1032.0,1034.0,23.0
1064,82720,0,1482.0,802.0,796.0,0.0,22.0,,,,,
1065,150729,1,,,,,,1607.0,2085.0,1032.0,1035.0,23.0
1066,82770,0,1483.0,803.0,797.0,0.0,24.0,,,,,
1067,150779,1,,,,,,1608.0,2086.0,1032.0,1036.0,24.0
1068,82820,0,1483.0,803.0,797.0,0.0,24.0,,,,,
1069,150829,1,,,,,,1609.0,2087.0,1033.0,1036.0,23.0
1070,82870,0,1484.0,804.0,798.0,0.0,22.0,,,,,
1071,150879,1,,,,,,1610.0,2088.0,1034.0,1036.0,22.0
1072,82920,0,1484.0,804.0,798.0,0.0,22.0,,,,,
1073,150929,1,,,,,,1611.0,2089.0,1034.0,1037.0,21.0
1074,82970,0,1485.0,805.0,799.0,0.0,22.0,,,,,
1075,150979,1,,,,,,1612.0,2090.0,1035.0,1037.0,21.0
1076,83020,0,1485.0,805.0,799.0,0.0,22.0,,,,,
1077,151029,1,,,,,,1613.0,2091.0,1035.0,1038.0,22.0
1078,83070,0,1486.0,806.0,800.0,0.0,22.0,,,,,
1079,151079,1,,,,,,1614.0,2092.0,1036.0,1038.0,24.0
1080,83120,0,1486.0,806.0,800.0,0.0,22.0,,,,,
1081,151129,1,,,,,,1615.0,2093.0,1036.0,1039.0,23.0
1082,83170,0,1487.0,807.0,801.0,0.0,24.0,,,,,
1083,151179,1,,,,,,1616.0,2094.0,1036.0,1040.0,24.0
1084,83220,0,1487.0,807.0,801.0,0.0,24.0,,,,,
1085,151229,1,,,,,,1617.0,2095.0,1037.0,1040.0,20.0
1086,83270,0,1488.0,808.0,802.0,0.0,20.0,,,,,
1087,151279,1,,,,,,1618.0,2096.0,1038.0,1040.0,22.0
1088,83320,0,1488.0,808.0,802.0,0.0,20.0,,,,,
1089,151329,1,,,,,,1619.0,2097.0,1038.0,1041.0,22.0
1090,83370,0,1489.0,809.0,803.0,0.0,21.0,,,,,
1091,151379,1,,,,,,1620.0,2098.0,1039.0,1041.0,20.0
1092,83420,0,1489.0,809.0,803.0,0.0,21.0,,,,,
1093,151429,1,,,,,,1621.0,2099.0,1039.0,1042.0,22.0
1094,83470,0,1490.0,810.0,804.0,0.0,21.0,,,,,
1095,151479,1,,,,,,1622.0,2100.0,1040.0,1042.0,21.0
1096,83520,0,1490.0,810.0,804.0,0.0,21.0,,,,,
1097,151529,1,,,,,,1623.0,2101.0,1040.0,1043.0,23.0
1098,83570,0,1491.0,811.0,805.0,0.0,22.0,,,,,
1099,151579,1,,,,,,1624.0,2102.0,1040.0,1044.0,22.0
1100,83620,0,1491.0,811.0,805.0,0.0,22.0,,,,,
1101,151629,1,,,,,,1625.0,2103.0,1041.0,1044.0,23.0
1102,83670,0,1492.0,812.0,806.0,0.0,22.0,,,,,
1103,151679,1,,,,,,1626.0,2104.0,1042.0,1044.0,19.0
1104,83720,0,1492.0,812.0,806.0,0.0,22.0,,,,,
1105,151729,1,,,,,,1627.0,2105.0,1042.0,1045.0,19.0
1106,83770,0,1493.0,813.0,807.0,0.0,21.0,,,,,
1107,151779,1,,,,,,1628.0,2106.0,1043.0,1045.0,24.0
1108,83820,0,1493.0,813.0,807.0,0.0,21.0,,,,,
1109,151829,1,,,,,,1629.0,2107.0,1043.0,1046.0,25.0
1110,83870,0,1494.0,814.0,808.0,0.0,25.0,,,,,
1111,151879,1,,,,,,1630.0,2108.0,1044.0,1046.0,21.0
1112,83920,0,1494.0,814.0,808.0,0.0,25.0,,,,,
1113,151929,1,,,,,,1631.0,2109.0,1044.0,1047.0,22.0
1114,83970,0,1495.0,815.0,809.0,0.0,21.0,,,,,
1115,151979,1,,,,,,1632.0,2110.0,1044.0,1048.0,21.0
1116,84020,0,1495.0,815.0,809.0,0.0,21.0,,,,,
1117,152029,1,,,,,,1633.0,2111.0,1045.0,1048.0,23.0
1118,84070,0,1496.0,816.0,810.0,0.0,23.0,,,,,
1119,152079,1,,,,,,1634.0,2112.0,1046.0,1048.0,26.0
1120,84120,0,1496.0,816.0,810.0,0.0,23.0,,,,,
1121,152129,1,,,,,,1635.0,2113.0,1046.0,1049.0,27.0
1122,84170,0,1497.0,817.0,811.0,0.0,26.0,,,,,
1123,152179,1,,,,,,1636.0,2114.0,1047.0,1049.0,22.0
1124,84220,0,1497.0,817.0,811.0,0.0,26.0,,,,,
1125,152229,1,,,,,,1637.0,2115.0,1047.0,1050.0,22.0
1126,84270,0,1498.0,818.0,812.0,0.0,21.0,,,,,
1127,152279,1,,,,,,1638.0,2116.0,1048.0,1050.0,21.0
1128,84320,0,1498.0,818.0,812.0,0.0,21.0,,,,,
1129,152329,1,,,,,,1639.0,2117.0,1048.0,1051.0,23.0
1130,84370,0,1499.0,819.0,813.0,0.0,22.0,,,,,
1131,152379,1,,,,,,1640.0,2118.0,1048.0,1052.0,22.0
1132,84420,0,1499.0,819.0,813.0,0.0,22.0,,,,,
1133,152429,1,,,,,,1641.0,2119.0,1049.0,1052.0,21.0
1134,84470,0,1500.0,820.0,814.0,0.0,21.0,,,,,
1135,152479,1,,,,,,1642.0,2120.0,1050.0,1052.0,24.0
1136,84520,0,1500.0,820.0,814.0,0.0,21.0,,,,,
1137,152529,1,,,,,,1643.0,2121.0,1050.0,1053.0,25.0
1138,84570,0,1501.0,821.0,815.0,0.0,24.0,,,,,
1139,152579,1,,,,,,1644.0,2122.0,1051.0,1053.0,21.0
1140,84620,0,1501.0,821.0,815.0,0.0,24.0,,,,,
1141,152629,1,,,,,,1645.0,2123.0,1051.0,1054.0,23.0
1142,84670,0,1502.0,822.0,816.0,0.0,22.0,,,,,
1143,152679,1,,,,,,1646.0,2124.0,1052.0,1054.0,21.0
1144,84720,0,1502.0,822.0,816.0,0.0,22.0,,,,,
1145,152729,1,,,,,,1647.0,2125.0,1052.0,1055.0,21.0
1146,84770,0,1503.0,823.0,817.0,0.0,22.0,,,,,
1147,152779,1,,,,,,1648.0,2126.0,1052.0,1056.0,22.0
1148,84820,0,1503.0,823.0,817.0,0.0,22.0,,,,,
1149,152829,1,,,,,,1649.0,2127.0,1053.0,1056.0,24.0
1150,84870,0,1504.0,824.0,818.0,0.0,23.0,,,,,
1151,152879,1,,,,,,1650.0,2128.0,1054.0,1056.0,18.0
1152,84920,0,1504.0,824.0,818.0,0.0,23.0,,,,,
1153,152929,1,,,,,,1651.0,2129.0,1054.0,1057.0,18.0
1154,84970,0,1505.0,825.0,819.0,0.0,19.0,,,,,
1155,152979,1,,,,,,1652.0,2130.0,1055.0,1057.0,19.0
1156,85020,0,1505.0,825.0,819.0,0.0,19.0,,,,,
1157,153029,1,,,,,,1653.0,2131.0,1055.0,1058.0,19.0
1158,85070,0,1506.0,826.0,820.0,0.0,20.0,,,,,
1159,153079,1,,,,,,1654.0,2132.0,1056.0,1058.0,22.0
1160,85120,0,1506.0,826.0,820.0,0.0,20.0,,,,,
1161,153129,1,,,,,,1655.0,2133.0,1056.0,1059.0,21.0
1162,85170,0,1507.0,827.0,821.0,0.0,22.0,,,,,
1163,153179,1,,,,,,1656.0,2134.0,1057.0,1059.0,23.0
1164,85220,0,1507.0,827.0,821.0,0.0,22.0,,,,,
1165,153229,1,,,,,,1657.0,2135.0,1057.0,1060.0,23.0
1166,85270,0,1508.0,828.0,822.0,0.0,23.0,,,,,
1167,153279,1,,,,,,1658.0,2136.0,1057.0,1061.0,23.0
1168,85320,0,1508.0,828.0,822.0,0.0,23.0,,,,,
1169,153329,1,,,,,,1659.0,2137.0,1058.0,1061.0,22.0
1170,85370,0,1509.0,829.0,823.0,0.0,23.0,,,,,
1171,153379,1,,,,,,1660.0,2138.0,1059.0,1061.0,19.0
1172,85420,0,1509.0,829.0,823.0,0.0,23.0,,,,,
1173,153429,1,,,,,,1661.0,2139.0,1059.0,1062.0,17.0
1174,85470,0,1510.0,830.0,824.0,0.0,18.0,,,,,
1175,153479,1,,,,,,1662.0,2140.0,1060.0,1062.0,20.0
1176,85520,0,1510.0,830.0,824.0,0.0,18.0,,,,,
1177,153529,1,,,,,,1663.0,2141.0,1060.0,1063.0,22.0
1178,85570,0,1511.0,831.0,825.0,0.0,21.0,,,,,
1179,153579,1,,,,,,1664.0,2142.0,1061.0,1063.0,20.0
1180,85620,0,1511.0,831.0,825.0,0.0,21.0,,,,,
1181,153629,1,,,,,,1665.0,2143.0,1061.0,1064.0,20.0
1182,85670,0,1512.0,832.0,826.0,0.0,21.0,,,,,
1183,153679,1,,,,,,1666.0,2144.0,1061.0,1065.0,21.0
1184,85720,0,1512.0,832.0,826.0,0.0,21.0,,,,,
1185,153729,1,,,,,,1667.0,2145.0,1062.0,1065.0,24.0
1186,85770,0,1513.0,833.0,827.0,0.0,23.0,,,,,
1187,153779,1,,,,,,1668.0,2146.0,1063.0,1065.0,20.0
1188,85820,0,1513.0,833.0,827.0,0.0,23.0,,,,,
1189,153829,1,,,,,,1669.0,2147.0,1063.0,1066.0,20.0
1190,85870,0,1514.0,834.0,828.0,0.0,20.0,,,,,
1191,153879,1,,,,,,1670.0,2148.0,1064.0,1066.0,23.0
1192,85920,0,1514.0,834.0,828.0,0.0,20.0,,,,,
1193,153929,1,,,,,,1671.0,2149.0,1064.0,1067.0,24.0
1194,85970,0,1515.0,835.0,829.0,0.0,24.0,,,,,
1195,153979,1,,,,,,1672.0,2150.0,1065.0,1067.0,22.0
1196,86020,0,1515.0,835.0,829.0,0.0,24.0,,,,,
1197,154029,1,,,,,,1673.0,2151.0,1065.0,1068.0,19.0
