recvSeq1,recvNum1,compute1num1,compute2num1,timestamp
1281,655,365,283,49742.0
1282,656,366,283,49782.0
1283,657,366,284,49822.0
1283,657,366,284,49862.0
1283,657,366,284,49902.0
1285,658,367,284,49942.0
1286,659,367,285,49982.0
1287,660,368,285,50022.0
1287,660,368,285,50062.0
1288,661,368,286,50102.0
1288,661,368,286,50142.0
1290,662,369,286,50182.0
1291,663,369,287,50222.0
1291,663,369,287,50262.0
1291,663,369,287,50302.0
1293,664,369,288,50342.0
1294,665,370,288,50382.0
1295,666,371,288,50422.0
1295,666,371,288,50462.0
1296,667,371,289,50502.0
1296,667,371,289,50542.0
1298,668,371,290,50582.0
1299,669,372,290,50622.0
1299,669,372,290,50662.0
1300,670,373,290,50702.0
1300,670,373,290,50742.0
1300,670,373,290,50782.0
1303,671,374,290,50822.0
1303,671,374,290,50862.0
1304,672,375,290,50902.0
1305,673,375,291,50942.0
1306,674,376,291,50982.0
1306,674,376,291,51022.0
1306,674,376,291,51062.0
1308,675,376,292,51102.0
1309,676,377,292,51142.0
1310,677,377,293,51182.0
1310,677,377,293,51222.0
1311,678,378,293,51262.0
1312,679,378,294,51302.0
1312,679,378,294,51342.0
1314,680,379,294,51382.0
1315,681,380,294,51422.0
1315,681,380,294,51462.0
1316,682,380,295,51502.0
1317,683,380,296,51542.0
1318,684,380,297,51582.0
1319,685,380,298,51622.0
1319,685,380,298,51662.0
1320,686,380,299,51702.0
1320,686,380,299,51742.0
1320,686,380,299,51782.0
1323,687,381,299,51822.0
1323,687,381,299,51862.0
1324,688,381,300,51902.0
1324,688,381,300,51942.0
1326,689,381,300,51982.0
1326,689,381,300,52022.0
1326,689,381,300,52062.0
1328,690,381,301,52102.0
1329,691,382,301,52142.0
1330,692,382,302,52182.0
1330,692,382,302,52222.0
1330,692,382,302,52262.0
1330,692,382,302,52302.0
1333,693,383,302,52342.0
1334,694,383,303,52382.0
1334,694,383,303,52422.0
1334,694,383,303,52462.0
1336,695,384,303,52502.0
1337,696,384,304,52542.0
1337,696,384,304,52582.0
1339,697,384,305,52622.0
1339,697,384,305,52662.0
1340,698,385,305,52702.0
1341,699,385,306,52742.0
1342,700,386,306,52782.0
1343,701,386,307,52822.0
1343,701,386,307,52862.0
1344,702,387,307,52902.0
1345,703,387,308,52942.0
1346,704,388,308,52982.0
1347,705,389,308,53022.0
1347,705,389,308,53062.0
1348,706,390,308,53102.0
1349,707,390,309,53142.0
1350,708,391,309,53182.0
1351,709,391,310,53222.0
1351,709,391,310,53262.0
1351,709,391,310,53302.0
1353,710,392,310,53342.0
1354,711,392,311,53382.0
1355,712,393,311,53422.0
1355,712,393,311,53462.0
1355,712,393,311,53502.0
1355,712,393,311,53542.0
1355,712,393,311,53582.0
1359,713,394,311,53622.0
1359,713,394,311,53662.0
1359,713,394,311,53702.0
1361,714,395,311,53742.0
1361,714,395,311,53782.0
1361,714,395,311,53822.0
1361,714,395,311,53862.0
1364,715,396,311,53902.0
1365,716,396,312,53942.0
1365,716,396,312,53982.0
1367,717,397,312,54022.0
1367,717,397,312,54062.0
1367,717,397,312,54102.0
1369,718,398,312,54142.0
1370,719,399,312,54182.0
1371,720,399,313,54222.0
1371,720,399,313,54262.0
1371,720,399,313,54302.0
1371,720,399,313,54342.0
1374,721,400,313,54382.0
1375,722,400,314,54422.0
1376,723,401,314,54462.0
1376,723,401,314,54502.0
1377,724,402,314,54542.0
1377,724,402,314,54582.0
1379,725,402,315,54622.0
1379,725,402,315,54662.0
1380,726,403,315,54702.0
1381,727,403,316,54742.0
1382,728,404,316,54782.0
1383,729,405,316,54822.0
1383,729,405,316,54862.0
1383,729,405,316,54902.0
1385,730,406,316,54942.0
1386,731,407,316,54982.0
1386,731,407,316,55022.0
1386,731,407,316,55062.0
1386,731,407,316,55102.0
1389,732,408,316,55142.0
1389,732,408,316,55182.0
1391,733,409,316,55222.0
1391,733,409,316,55262.0
1391,733,409,316,55302.0
1393,734,410,316,55342.0
1394,735,410,317,55382.0
1395,736,411,317,55422.0
1395,736,411,317,55462.0
1396,737,411,318,55502.0
1397,738,412,318,55542.0
1398,739,412,319,55582.0
1399,740,413,319,55622.0
1399,740,413,319,55662.0
1399,740,413,319,55702.0
1399,740,413,319,55742.0
1402,741,414,319,55782.0
1403,742,414,320,55822.0
1404,743,415,320,55862.0
1404,743,415,320,55902.0
1404,743,415,320,55942.0
1406,744,415,321,55982.0
1407,745,416,321,56022.0
1408,746,416,322,56062.0
1408,746,416,322,56102.0
1409,747,417,322,56142.0
1410,748,417,323,56182.0
1411,749,417,324,56222.0
1411,749,417,324,56262.0
1411,749,417,324,56302.0
1413,750,417,325,56342.0
1414,751,418,325,56382.0
1414,751,418,325,56422.0
1416,752,418,326,56462.0
1416,752,418,326,56502.0
1416,752,418,326,56542.0
1418,753,419,326,56582.0
1418,753,419,326,56622.0
1420,754,420,326,56662.0
1420,754,420,326,56702.0
1420,754,420,326,56742.0
1422,755,421,326,56782.0
1423,756,421,327,56822.0
1424,757,422,327,56862.0
1424,757,422,327,56902.0
1425,758,422,328,56942.0
1426,759,423,328,56982.0
1427,760,423,329,57022.0
1428,761,424,329,57062.0
1428,761,424,329,57102.0
1428,761,424,329,57142.0
1430,762,425,329,57182.0
1431,763,426,329,57222.0
1432,764,426,330,57262.0
1432,764,426,330,57302.0
1433,765,427,330,57342.0
1433,765,427,330,57382.0
1433,765,427,330,57422.0
1436,766,428,330,57462.0
1436,766,428,330,57502.0
1437,767,429,330,57542.0
1438,768,429,331,57582.0
1438,768,429,331,57622.0
1438,768,429,331,57662.0
1440,769,430,331,57702.0
1441,770,430,332,57742.0
1441,770,430,332,57782.0
1443,771,430,333,57822.0
1443,771,430,333,57862.0
1444,772,431,333,57902.0
1444,772,431,333,57942.0
1444,772,431,333,57982.0
1447,773,432,333,58022.0
1447,773,432,333,58062.0
1448,774,432,333,58102.0
1449,775,433,333,58142.0
1450,776,433,334,58182.0
1450,776,433,334,58222.0
1450,776,433,334,58262.0
1452,777,433,335,58302.0
1453,778,434,335,58342.0
1454,779,434,336,58382.0
1455,780,434,337,58422.0
1455,780,434,337,58462.0
1455,780,434,337,58502.0
1457,781,435,337,58542.0
1457,781,435,337,58582.0
1457,781,435,337,58622.0
1457,781,435,337,58662.0
1457,781,435,337,58702.0
1457,781,435,337,58742.0
1457,781,435,337,58783.0
1463,782,435,337,58822.0
1463,782,435,337,58862.0
1464,783,436,337,58902.0
1465,784,436,338,58942.0
1466,785,437,338,58982.0
1466,785,437,338,59022.0
1466,785,437,338,59062.0
1468,786,438,338,59102.0
1469,787,438,339,59142.0
1470,788,439,339,59182.0
1471,789,439,340,59222.0
1471,789,439,340,59262.0
1471,789,439,340,59302.0
1473,790,440,340,59342.0
1474,791,440,341,59382.0
1475,792,440,342,59422.0
1475,792,440,342,59462.0
1476,793,441,342,59502.0
1477,794,441,343,59542.0
1478,795,442,343,59582.0
1478,795,442,343,59622.0
1478,795,442,343,59662.0
1478,795,442,343,59702.0
1481,796,443,343,59742.0
1481,796,443,343,59782.0
1481,796,443,343,59822.0
1481,796,443,343,59862.0
1484,797,444,343,59902.0
1485,798,445,343,59942.0
1486,799,445,344,59982.0
1487,800,446,344,60022.0
1487,800,446,344,60062.0
1488,801,446,345,60102.0
1488,801,446,345,60142.0
1490,802,447,345,60182.0
1491,803,448,345,60223.0
1491,803,448,345,60262.0
1491,803,448,345,60302.0
1491,803,448,345,60342.0
1494,804,448,346,60382.0
1495,805,449,346,60422.0
1496,806,450,346,60462.0
1496,806,450,346,60502.0
1497,807,450,347,60542.0
1498,808,451,347,60582.0
1499,809,451,348,60622.0
1500,810,452,348,60662.0
1500,810,452,348,60702.0
1501,811,452,349,60742.0
1502,812,453,349,60782.0
1502,812,453,349,60822.0
1504,813,454,349,60862.0
1504,813,454,349,60902.0
1505,814,454,350,60942.0
1505,814,454,350,60982.0
1507,815,455,350,61023.0
1508,816,455,351,61062.0
1508,816,455,351,61102.0
1508,816,455,351,61142.0
1510,817,456,351,61182.0
1511,818,456,352,61222.0
1511,818,456,352,61262.0
1511,818,456,352,61302.0
1513,819,456,353,61342.0
1514,820,457,353,61382.0
1515,821,458,353,61422.0
1516,822,458,354,61462.0
1516,822,458,354,61502.0
1517,823,459,354,61542.0
1517,823,459,354,61582.0
1517,823,459,354,61622.0
1517,823,459,354,61662.0
1517,823,459,354,61702.0
1521,824,459,355,61742.0
1522,825,460,355,61782.0
1523,826,460,356,61822.0
1523,826,460,356,61862.0
1523,826,460,356,61902.0
1523,826,460,356,61942.0
1526,827,461,356,61982.0
1527,828,461,357,62022.0
1527,828,461,357,62062.0
1527,828,461,357,62102.0
1529,829,461,358,62142.0
1529,829,461,358,62182.0
1529,829,461,358,62222.0
1532,830,462,358,62262.0
1532,830,462,358,62302.0
1533,831,462,359,62342.0
1534,832,462,360,62382.0
1535,833,462,361,62422.0
1536,834,463,361,62462.0
1536,834,463,361,62502.0
1537,835,463,362,62542.0
1538,836,464,362,62582.0
1538,836,464,362,62622.0
1540,837,465,362,62662.0
1540,837,465,362,62702.0
1541,838,465,363,62742.0
1542,839,465,364,62782.0
1543,840,466,364,62822.0
1544,841,466,365,62862.0
1544,841,466,365,62902.0
1544,841,466,365,62942.0
1546,842,466,366,62982.0
1546,842,466,366,63022.0
1548,843,467,366,63062.0
1548,843,467,366,63102.0
1549,844,468,366,63142.0
1550,845,468,367,63182.0
1550,845,468,367,63222.0
1550,845,468,367,63262.0
1550,845,468,367,63302.0
1553,846,469,367,63342.0
1554,847,469,368,63382.0
1554,847,469,368,63422.0
1554,847,469,368,63462.0
1554,847,469,368,63502.0
1557,848,470,368,63542.0
1558,849,471,368,63582.0
1559,850,472,368,63622.0
1560,851,472,369,63662.0
1560,851,472,369,63702.0
1560,851,472,369,63742.0
1562,852,473,369,63782.0
1562,852,473,369,63822.0
1564,853,474,369,63862.0
1564,853,474,369,63902.0
1565,854,474,370,63942.0
1566,855,474,371,63982.0
1567,856,475,371,64022.0
1568,857,476,371,64062.0
1568,857,476,371,64102.0
1569,858,476,372,64142.0
1570,859,477,372,64182.0
1570,859,477,372,64222.0
1570,859,477,372,64262.0
1572,860,478,372,64302.0
1573,861,479,372,64342.0
1573,861,479,372,64382.0
1575,862,480,372,64422.0
1575,862,480,372,64462.0
1576,863,480,373,64502.0
1576,863,480,373,64542.0
1576,863,480,373,64582.0
1579,864,480,374,64622.0
1579,864,480,374,64662.0
1580,865,481,374,64702.0
1581,866,482,374,64742.0
1582,867,483,374,64782.0
1583,868,484,374,64822.0
1583,868,484,374,64862.0
1584,869,484,375,64902.0
1585,870,484,376,64942.0
1586,871,485,376,64982.0
1587,872,486,376,65022.0
1587,872,486,376,65062.0
1587,872,486,376,65102.0
1589,873,487,376,65142.0
1590,874,487,377,65182.0
1591,875,488,377,65222.0
1591,875,488,377,65262.0
1591,875,488,377,65302.0
1593,876,489,377,65342.0
1594,877,489,378,65382.0
1595,878,490,378,65422.0
1595,878,490,378,65462.0
1596,879,490,379,65502.0
1596,879,490,379,65542.0
1598,880,491,379,65582.0
1598,880,491,379,65622.0
1598,880,491,379,65662.0
1598,880,491,379,65702.0
1598,880,491,379,65742.0
1602,881,492,379,65782.0
1603,882,492,380,65822.0
1603,882,492,380,65862.0
1604,883,493,380,65902.0
1605,884,493,381,65942.0
1606,885,494,381,65982.0
1607,886,495,381,66022.0
1607,886,495,381,66062.0
1608,887,495,382,66102.0
1608,887,495,382,66142.0
1608,887,495,382,66182.0
1611,888,496,382,66222.0
1611,888,496,382,66262.0
1611,888,496,382,66302.0
1613,889,497,382,66342.0
1614,890,497,383,66382.0
1614,890,497,383,66422.0
1615,891,497,384,66462.0
1615,891,497,384,66502.0
1617,892,498,384,66542.0
1618,893,498,385,66582.0
1619,894,498,386,66622.0
1619,894,498,386,66662.0
1620,895,498,387,66702.0
1621,896,499,387,66742.0
1621,896,499,387,66782.0
1623,897,500,387,66822.0
1623,897,500,387,66862.0
1624,898,500,388,66902.0
1625,899,501,388,66942.0
1626,900,501,389,66982.0
1627,901,502,389,67022.0
1627,901,502,389,67062.0
1628,902,502,390,67102.0
1629,903,503,390,67142.0
1629,903,503,390,67182.0
1631,904,503,391,67222.0
1631,904,503,391,67262.0
1632,905,504,391,67302.0
1633,906,504,392,67342.0
1634,907,505,392,67382.0
1634,907,505,392,67422.0
1635,908,506,392,67462.0
1636,909,506,393,67502.0
1637,910,507,393,67542.0
1638,911,508,393,67582.0
1638,911,508,393,67622.0
1639,912,509,393,67662.0
1640,913,509,394,67702.0
1641,914,510,394,67742.0
1642,915,510,395,67782.0
1642,915,510,395,67822.0
1643,916,511,395,67862.0
1643,916,511,395,67902.0
1645,917,512,395,67942.0
1645,917,512,395,67982.0
1645,917,512,395,68022.0
1645,917,512,395,68062.0
1648,918,513,395,68102.0
1649,919,514,395,68142.0
1650,920,514,396,68182.0
1650,920,514,396,68222.0
1651,921,514,397,68262.0
1652,922,515,397,68302.0
1653,923,516,397,68342.0
1653,923,516,397,68382.0
1654,924,516,398,68422.0
1654,924,516,398,68462.0
1656,925,517,398,68502.0
1657,926,517,399,68542.0
1657,926,517,399,68582.0
1658,927,518,399,68622.0
1659,928,518,400,68662.0
1660,929,519,400,68702.0
1661,930,519,401,68742.0
1661,930,519,401,68782.0
1662,931,519,402,68822.0
1662,931,519,402,68862.0
1664,932,519,403,68902.0
1664,932,519,403,68942.0
1664,932,519,403,68982.0
1666,933,520,403,69022.0
1666,933,520,403,69062.0
1668,934,520,404,69102.0
1669,935,520,404,69142.0
1669,935,520,404,69182.0
1670,936,521,404,69222.0
1670,936,521,404,69262.0
1672,937,522,404,69302.0
1672,937,522,404,69342.0
1672,937,522,404,69382.0
1674,938,523,404,69422.0
1675,939,523,405,69462.0
1676,940,524,405,69502.0
1676,940,524,405,69542.0
1676,940,524,405,69582.0
1678,941,525,405,69622.0
1678,941,525,405,69662.0
1678,941,525,405,69702.0
1681,942,526,405,69742.0
1681,942,526,405,69782.0
1681,942,526,405,69822.0
1683,943,526,406,69862.0
1684,944,527,406,69902.0
1685,945,527,407,69942.0
1685,945,527,407,69982.0
1686,946,528,407,70022.0
1686,946,528,407,70062.0
1688,947,529,407,70102.0
1688,947,529,407,70142.0
1689,948,529,408,70182.0
1689,948,529,408,70222.0
1691,949,530,408,70262.0
1692,950,531,408,70302.0
1692,950,531,408,70342.0
1693,951,531,409,70382.0
1694,952,532,409,70422.0
1694,952,532,409,70462.0
1694,952,532,409,70502.0
1694,952,532,409,70542.0
1694,952,532,409,70582.0
1698,953,533,409,70622.0
1699,954,533,410,70662.0
1699,954,533,410,70702.0
1699,954,533,410,70742.0
1699,954,533,410,70782.0
1702,955,534,410,70822.0
1703,956,534,411,70862.0
1704,957,535,411,70902.0
1704,957,535,411,70942.0
1705,958,535,412,70982.0
1706,959,536,412,71022.0
1706,959,536,412,71062.0
1706,959,536,412,71102.0
1706,959,536,412,71142.0
1709,960,536,413,71182.0
1710,961,537,413,71222.0
1711,962,537,414,71262.0
1711,962,537,414,71302.0
1712,963,537,415,71342.0
1713,964,538,415,71382.0
1714,965,538,416,71422.0
1714,965,538,416,71462.0
1714,965,538,416,71502.0
1716,966,539,416,71542.0
1716,966,539,416,71582.0
1718,967,539,417,71622.0
1719,968,540,417,71662.0
1719,968,540,417,71702.0
1720,969,541,417,71742.0
1720,969,541,417,71782.0
1722,970,542,417,71822.0
1723,971,542,418,71862.0
1723,971,542,418,71902.0
1723,971,542,418,71942.0
1725,972,543,418,71982.0
1726,973,543,419,72022.0
1726,973,543,419,72062.0
1726,973,543,419,72102.0
1728,974,544,419,72142.0
1729,975,545,419,72182.0
1730,976,546,419,72222.0
1731,977,546,420,72262.0
1731,977,546,420,72302.0
1732,978,547,420,72342.0
1733,979,547,421,72382.0
1734,980,548,421,72422.0
1735,981,549,421,72462.0
1735,981,549,421,72502.0
1736,982,550,421,72542.0
1737,983,551,421,72582.0
1737,983,551,421,72622.0
1739,984,552,421,72662.0
1739,984,552,421,72702.0
1740,985,552,422,72742.0
1740,985,552,422,72782.0
1742,986,552,423,72822.0
1742,986,552,423,72862.0
1742,986,552,423,72902.0
1744,987,552,424,72942.0
1744,987,552,424,72982.0
1744,987,552,424,73022.0
1747,988,553,424,73062.0
1747,988,553,424,73102.0
1748,989,553,425,73142.0
1749,990,553,426,73182.0
1750,991,553,427,73222.0
1751,992,554,427,73262.0
1751,992,554,427,73302.0
1752,993,554,428,73342.0
1753,994,555,428,73382.0
1754,995,555,429,73422.0
1754,995,555,429,73462.0
1754,995,555,429,73502.0
1756,996,556,429,73542.0
1756,996,556,429,73582.0
1758,997,556,430,73622.0
1759,998,557,430,73662.0
1759,998,557,430,73702.0
1760,999,558,430,73742.0
1761,1000,558,431,73782.0
1761,1000,558,431,73822.0
1763,1001,558,432,73862.0
1763,1001,558,432,73902.0
1764,1002,559,432,73942.0
1764,1002,559,432,73982.0
1766,1003,559,433,74022.0
1766,1003,559,433,74062.0
1768,1004,559,434,74102.0
1768,1004,559,434,74142.0
1769,1005,560,434,74182.0
1770,1006,560,435,74222.0
1771,1007,561,435,74262.0
1771,1007,561,435,74302.0
1772,1008,562,435,74342.0
1773,1009,563,435,74382.0
1774,1010,563,436,74422.0
1775,1011,563,437,74462.0
1775,1011,563,437,74502.0
1776,1012,564,437,74542.0
1777,1013,564,438,74582.0
1778,1014,565,438,74622.0
1779,1015,565,439,74662.0
1780,1016,565,440,74702.0
1780,1016,565,440,74742.0
1780,1016,565,440,74782.0
1780,1016,565,440,74822.0
1783,1017,566,440,74862.0
1783,1017,566,440,74902.0
1783,1017,566,440,74942.0
1783,1017,566,440,74982.0
1783,1017,566,440,75022.0
1787,1018,567,440,75062.0
1787,1018,567,440,75102.0
1787,1018,567,440,75142.0
1789,1019,567,441,75182.0
1790,1020,568,441,75222.0
1791,1021,569,441,75262.0
1792,1022,569,442,75302.0
1792,1022,569,442,75342.0
1792,1022,569,442,75382.0
1794,1023,570,442,75422.0
1795,1024,571,442,75462.0
1796,1025,571,443,75502.0
1796,1025,571,443,75542.0
1797,1026,571,444,75582.0
1797,1026,571,444,75622.0
1797,1026,571,444,75662.0
1800,1027,572,444,75702.0
1800,1027,572,444,75742.0
1801,1028,572,445,75782.0
1802,1029,573,445,75822.0
1803,1030,573,446,75862.0
1803,1030,573,446,75902.0
1803,1030,573,446,75942.0
1805,1031,574,446,75982.0
1806,1032,574,446,76022.0
1807,1033,574,447,76062.0
1808,1034,574,448,76102.0
1808,1034,574,448,76142.0
1808,1034,574,448,76182.0
1810,1035,575,448,76222.0
1810,1035,575,448,76262.0
1812,1036,575,449,76302.0
1812,1036,575,449,76342.0
1813,1037,576,449,76382.0
1814,1038,577,449,76422.0
1814,1038,577,449,76462.0
1814,1038,577,449,76502.0
1816,1039,578,449,76542.0
1816,1039,578,449,76582.0
1816,1039,578,449,76622.0
1819,1040,578,450,76662.0
1820,1041,579,450,76702.0
1820,1041,579,450,76742.0
1821,1042,579,451,76782.0
1822,1043,580,451,76822.0
1822,1043,580,451,76862.0
1824,1044,581,451,76902.0
1824,1044,581,451,76942.0
1825,1045,581,452,76982.0
1826,1046,582,452,77022.0
1827,1047,583,452,77062.0
1828,1048,583,453,77102.0
1828,1048,583,453,77142.0
1829,1049,584,453,77182.0
1829,1049,584,453,77222.0
1829,1049,584,453,77262.0
1832,1050,585,453,77302.0
1833,1051,585,454,77343.0
1833,1051,585,454,77382.0
1833,1051,585,454,77422.0
1833,1051,585,454,77462.0
1833,1051,585,454,77502.0
1837,1052,586,454,77542.0
1837,1052,586,454,77582.0
1838,1053,587,454,77622.0
1839,1054,588,454,77662.0
1839,1054,588,454,77702.0
1839,1054,588,454,77742.0
1839,1054,588,454,77782.0
1842,1055,588,455,77822.0
1842,1055,588,455,77862.0
1842,1055,588,455,77902.0
1845,1056,589,455,77942.0
1845,1056,589,455,77982.0
1845,1056,589,455,78022.0
1847,1057,590,455,78062.0
1847,1057,590,455,78102.0
1849,1058,590,456,78142.0
1849,1058,590,456,78182.0
1850,1059,591,456,78222.0
1851,1060,591,457,78262.0
1852,1061,592,457,78302.0
1853,1062,592,458,78342.0
1853,1062,592,458,78382.0
1854,1063,593,458,78422.0
1855,1064,593,459,78462.0
1856,1065,594,459,78502.0
1857,1066,594,460,78542.0
1857,1066,594,460,78582.0
1858,1067,595,460,78622.0
1859,1068,595,461,78662.0
1860,1069,595,462,78702.0
1860,1069,595,462,78742.0
1860,1069,595,462,78782.0
1862,1070,596,462,78822.0
1863,1071,597,462,78862.0
1864,1072,597,463,78902.0
1865,1073,598,463,78942.0
1865,1073,598,463,78982.0
1865,1073,598,463,79022.0
1865,1073,598,463,79062.0
1868,1074,599,463,79102.0
1869,1075,599,464,79142.0
1869,1075,599,464,79182.0
1870,1076,600,464,79222.0
1871,1077,600,465,79262.0
1872,1078,601,465,79302.0
1873,1079,601,466,79342.0
1873,1079,601,466,79382.0
1873,1079,601,466,79422.0
1873,1079,601,466,79462.0
1873,1079,601,466,79502.0
1873,1079,601,466,79542.0
1878,1080,602,466,79582.0
1878,1080,602,466,79622.0
1878,1080,602,466,79662.0
1878,1080,602,466,79702.0
1881,1081,603,466,79742.0
1881,1081,603,466,79782.0
1881,1081,603,466,79822.0
1883,1082,604,466,79862.0
1884,1083,604,467,79902.0
1884,1083,604,467,79942.0
1884,1083,604,467,79982.0
1886,1084,605,467,80022.0
1886,1084,605,467,80062.0
1888,1085,605,468,80102.0
1889,1086,606,468,80142.0
1890,1087,606,469,80182.0
1890,1087,606,469,80222.0
1891,1088,606,470,80262.0
1892,1089,607,470,80302.0
1892,1089,607,470,80342.0
1892,1089,607,470,80382.0
1892,1089,607,470,80422.0
1892,1089,607,470,80462.0
1896,1090,608,470,80502.0
1897,1091,609,470,80542.0
1898,1092,610,470,80582.0
1898,1092,610,470,80622.0
1899,1093,610,471,80662.0
1900,1094,611,471,80702.0
1901,1095,611,472,80742.0
1902,1096,612,472,80782.0
1902,1096,612,472,80822.0
1903,1097,612,473,80862.0
1904,1098,613,473,80902.0
1905,1099,613,474,80942.0
1905,1099,613,474,80982.0
1906,1100,614,474,81022.0
1906,1100,614,474,81062.0
1908,1101,614,475,81102.0
1909,1102,615,475,81142.0
1909,1102,615,475,81182.0
1910,1103,616,475,81222.0
1911,1104,616,476,81262.0
1911,1104,616,476,81302.0
1913,1105,616,477,81342.0
1913,1105,616,477,81382.0
1913,1105,616,477,81422.0
1913,1105,616,477,81462.0
1913,1105,616,477,81502.0
1913,1105,616,477,81542.0
1913,1105,616,477,81582.0
1913,1105,616,477,81622.0
1919,1106,617,477,81662.0
1919,1106,617,477,81702.0
1921,1107,618,477,81742.0
1922,1108,619,477,81782.0
1922,1108,619,477,81822.0
1923,1109,619,478,81862.0
1923,1109,619,478,81902.0
1923,1109,619,478,81942.0
1923,1109,619,478,81982.0
1923,1109,619,478,82022.0
1927,1110,620,478,82062.0
1928,1111,620,479,82102.0
1928,1111,620,479,82142.0
1928,1111,620,479,82182.0
1930,1112,620,480,82222.0
1930,1112,620,480,82262.0
1930,1112,620,480,82302.0
1930,1112,620,480,82342.0
1930,1112,620,480,82382.0
1930,1112,620,480,82422.0
1935,1113,621,480,82462.0
1936,1114,622,480,82502.0
1937,1115,622,481,82542.0
1937,1115,622,481,82582.0
1937,1115,622,481,82622.0
1939,1116,623,481,82662.0
1940,1117,624,481,82702.0
1941,1118,624,482,82742.0
1941,1118,624,482,82782.0
1941,1118,624,482,82822.0
1943,1119,625,482,82862.0
1943,1119,625,482,82902.0
1945,1120,626,482,82942.0
1945,1120,626,482,82982.0
1945,1120,626,482,83022.0
1945,1120,626,482,83062.0
1948,1121,626,483,83102.0
1949,1122,627,483,83142.0
1949,1122,627,483,83182.0
1949,1122,627,483,83222.0
1949,1122,627,483,83262.0
1952,1123,628,483,83302.0
1953,1124,629,483,83342.0
1953,1124,629,483,83382.0
1953,1124,629,483,83422.0
1955,1125,630,483,83462.0
1956,1126,630,484,83502.0
1956,1126,630,484,83542.0
1956,1126,630,484,83582.0
1956,1126,630,484,83622.0
1959,1127,630,485,83662.0
1959,1127,630,485,83702.0
1961,1128,631,485,83742.0
1961,1128,631,485,83782.0
1961,1128,631,485,83822.0
1963,1129,631,486,83862.0
1964,1130,632,486,83902.0
1965,1131,632,487,83942.0
1965,1131,632,487,83982.0
1965,1131,632,487,84022.0
1967,1132,633,487,84062.0
1968,1133,633,488,84102.0
1968,1133,633,488,84142.0
1968,1133,633,488,84182.0
1970,1134,634,488,84222.0
1970,1134,634,488,84262.0
1972,1135,634,489,84302.0
1973,1136,635,489,84342.0
1973,1136,635,489,84382.0
1974,1137,636,489,84422.0
1975,1138,636,490,84462.0
1976,1139,637,490,84502.0
1977,1140,637,491,84542.0
1977,1140,637,491,84582.0
1977,1140,637,491,84622.0
1977,1140,637,491,84662.0
1980,1141,638,491,84702.0
1981,1142,639,491,84742.0
1981,1142,639,491,84782.0
1981,1142,639,491,84822.0
1983,1143,640,491,84862.0
1984,1144,641,491,84902.0
1985,1145,641,492,84942.0
1985,1145,641,492,84982.0
1985,1145,641,492,85022.0
1985,1145,641,492,85062.0
1988,1146,641,493,85102.0
1989,1147,642,493,85142.0
1989,1147,642,493,85182.0
1989,1147,642,493,85222.0
1989,1147,642,493,85262.0
1989,1147,642,493,85302.0
1993,1148,643,493,85342.0
1993,1148,643,493,85382.0
1994,1149,644,493,85422.0
1995,1150,644,494,85462.0
1996,1151,645,494,85502.0
1996,1151,645,494,85542.0
1996,1151,645,494,85582.0
1998,1152,645,495,85622.0
1999,1153,646,495,85662.0
2000,1154,646,496,85702.0
2000,1154,646,496,85742.0
2000,1154,646,496,85782.0
2002,1155,647,496,85822.0
2003,1156,647,497,85862.0
2004,1157,647,498,85902.0
2005,1158,648,498,85942.0
2005,1158,648,498,85982.0
2006,1159,648,499,86022.0
2007,1160,648,500,86062.0
2008,1161,649,500,86102.0
2008,1161,649,500,86142.0
2008,1161,649,500,86182.0
2010,1162,649,501,86222.0
2010,1162,649,501,86262.0
2012,1163,649,501,86302.0
2013,1164,650,501,86342.0
2013,1164,650,501,86382.0
2014,1165,651,501,86422.0
2014,1165,651,501,86462.0
2014,1165,651,501,86502.0
2014,1165,651,501,86542.0
2017,1166,652,501,86582.0
2018,1167,652,502,86622.0
2019,1168,653,502,86662.0
2020,1169,653,503,86702.0
2020,1169,653,503,86742.0
2021,1170,654,503,86782.0
2021,1170,654,503,86822.0
2023,1171,655,503,86862.0
2024,1172,655,504,86902.0
2024,1172,655,504,86942.0
2025,1173,656,504,86982.0
2025,1173,656,504,87022.0
2027,1174,657,504,87062.0
2027,1174,657,504,87102.0
2027,1174,657,504,87142.0
2029,1175,658,504,87182.0
2030,1176,659,504,87222.0
2030,1176,659,504,87262.0
2032,1177,660,504,87302.0
2032,1177,660,504,87342.0
2032,1177,660,504,87382.0
2034,1178,661,504,87422.0
2034,1178,661,504,87462.0
2036,1179,662,504,87502.0
2036,1179,662,504,87542.0
2037,1180,662,505,87582.0
2038,1181,662,506,87622.0
2039,1182,663,506,87662.0
2039,1182,663,506,87702.0
2040,1183,664,506,87742.0
2041,1184,664,507,87782.0
2042,1185,665,507,87822.0
2043,1186,665,508,87862.0
2044,1187,666,508,87902.0
2044,1187,666,508,87942.0
2044,1187,666,508,87982.0
2046,1188,667,508,88022.0
2047,1189,668,508,88062.0
2047,1189,668,508,88102.0
2048,1190,669,508,88142.0
2048,1190,669,508,88182.0
2050,1191,669,509,88222.0
2051,1192,670,509,88262.0
2052,1193,671,509,88302.0
2052,1193,671,509,88342.0
2053,1194,671,510,88382.0
2054,1195,672,510,88422.0
2055,1196,672,511,88462.0
2055,1196,672,511,88502.0
2056,1197,672,512,88542.0
2057,1198,673,512,88582.0
2058,1199,673,513,88622.0
2059,1200,674,513,88662.0
2059,1200,674,513,88702.0
2059,1200,674,513,88742.0
2061,1201,675,513,88782.0
2062,1202,675,514,88822.0
2063,1203,676,514,88862.0
2063,1203,676,514,88902.0
2064,1204,676,515,88942.0
2065,1205,677,515,88982.0
2066,1206,677,516,89022.0
2066,1206,677,516,89062.0
2066,1206,677,516,89102.0
2066,1206,677,516,89142.0
2069,1207,677,517,89182.0
2070,1208,678,517,89222.0
2071,1209,678,518,89262.0
2071,1209,678,518,89302.0
2071,1209,678,518,89342.0
2073,1210,679,518,89382.0
2074,1211,679,519,89422.0
2075,1212,680,519,89462.0
2075,1212,680,519,89502.0
2075,1212,680,519,89542.0
2077,1213,681,519,89582.0
2077,1213,681,519,89622.0
2079,1214,681,520,89662.0
2079,1214,681,520,89702.0
2080,1215,682,520,89742.0
2081,1216,682,521,89782.0
2081,1216,682,521,89822.0
2083,1217,683,521,89862.0
2083,1217,683,521,89902.0
2084,1218,683,522,89942.0
2085,1219,684,522,89982.0
2086,1220,684,523,90022.0
2087,1221,685,523,90062.0
2087,1221,685,523,90102.0
2088,1222,685,524,90142.0
2089,1223,686,524,90182.0
2089,1223,686,524,90222.0
2091,1224,687,524,90262.0
2091,1224,687,524,90302.0
2092,1225,687,525,90342.0
2093,1226,688,525,90382.0
2094,1227,689,525,90422.0
2095,1228,689,526,90462.0
2095,1228,689,526,90502.0
2096,1229,689,527,90542.0
2096,1229,689,527,90582.0
2098,1230,689,528,90622.0
2099,1231,690,528,90662.0
2099,1231,690,528,90702.0
2099,1231,690,528,90742.0
2101,1232,690,529,90782.0
2102,1233,691,529,90822.0
2103,1234,691,530,90862.0
2103,1234,691,530,90902.0
2103,1234,691,530,90942.0
2105,1235,691,531,90982.0
2106,1236,692,531,91022.0
2107,1237,693,531,91062.0
2108,1238,694,531,91102.0
2108,1238,694,531,91142.0
2109,1239,694,532,91182.0
2109,1239,694,532,91222.0
2109,1239,694,532,91262.0
2112,1240,695,532,91302.0
2112,1240,695,532,91342.0
2113,1241,696,532,91382.0
2114,1242,696,533,91422.0
2115,1243,697,533,91462.0
2115,1243,697,533,91502.0
2115,1243,697,533,91542.0
2117,1244,698,533,91582.0
2118,1245,698,534,91622.0
2118,1245,698,534,91662.0
2118,1245,698,534,91702.0
2120,1246,699,534,91742.0
2121,1247,700,534,91782.0
2122,1248,701,534,91822.0
2123,1249,701,535,91862.0
2123,1249,701,535,91902.0
2124,1250,701,536,91942.0
2124,1250,701,536,91982.0
2124,1250,701,536,92022.0
2124,1250,701,536,92062.0
2124,1250,701,536,92102.0
2128,1251,701,537,92142.0
2128,1251,701,537,92182.0
2128,1251,701,537,92222.0
2131,1252,702,537,92262.0
2131,1252,702,537,92302.0
2131,1252,702,537,92342.0
2133,1253,703,537,92382.0
2133,1253,703,537,92422.0
2135,1254,704,537,92462.0
2136,1255,704,538,92502.0
2136,1255,704,538,92542.0
2136,1255,704,538,92582.0
2138,1256,704,539,92622.0
2138,1256,704,539,92662.0
2138,1256,704,539,92702.0
2138,1256,704,539,92742.0
2141,1257,705,539,92782.0
2142,1258,705,540,92822.0
2143,1259,706,540,92862.0
2143,1259,706,540,92902.0
2143,1259,706,540,92942.0
2145,1260,706,541,92982.0
2145,1260,706,541,93022.0
2147,1261,707,541,93062.0
2148,1262,707,542,93102.0
2148,1262,707,542,93142.0
2149,1263,708,542,93182.0
2149,1263,708,542,93222.0
2151,1264,709,542,93262.0
2152,1265,709,543,93302.0
2152,1265,709,543,93342.0
2153,1266,709,544,93382.0
2154,1267,710,544,93422.0
2154,1267,710,544,93462.0
2154,1267,710,544,93502.0
2156,1268,711,544,93542.0
2157,1269,712,544,93582.0
2158,1270,713,544,93622.0
2158,1270,713,544,93662.0
2158,1270,713,544,93702.0
2160,1271,714,544,93742.0
2161,1272,715,544,93782.0
2161,1272,715,544,93822.0
2163,1273,716,544,93862.0
2163,1273,716,544,93902.0
2163,1273,716,544,93942.0
2165,1274,716,545,93982.0
2166,1275,717,545,94022.0
2167,1276,717,546,94062.0
2167,1276,717,546,94102.0
2167,1276,717,546,94142.0
2169,1277,718,546,94182.0
2170,1278,718,547,94222.0
2171,1279,719,547,94262.0
2171,1279,719,547,94302.0
2172,1280,719,548,94342.0
2173,1281,720,548,94382.0
2174,1282,721,548,94422.0
2175,1283,721,549,94463.0
2175,1283,721,549,94502.0
2176,1284,721,550,94542.0
2177,1285,722,550,94582.0
2178,1286,722,551,94622.0
2179,1287,722,552,94662.0
2179,1287,722,552,94702.0
2180,1288,722,553,94742.0
2181,1289,723,553,94782.0
2182,1290,724,553,94822.0
2182,1290,724,553,94862.0
2183,1291,724,554,94903.0
2183,1291,724,554,94943.0
2183,1291,724,554,94982.0
2186,1292,724,555,95023.0
2186,1292,724,555,95062.0
2186,1292,724,555,95102.0
2188,1293,725,555,95142.0
2189,1294,725,556,95182.0
2190,1295,726,556,95223.0
2191,1296,726,557,95263.0
2191,1296,726,557,95302.0
2191,1296,726,557,95342.0
2193,1297,726,558,95382.0
2194,1298,727,558,95422.0
2194,1298,727,558,95462.0
2194,1298,727,558,95502.0
2194,1298,727,558,95542.0
2197,1299,727,559,95582.0
2198,1300,728,559,95622.0
2199,1301,728,560,95662.0
2199,1301,728,560,95702.0
2200,1302,729,560,95742.0
2200,1302,729,560,95782.0
2202,1303,730,560,95822.0
2202,1303,730,560,95862.0
2202,1303,730,560,95902.0
2202,1303,730,560,95942.0
2205,1304,730,561,95982.0
2206,1305,731,561,96022.0
2207,1306,731,562,96062.0
2207,1306,731,562,96102.0
2208,1307,731,563,96142.0
2209,1308,732,563,96182.0
2209,1308,732,563,96222.0
2211,1309,733,563,96262.0
2211,1309,733,563,96302.0
2212,1310,733,564,96342.0
2213,1311,734,564,96382.0
2214,1312,734,565,96422.0
2214,1312,734,565,96463.0
2214,1312,734,565,96502.0
2214,1312,734,565,96542.0
2217,1313,735,565,96582.0
2218,1314,735,566,96623.0
2219,1315,736,566,96663.0
2219,1315,736,566,96702.0
2219,1315,736,566,96742.0
2219,1315,736,566,96782.0
2222,1316,736,567,96822.0
2222,1316,736,567,96862.0
2222,1316,736,567,96902.0
2224,1317,736,568,96942.0
2225,1318,737,568,96982.0
2225,1318,737,568,97022.0
2227,1319,738,568,97062.0
2227,1319,738,568,97103.0
2227,1319,738,568,97143.0
2229,1320,738,569,97182.0
2230,1321,739,569,97222.0
2231,1322,739,570,97262.0
2231,1322,739,570,97302.0
2232,1323,739,571,97342.0
2233,1324,740,571,97382.0
2234,1325,740,572,97422.0
2235,1326,741,572,97462.0
2235,1326,741,572,97502.0
2235,1326,741,572,97542.0
2237,1327,742,572,97582.0
2237,1327,742,572,97622.0
2237,1327,742,572,97662.0
2237,1327,742,572,97702.0
2240,1328,743,572,97742.0
2241,1329,743,573,97782.0
2242,1330,744,573,97822.0
2243,1331,744,574,97862.0
2243,1331,744,574,97902.0
2243,1331,744,574,97942.0
2243,1331,744,574,97982.0
2243,1331,744,574,98022.0
2243,1331,744,574,98062.0
2243,1331,744,574,98102.0
2248,1332,745,574,98142.0
2249,1333,745,575,98182.0
2249,1333,745,575,98222.0
2249,1333,745,575,98262.0
2251,1334,746,575,98302.0
2252,1335,746,576,98342.0
2253,1336,747,576,98382.0
2253,1336,747,576,98422.0
2254,1337,747,577,98462.0
2255,1338,748,577,98502.0
2256,1339,748,578,98542.0
2256,1339,748,578,98582.0
2256,1339,748,578,98622.0
2258,1340,748,579,98662.0
2259,1341,749,579,98702.0
2260,1342,749,580,98742.0
2261,1343,749,581,98782.0
2261,1343,749,581,98822.0
2261,1343,749,581,98862.0
2263,1344,749,582,98902.0
2264,1345,750,582,98942.0
2265,1346,750,583,98982.0
2265,1346,750,583,99022.0
2265,1346,750,583,99062.0
2267,1347,751,583,99102.0
2267,1347,751,583,99142.0
2269,1348,751,584,99182.0
2269,1348,751,584,99222.0
2270,1349,752,584,99262.0
2271,1350,752,585,99302.0
2272,1351,752,586,99342.0
2272,1351,752,586,99382.0
2272,1351,752,586,99422.0
2274,1352,753,586,99462.0
2275,1353,753,587,99502.0
2276,1354,754,587,99542.0
2277,1355,754,588,99582.0
2277,1355,754,588,99622.0
2278,1356,754,589,99662.0
2278,1356,754,589,99702.0
2280,1357,755,589,99742.0
2281,1358,755,590,99782.0
2281,1358,755,590,99822.0
2281,1358,755,590,99862.0
2283,1359,756,590,99902.0
2284,1360,756,591,99942.0
2284,1360,756,591,99982.0
2284,1360,756,591,100022.0
2284,1360,756,591,100062.0
2287,1361,757,591,100102.0
2288,1362,758,591,100142.0
2289,1363,758,592,100182.0
2289,1363,758,592,100222.0
2289,1363,758,592,100262.0
2289,1363,758,592,100302.0
2289,1363,758,592,100342.0
2289,1363,758,592,100382.0
2289,1363,758,592,100422.0
2289,1363,758,592,100462.0
2289,1363,758,592,100502.0
2296,1364,758,593,100542.0
2297,1365,759,593,100582.0
2297,1365,759,593,100622.0
2298,1366,759,594,100662.0
2299,1367,760,594,100702.0
2299,1367,760,594,100742.0
2299,1367,760,594,100782.0
2299,1367,760,594,100822.0
2302,1368,761,594,100862.0
2303,1369,761,595,100902.0
2303,1369,761,595,100942.0
2303,1369,761,595,100982.0
2306,1370,762,595,101022.0
2306,1370,762,595,101062.0
2307,1371,763,595,101102.0
2307,1371,763,595,101142.0
2309,1372,764,595,101182.0
2309,1372,764,595,101222.0
2309,1372,764,595,101262.0
2311,1373,764,596,101302.0
2311,1373,764,596,101342.0
2311,1373,764,596,101382.0
2311,1373,764,596,101422.0
2314,1374,764,597,101462.0
2315,1375,765,597,101502.0
2316,1376,765,598,101542.0
2317,1377,765,599,101582.0
2317,1377,765,599,101622.0
2317,1377,765,599,101662.0
2317,1377,765,599,101702.0
2317,1377,765,599,101742.0
2321,1378,766,599,101782.0
2321,1378,766,599,101822.0
2322,1379,766,600,101862.0
2323,1380,767,600,101902.0
2324,1381,767,601,101942.0
2325,1382,768,601,101982.0
2325,1382,768,601,102022.0
2325,1382,768,601,102062.0
2327,1383,769,601,102102.0
2328,1384,770,601,102142.0
2328,1384,770,601,102182.0
2330,1385,770,602,102222.0
2330,1385,770,602,102262.0
2330,1385,770,602,102302.0
2330,1385,770,602,102342.0
2330,1385,770,602,102382.0
2334,1386,771,602,102422.0
2334,1386,771,602,102462.0
2335,1387,771,603,102502.0
2336,1388,771,604,102542.0
2337,1389,771,605,102582.0
2337,1389,771,605,102622.0
2337,1389,771,605,102662.0
2339,1390,772,605,102702.0
2339,1390,772,605,102742.0
2339,1390,772,605,102782.0
2342,1391,772,606,102822.0
2342,1391,772,606,102862.0
2342,1391,772,606,102902.0
2342,1391,772,606,102942.0
2345,1392,773,606,102982.0
2346,1393,773,607,103022.0
2347,1394,774,607,103062.0
2347,1394,774,607,103102.0
2347,1394,774,607,103142.0
2347,1394,774,607,103182.0
2347,1394,774,607,103222.0
2347,1394,774,607,103262.0
2351,1395,775,607,103302.0
2352,1396,775,608,103342.0
2353,1397,776,608,103382.0
2354,1398,776,609,103422.0
2355,1399,776,609,103462.0
2355,1399,776,609,103502.0
2356,1400,776,610,103542.0
2357,1401,777,610,103582.0
2358,1402,778,610,103622.0
2358,1402,778,610,103662.0
2358,1402,778,610,103702.0
2360,1403,778,611,103742.0
2360,1403,778,611,103782.0
2362,1404,779,611,103822.0
2363,1405,779,612,103862.0
2363,1405,779,612,103902.0
2364,1406,780,612,103942.0
2365,1407,781,612,103982.0
2366,1408,781,613,104022.0
2366,1408,781,613,104062.0
2366,1408,781,613,104102.0
2368,1409,782,613,104142.0
2369,1410,782,614,104182.0
2369,1410,782,614,104222.0
2371,1411,782,615,104262.0
2371,1411,782,615,104302.0
2371,1411,782,615,104342.0
2373,1412,782,616,104382.0
2374,1413,783,616,104422.0
2375,1414,783,617,104462.0
2375,1414,783,617,104502.0
2376,1415,784,617,104542.0
2377,1416,784,618,104582.0
2377,1416,784,618,104622.0
2377,1416,784,618,104662.0
2377,1416,784,618,104702.0
2380,1417,784,619,104742.0
2380,1417,784,619,104782.0
2382,1418,785,619,104822.0
2382,1418,785,619,104862.0
2382,1418,785,619,104902.0
2384,1419,785,620,104942.0
2385,1420,786,620,104982.0
2386,1421,786,621,105022.0
2386,1421,786,621,105062.0
2386,1421,786,621,105102.0
2388,1422,787,621,105142.0
2388,1422,787,621,105182.0
2388,1422,787,621,105222.0
2388,1422,787,621,105262.0
2391,1423,788,621,105302.0
2391,1423,788,621,105342.0
2391,1423,788,621,105382.0
2394,1424,788,622,105422.0
2394,1424,788,622,105462.0
2395,1425,788,623,105502.0
2395,1425,788,623,105542.0
2397,1426,788,624,105582.0
2397,1426,788,624,105622.0
2397,1426,788,624,105662.0
2399,1427,789,624,105702.0
2399,1427,789,624,105742.0
2401,1428,789,625,105782.0
2401,1428,789,625,105822.0
2401,1428,789,625,105862.0
2401,1428,789,625,105902.0
2404,1429,790,625,105942.0
2405,1430,791,625,105982.0
2406,1431,791,626,106022.0
2406,1431,791,626,106062.0
2407,1432,792,626,106102.0
2408,1433,792,627,106142.0
2409,1434,792,628,106182.0
2410,1435,793,628,106222.0
2410,1435,793,628,106262.0
2411,1436,793,629,106302.0
2412,1437,794,629,106342.0
2412,1437,794,629,106382.0
2414,1438,795,629,106422.0
2414,1438,795,629,106462.0
2415,1439,795,630,106502.0
2416,1440,796,630,106542.0
2417,1441,796,631,106582.0
2418,1442,797,631,106622.0
2418,1442,797,631,106662.0
2419,1443,797,632,106702.0
2420,1444,797,633,106742.0
2421,1445,798,633,106782.0
2421,1445,798,633,106822.0
2421,1445,798,633,106862.0
2423,1446,798,634,106902.0
2424,1447,798,635,106942.0
2424,1447,798,635,106982.0
2426,1448,798,636,107022.0
2426,1448,798,636,107062.0
2426,1448,798,636,107102.0
2426,1448,798,636,107142.0
2426,1448,798,636,107182.0
2426,1448,798,636,107222.0
2430,1449,799,636,107262.0
2431,1450,799,637,107302.0
2431,1450,799,637,107342.0
2433,1451,800,637,107382.0
2433,1451,800,637,107422.0
2434,1452,800,638,107462.0
2435,1453,801,638,107502.0
2435,1453,801,638,107542.0
2437,1454,802,638,107582.0
2437,1454,802,638,107622.0
2437,1454,802,638,107662.0
2439,1455,803,638,107702.0
2439,1455,803,638,107742.0
2439,1455,803,638,107782.0
2439,1455,803,638,107822.0
2442,1456,804,638,107862.0
2443,1457,804,638,107902.0
2443,1457,804,638,107942.0
2443,1457,804,638,107982.0
2443,1457,804,638,108022.0
2446,1458,805,638,108062.0
2447,1459,806,638,108102.0
2448,1460,806,639,108142.0
2448,1460,806,639,108182.0
2448,1460,806,639,108222.0
2448,1460,806,639,108262.0
2448,1460,806,639,108302.0
2452,1461,806,640,108342.0
2453,1462,807,640,108382.0
2453,1462,807,640,108422.0
2454,1463,807,641,108462.0
2454,1463,807,641,108502.0
2454,1463,807,641,108542.0
2457,1464,808,641,108582.0
2457,1464,808,641,108622.0
2457,1464,808,641,108662.0
2459,1465,809,641,108702.0
2460,1466,809,642,108742.0
2460,1466,809,642,108782.0
2460,1466,809,642,108822.0
2462,1467,809,643,108862.0
2463,1468,810,643,108902.0
2464,1469,811,643,108942.0
2465,1470,811,644,108982.0
2465,1470,811,644,109022.0
2465,1470,811,644,109062.0
2467,1471,812,644,109102.0
2468,1472,812,645,109142.0
2469,1473,812,646,109182.0
2469,1473,812,646,109222.0
2469,1473,812,646,109262.0
2469,1473,812,646,109302.0
2472,1474,812,647,109342.0
2473,1475,813,647,109382.0
2473,1475,813,647,109422.0
2473,1475,813,647,109462.0
2475,1476,814,647,109502.0
2476,1477,814,648,109542.0
2476,1477,814,648,109582.0
2478,1478,815,648,109623.0
2478,1478,815,648,109662.0
2478,1478,815,648,109702.0
2480,1479,816,648,109742.0
2481,1480,817,648,109782.0
2482,1481,818,648,109822.0
2482,1481,818,648,109862.0
2483,1482,819,648,109902.0
2484,1483,819,649,109942.0
2485,1484,819,650,109982.0
2486,1485,820,650,110023.0
2486,1485,820,650,110062.0
2487,1486,821,650,110102.0
2488,1487,822,650,110142.0
2489,1488,822,651,110182.0
2489,1488,822,651,110222.0
2490,1489,823,651,110262.0
2491,1490,823,652,110302.0
2492,1491,823,653,110342.0
2493,1492,824,653,110382.0
2493,1492,824,653,110422.0
2493,1492,824,653,110462.0
2493,1492,824,653,110502.0
2496,1493,824,654,110542.0
2497,1494,824,655,110582.0
2497,1494,824,655,110622.0
2497,1494,824,655,110662.0
2499,1495,825,655,110702.0
2499,1495,825,655,110742.0
2501,1496,826,655,110782.0
2501,1496,826,655,110822.0
2502,1497,826,656,110862.0
2502,1497,826,656,110902.0
2502,1497,826,656,110942.0
2502,1497,826,656,110982.0
2502,1497,826,656,111022.0
2502,1497,826,656,111062.0
2502,1497,826,656,111102.0
2508,1498,826,657,111142.0
2509,1499,827,657,111182.0
2509,1499,827,657,111222.0
2510,1500,828,657,111262.0
2511,1501,828,658,111302.0
2512,1502,829,658,111342.0
2513,1503,830,658,111382.0
2513,1503,830,658,111422.0
2514,1504,830,659,111462.0
2515,1505,831,659,111502.0
2516,1506,831,660,111542.0
2517,1507,832,660,111582.0
2517,1507,832,660,111622.0
2518,1508,832,661,111662.0
2519,1509,832,662,111702.0
2520,1510,833,662,111742.0
2521,1511,834,662,111782.0
2521,1511,834,662,111822.0
2522,1512,834,663,111862.0
2523,1513,834,664,111902.0
2523,1513,834,664,111942.0
2525,1514,835,664,111982.0
2525,1514,835,664,112022.0
2526,1515,835,665,112062.0
2526,1515,835,665,112102.0
2528,1516,836,665,112142.0
2529,1517,836,666,112182.0
2529,1517,836,666,112222.0
2529,1517,836,666,112262.0
2531,1518,836,667,112302.0
2532,1519,837,667,112342.0
2533,1520,838,667,112382.0
2533,1520,838,667,112422.0
2533,1520,838,667,112462.0
2535,1521,838,668,112502.0
2536,1522,839,668,112542.0
2536,1522,839,668,112582.0
2538,1523,840,668,112623.0
2538,1523,840,668,112662.0
2539,1524,841,668,112702.0
2540,1525,841,669,112742.0
2541,1526,842,669,112782.0
2542,1527,843,669,112822.0
2542,1527,843,669,112862.0
2543,1528,843,670,112902.0
2544,1529,844,670,112942.0
2544,1529,844,670,112983.0
2544,1529,844,670,113023.0
2546,1530,845,670,113062.0
2546,1530,845,670,113102.0
2548,1531,846,670,113142.0
2548,1531,846,670,113182.0
2548,1531,846,670,113222.0
2548,1531,846,670,113262.0
2551,1532,846,671,113303.0
2552,1533,847,671,113343.0
2553,1534,847,672,113383.0
2553,1534,847,672,113422.0
2553,1534,847,672,113462.0
2553,1534,847,672,113502.0
2553,1534,847,672,113542.0
2557,1535,847,673,113582.0
2558,1536,848,673,113622.0
2559,1537,848,674,113663.0
2559,1537,848,674,113702.0
2560,1538,849,674,113742.0
2561,1539,849,675,113782.0
2562,1540,850,675,113822.0
2562,1540,850,675,113862.0
2562,1540,850,675,113902.0
2562,1540,850,675,113942.0
2565,1541,851,675,113982.0
2566,1542,852,675,114022.0
2566,1542,852,675,114062.0
2566,1542,852,675,114102.0
2566,1542,852,675,114142.0
2569,1543,853,675,114182.0
2570,1544,853,676,114222.0
2570,1544,853,676,114262.0
2570,1544,853,676,114302.0
2570,1544,853,676,114342.0
2570,1544,853,676,114382.0
2574,1545,853,677,114422.0
2574,1545,853,677,114462.0
2574,1545,853,677,114502.0
2576,1546,853,678,114542.0
2576,1546,853,678,114582.0
2578,1547,854,678,114622.0
2578,1547,854,678,114662.0
2579,1548,855,678,114702.0
2580,1549,855,679,114742.0
2580,1549,855,679,114782.0
2580,1549,855,679,114822.0
2580,1549,855,679,114862.0
2583,1550,855,680,114902.0
2583,1550,855,680,114942.0
2585,1551,855,681,114982.0
2586,1552,856,681,115022.0
2587,1553,856,682,115062.0
2587,1553,856,682,115102.0
2588,1554,857,682,115142.0
2589,1555,857,683,115182.0
2590,1556,858,683,115222.0
2590,1556,858,683,115262.0
2590,1556,858,683,115302.0
2592,1557,858,684,115342.0
2592,1557,858,684,115382.0
2594,1558,859,684,115422.0
2594,1558,859,684,115462.0
2594,1558,859,684,115502.0
2596,1559,860,684,115542.0
2597,1560,861,684,115582.0
2597,1560,861,684,115622.0
2599,1561,861,685,115662.0
2599,1561,861,685,115702.0
2600,1562,862,685,115742.0
2601,1563,863,685,115782.0
2602,1564,863,686,115822.0
2602,1564,863,686,115862.0
2602,1564,863,686,115902.0
2604,1565,864,686,115942.0
2604,1565,864,686,115982.0
2604,1565,864,686,116022.0
2607,1566,864,687,116062.0
2607,1566,864,687,116102.0
2608,1567,865,687,116142.0
2609,1568,866,687,116182.0
2610,1569,866,688,116222.0
2610,1569,866,688,116262.0
2610,1569,866,688,116302.0
2612,1570,866,689,116342.0
2612,1570,866,689,116382.0
2614,1571,867,689,116422.0
2614,1571,867,689,116462.0
2615,1572,867,690,116502.0
2616,1573,867,691,116542.0
2617,1574,867,692,116582.0
2618,1575,867,693,116622.0
2618,1575,867,693,116662.0
2619,1576,868,693,116702.0
2620,1577,869,693,116742.0
2621,1578,869,694,116782.0
2621,1578,869,694,116822.0
2621,1578,869,694,116862.0
2623,1579,870,694,116902.0
2623,1579,870,694,116942.0
2625,1580,871,694,116982.0
2626,1581,871,695,117022.0
2626,1581,871,695,117062.0
2626,1581,871,695,117102.0
2626,1581,871,695,117142.0
2626,1581,871,695,117182.0
2630,1582,871,696,117222.0
2630,1582,871,696,117262.0
2630,1582,871,696,117302.0
2632,1583,871,697,117342.0
2633,1584,872,697,117382.0
2634,1585,873,697,117422.0
2634,1585,873,697,117462.0
2635,1586,874,697,117502.0
2636,1587,874,698,117542.0
2637,1588,874,699,117582.0
2638,1589,875,699,117622.0
2638,1589,875,699,117662.0
2639,1590,875,700,117702.0
2639,1590,875,700,117742.0
2641,1591,875,701,117782.0
2642,1592,876,701,117822.0
2642,1592,876,701,117862.0
2643,1593,877,701,117902.0
2644,1594,877,702,117942.0
2644,1594,877,702,117982.0
2646,1595,878,702,118022.0
2646,1595,878,702,118062.0
2646,1595,878,702,118102.0
2648,1596,879,702,118142.0
2649,1597,879,703,118182.0
2650,1598,880,703,118222.0
2650,1598,880,703,118262.0
2651,1599,880,704,118302.0
2652,1600,880,705,118342.0
2653,1601,880,706,118382.0
2654,1602,880,707,118422.0
2654,1602,880,707,118462.0
2655,1603,880,708,118502.0
2656,1604,880,709,118542.0
2657,1605,881,709,118582.0
2658,1606,881,710,118622.0
2658,1606,881,710,118662.0
2658,1606,881,710,118702.0
2660,1607,881,711,118742.0
2660,1607,881,711,118782.0
2660,1607,881,711,118822.0
2660,1607,881,711,118862.0
2663,1608,882,711,118902.0
2664,1609,883,711,118942.0
2665,1610,883,712,118982.0
2665,1610,883,712,119022.0
2665,1610,883,712,119062.0
2667,1611,883,713,119102.0
2668,1612,884,713,119142.0
2668,1612,884,713,119182.0
2670,1613,885,713,119222.0
2670,1613,885,713,119262.0
2670,1613,885,713,119302.0
2672,1614,885,714,119342.0
2673,1615,886,714,119382.0
2673,1615,886,714,119422.0
2673,1615,886,714,119462.0
2675,1616,887,714,119502.0
2675,1616,887,714,119542.0
2677,1617,887,715,119582.0
2678,1618,888,715,119622.0
2678,1618,888,715,119662.0
2679,1619,888,716,119702.0
2680,1620,889,716,119742.0
2681,1621,890,716,119782.0
2682,1622,890,717,119822.0
2682,1622,890,717,119862.0
2682,1622,890,717,119902.0
2684,1623,891,717,119942.0
2685,1624,891,718,119982.0
2686,1625,892,718,120022.0
2686,1625,892,718,120062.0
2687,1626,892,719,120102.0
2688,1627,892,720,120142.0
2688,1627,892,720,120182.0
2688,1627,892,720,120222.0
2688,1627,892,720,120262.0
2691,1628,892,721,120302.0
2692,1629,893,721,120342.0
2692,1629,893,721,120382.0
2692,1629,893,721,120422.0
2692,1629,893,721,120462.0
2695,1630,894,721,120502.0
2696,1631,894,722,120542.0
2697,1632,895,722,120582.0
2698,1633,896,722,120622.0
2698,1633,896,722,120662.0
2699,1634,896,723,120702.0
2700,1635,896,724,120742.0
2701,1636,896,724,120782.0
2701,1636,896,724,120822.0
2702,1637,896,725,120862.0
2703,1638,896,726,120902.0
2703,1638,896,726,120942.0
2705,1639,897,726,120982.0
2705,1639,897,726,121022.0
2706,1640,898,726,121062.0
2707,1641,899,726,121102.0
2707,1641,899,726,121142.0
2709,1642,900,726,121182.0
2709,1642,900,726,121222.0
2710,1643,901,726,121262.0
2711,1644,901,727,121302.0
2711,1644,901,727,121342.0
2713,1645,901,728,121382.0
2713,1645,901,728,121422.0
2714,1646,902,728,121462.0
2715,1647,902,729,121502.0
2716,1648,903,729,121542.0
2717,1649,903,730,121582.0
2717,1649,903,730,121622.0
2718,1650,904,730,121662.0
2719,1651,904,731,121702.0
2720,1652,905,731,121742.0
2720,1652,905,731,121782.0
2720,1652,905,731,121822.0
2722,1653,906,731,121862.0
2722,1653,906,731,121902.0
2722,1653,906,731,121942.0
2722,1653,906,731,121982.0
2722,1653,906,731,122022.0
2726,1654,906,732,122063.0
2727,1655,907,732,122102.0
2727,1655,907,732,122142.0
2727,1655,907,732,122182.0
2729,1656,908,732,122222.0
2729,1656,908,732,122262.0
2731,1657,909,732,122302.0
2732,1658,909,733,122342.0
2732,1658,909,733,122382.0
2733,1659,910,733,122422.0
2734,1660,910,734,122462.0
2735,1661,910,735,122502.0
2735,1661,910,735,122542.0
2735,1661,910,735,122582.0
2737,1662,911,735,122622.0
2738,1663,912,735,122662.0
2739,1664,912,736,122702.0
2740,1665,913,736,122742.0
2740,1665,913,736,122782.0
2741,1666,914,736,122822.0
2742,1667,914,737,122862.0
2743,1668,914,738,122902.0
2743,1668,914,738,122942.0
2743,1668,914,738,122982.0
2745,1669,915,738,123022.0
2745,1669,915,738,123062.0
2745,1669,915,738,123102.0
2745,1669,915,738,123142.0
2745,1669,915,738,123182.0
2749,1670,916,738,123222.0
2749,1670,916,738,123262.0
2751,1671,917,738,123302.0
2752,1672,917,739,123342.0
2752,1672,917,739,123382.0
2752,1672,917,739,123422.0
2754,1673,918,739,123462.0
2755,1674,918,740,123502.0
2755,1674,918,740,123542.0
2756,1675,919,740,123582.0
2756,1675,919,740,123622.0
2758,1676,920,740,123662.0
2759,1677,921,740,123702.0
2759,1677,921,740,123742.0
2759,1677,921,740,123782.0
2761,1678,922,740,123822.0
2761,1678,922,740,123862.0
2761,1678,922,740,123902.0
2761,1678,922,740,123942.0
2764,1679,922,741,123982.0
2765,1680,922,742,124022.0
2766,1681,923,742,124062.0
2766,1681,923,742,124102.0
2766,1681,923,742,124142.0
2768,1682,923,743,124182.0
2769,1683,924,743,124222.0
2769,1683,924,743,124262.0
2771,1684,924,744,124302.0
2771,1684,924,744,124342.0
2772,1685,925,744,124382.0
2773,1686,926,744,124422.0
2774,1687,926,745,124462.0
2775,1688,926,746,124502.0
2775,1688,926,746,124542.0
2776,1689,927,746,124582.0
2776,1689,927,746,124622.0
2778,1690,928,746,124662.0
2778,1690,928,746,124702.0
2778,1690,928,746,124742.0
2778,1690,928,746,124782.0
2781,1691,929,746,124822.0
2782,1692,929,747,124862.0
2783,1693,929,748,124902.0
2783,1693,929,748,124942.0
2784,1694,930,748,124982.0
2785,1695,930,749,125022.0
2785,1695,930,749,125062.0
2785,1695,930,749,125102.0
2785,1695,930,749,125142.0
2785,1695,930,749,125182.0
2789,1696,931,749,125222.0
2790,1697,931,750,125262.0
2790,1697,931,750,125302.0
2790,1697,931,750,125342.0
2792,1698,931,751,125382.0
2793,1699,932,751,125422.0
2793,1699,932,751,125462.0
2795,1700,933,751,125502.0
2795,1700,933,751,125542.0
2796,1701,933,752,125582.0
2796,1701,933,752,125622.0
2798,1702,934,752,125662.0
2798,1702,934,752,125702.0
2799,1703,935,752,125742.0
2800,1704,935,753,125782.0
2800,1704,935,753,125822.0
2802,1705,935,754,125862.0
2802,1705,935,754,125902.0
2802,1705,935,754,125942.0
2804,1706,935,755,125982.0
2805,1707,936,755,126022.0
2806,1708,936,756,126062.0
2806,1708,936,756,126102.0
2807,1709,936,757,126142.0
2808,1710,937,757,126182.0
2808,1710,937,757,126222.0
2810,1711,937,758,126262.0
2810,1711,937,758,126302.0
2810,1711,937,758,126342.0
2812,1712,938,758,126382.0
2813,1713,938,759,126422.0
2814,1714,938,760,126462.0
2814,1714,938,760,126502.0
2815,1715,939,760,126542.0
2816,1716,940,760,126582.0
2817,1717,940,761,126622.0
2817,1717,940,761,126662.0
2817,1717,940,761,126702.0
2817,1717,940,761,126742.0
2817,1717,940,761,126782.0
2817,1717,940,761,126822.0
2817,1717,940,761,126862.0
2817,1717,940,761,126902.0
2817,1717,940,761,126942.0
2824,1718,941,761,126982.0
2825,1719,941,762,127022.0
2825,1719,941,762,127062.0
2825,1719,941,762,127102.0
2825,1719,941,762,127142.0
2828,1720,942,762,127182.0
2829,1721,942,763,127222.0
2830,1722,942,764,127263.0
2830,1722,942,764,127303.0
2831,1723,943,764,127342.0
2831,1723,943,764,127382.0
2833,1724,943,765,127422.0
2834,1725,943,766,127462.0
2834,1725,943,766,127502.0
2835,1726,944,766,127542.0
2836,1727,945,766,127582.0
2837,1728,945,767,127622.0
2838,1729,946,767,127663.0
2838,1729,946,767,127702.0
2838,1729,946,767,127742.0
2838,1729,946,767,127782.0
2841,1730,947,767,127822.0
2841,1730,947,767,127862.0
2841,1730,947,767,127902.0
2841,1730,947,767,127942.0
2844,1731,947,768,127982.0
2845,1732,948,768,128022.0
2845,1732,948,768,128062.0
2845,1732,948,768,128102.0
2847,1733,948,769,128142.0
2848,1734,949,769,128182.0
2849,1735,949,770,128222.0
2850,1736,950,770,128262.0
2850,1736,950,770,128302.0
2850,1736,950,770,128342.0
2852,1737,950,771,128382.0
2853,1738,951,771,128422.0
2854,1739,952,771,128463.0
2854,1739,952,771,128502.0
2855,1740,953,771,128542.0
2856,1741,953,772,128582.0
2857,1742,954,772,128622.0
2858,1743,954,773,128662.0
2858,1743,954,773,128702.0
2859,1744,955,773,128742.0
2860,1745,955,774,128782.0
2860,1745,955,774,128822.0
2860,1745,955,774,128862.0
2860,1745,955,774,128902.0
2860,1745,955,774,128942.0
2864,1746,956,774,128982.0
2865,1747,956,775,129022.0
2865,1747,956,775,129062.0
2865,1747,956,775,129102.0
2865,1747,956,775,129142.0
2868,1748,957,775,129182.0
2868,1748,957,775,129222.0
2868,1748,957,775,129262.0
2868,1748,957,775,129302.0
2868,1748,957,775,129342.0
2872,1749,958,775,129382.0
2872,1749,958,775,129422.0
2874,1750,959,775,129462.0
2875,1751,959,776,129502.0
2875,1751,959,776,129542.0
2876,1752,960,776,129582.0
2877,1753,960,777,129622.0
2878,1754,961,777,129662.0
2879,1755,962,777,129702.0
2879,1755,962,777,129742.0
2880,1756,963,777,129782.0
2880,1756,963,777,129822.0
2882,1757,964,777,129862.0
2882,1757,964,777,129902.0
2883,1758,965,777,129942.0
2883,1758,965,777,129982.0
2885,1759,965,778,130022.0
2886,1760,965,779,130062.0
2886,1760,965,779,130102.0
2886,1760,965,779,130142.0
2888,1761,966,779,130182.0
2889,1762,966,780,130222.0
2890,1763,967,780,130262.0
2890,1763,967,780,130302.0
2891,1764,967,781,130342.0
2892,1765,967,782,130382.0
2893,1766,968,782,130422.0
2893,1766,968,782,130462.0
2893,1766,968,782,130502.0
2893,1766,968,782,130542.0
2896,1767,969,782,130582.0
2897,1768,969,783,130622.0
2898,1769,970,783,130662.0
2898,1769,970,783,130702.0
2898,1769,970,783,130742.0
2900,1770,971,783,130782.0
2901,1771,972,783,130822.0
2901,1771,972,783,130862.0
2901,1771,972,783,130902.0
2901,1771,972,783,130942.0
2904,1772,973,783,130982.0
2905,1773,973,784,131022.0
2906,1774,974,784,131062.0
2906,1774,974,784,131102.0
2907,1775,975,784,131142.0
2908,1776,975,785,131182.0
2909,1777,975,786,131222.0
2909,1777,975,786,131262.0
2909,1777,975,786,131302.0
2909,1777,975,786,131342.0
2912,1778,976,786,131382.0
2912,1778,976,786,131422.0
2912,1778,976,786,131462.0
2915,1779,977,786,131502.0
2915,1779,977,786,131542.0
2916,1780,977,787,131582.0
2917,1781,978,787,131622.0
2918,1782,978,788,131662.0
2919,1783,979,788,131702.0
2919,1783,979,788,131742.0
2920,1784,980,788,131782.0
2920,1784,980,788,131822.0
2922,1785,981,788,131862.0
2922,1785,981,788,131902.0
2923,1786,982,788,131942.0
2924,1787,982,789,131982.0
2925,1788,983,789,132022.0
2926,1789,983,790,132062.0
2927,1790,983,791,132102.0
2927,1790,983,791,132142.0
2928,1791,984,791,132182.0
2929,1792,984,792,132222.0
2930,1793,985,792,132262.0
2931,1794,985,793,132302.0
2931,1794,985,793,132342.0
2932,1795,986,793,132382.0
2932,1795,986,793,132422.0
2934,1796,987,793,132462.0
2934,1796,987,793,132502.0
2934,1796,987,793,132542.0
2934,1796,987,793,132582.0
2937,1797,987,794,132622.0
2938,1798,988,794,132662.0
2938,1798,988,794,132702.0
2938,1798,988,794,132742.0
2940,1799,988,795,132782.0
2940,1799,988,795,132822.0
2942,1800,988,796,132862.0
2943,1801,989,796,132902.0
2943,1801,989,796,132942.0
2943,1801,989,796,132982.0
2945,1802,989,797,133022.0
2946,1803,990,797,133062.0
2947,1804,991,797,133102.0
2947,1804,991,797,133142.0
2948,1805,991,798,133182.0
2949,1806,992,798,133222.0
2949,1806,992,798,133262.0
2951,1807,992,799,133302.0
2951,1807,992,799,133342.0
2951,1807,992,799,133382.0
2953,1808,993,799,133422.0
2954,1809,993,800,133462.0
2955,1810,994,800,133502.0
2955,1810,994,800,133542.0
2956,1811,994,801,133582.0
2957,1812,994,802,133622.0
2958,1813,995,802,133662.0
2959,1814,996,802,133702.0
2959,1814,996,802,133742.0
2960,1815,996,803,133782.0
2960,1815,996,803,133822.0
2962,1816,996,804,133862.0
2963,1817,997,804,133902.0
2963,1817,997,804,133942.0
2964,1818,998,804,133982.0
2964,1818,998,804,134022.0
2966,1819,998,805,134062.0
2966,1819,998,805,134102.0
2966,1819,998,805,134142.0
2968,1820,998,806,134182.0
2969,1821,999,806,134222.0
2970,1822,999,807,134262.0
2971,1823,999,808,134302.0
2971,1823,999,808,134342.0
2972,1824,1000,808,134382.0
2973,1825,1000,809,134422.0
2973,1825,1000,809,134462.0
2973,1825,1000,809,134502.0
2973,1825,1000,809,134542.0
2976,1826,1001,809,134582.0
2977,1827,1001,810,134622.0
2978,1828,1001,811,134662.0
2979,1829,1002,811,134702.0
2979,1829,1002,811,134742.0
2979,1829,1002,811,134782.0
2979,1829,1002,811,134822.0
2982,1830,1002,812,134862.0
2982,1830,1002,812,134902.0
2982,1830,1002,812,134942.0
2984,1831,1003,812,134982.0
2985,1832,1004,812,135022.0
2986,1833,1004,813,135062.0
2986,1833,1004,813,135102.0
2987,1834,1005,813,135142.0
2988,1835,1005,814,135182.0
2989,1836,1006,814,135222.0
2990,1837,1007,814,135262.0
2990,1837,1007,814,135302.0
2991,1838,1008,814,135342.0
2992,1839,1008,815,135382.0
2993,1840,1009,815,135422.0
2994,1841,1010,815,135462.0
2994,1841,1010,815,135502.0
2995,1842,1010,816,135542.0
2995,1842,1010,816,135582.0
2997,1843,1011,816,135622.0
2997,1843,1011,816,135662.0
2999,1844,1011,817,135702.0
2999,1844,1011,817,135742.0
2999,1844,1011,817,135782.0
3001,1845,1012,817,135822.0
3001,1845,1012,817,135862.0
3001,1845,1012,817,135902.0
3003,1846,1012,818,135942.0
3003,1846,1012,818,135982.0
3003,1846,1012,818,136022.0
3003,1846,1012,818,136062.0
3003,1846,1012,818,136102.0
3003,1846,1012,818,136142.0
3008,1847,1013,818,136182.0
3009,1848,1014,818,136222.0
3009,1848,1014,818,136262.0
3009,1848,1014,818,136302.0
3011,1849,1015,818,136342.0
3011,1849,1015,818,136382.0
3011,1849,1015,818,136422.0
3014,1850,1016,818,136462.0
3014,1850,1016,818,136502.0
3015,1851,1017,818,136542.0
3015,1851,1017,818,136582.0
3017,1852,1017,819,136622.0
3017,1852,1017,819,136662.0
3018,1853,1018,819,136702.0
3019,1854,1018,820,136742.0
3020,1855,1019,820,136782.0
3021,1856,1019,821,136822.0
3022,1857,1020,821,136862.0
3022,1857,1020,821,136902.0
3022,1857,1020,821,136942.0
3024,1858,1020,822,136982.0
3024,1858,1020,822,137022.0
3024,1858,1020,822,137062.0
3024,1858,1020,822,137102.0
3024,1858,1020,822,137142.0
3024,1858,1020,822,137182.0
3029,1859,1021,822,137222.0
3030,1860,1021,823,137262.0
3030,1860,1021,823,137302.0
3031,1861,1022,823,137342.0
3032,1862,1022,824,137382.0
3033,1863,1022,825,137422.0
3034,1864,1023,825,137462.0
3034,1864,1023,825,137502.0
3034,1864,1023,825,137542.0
3036,1865,1023,826,137582.0
3037,1866,1024,826,137622.0
3038,1867,1025,826,137662.0
3038,1867,1025,826,137702.0
3039,1868,1025,827,137742.0
3040,1869,1026,827,137782.0
3041,1870,1026,828,137822.0
3042,1871,1027,828,137862.0
3042,1871,1027,828,137902.0
3043,1872,1027,828,137942.0
3043,1872,1027,828,137982.0
3045,1873,1028,828,138022.0
3046,1874,1029,828,138062.0
3046,1874,1029,828,138102.0
3046,1874,1029,828,138142.0
3046,1874,1029,828,138182.0
3049,1875,1030,828,138222.0
3050,1876,1030,829,138262.0
3050,1876,1030,829,138302.0
3050,1876,1030,829,138342.0
3052,1877,1031,829,138382.0
3052,1877,1031,829,138422.0
3052,1877,1031,829,138462.0
3052,1877,1031,829,138502.0
3055,1878,1032,829,138542.0
3055,1878,1032,829,138582.0
3057,1879,1033,829,138622.0
3057,1879,1033,829,138662.0
3057,1879,1033,829,138702.0
3059,1880,1034,829,138742.0
3060,1881,1034,830,138782.0
3061,1882,1034,831,138822.0
3061,1882,1034,831,138862.0
3062,1883,1035,831,138902.0
3063,1884,1036,831,138942.0
3064,1885,1036,832,138982.0
3064,1885,1036,832,139022.0
3066,1886,1037,832,139062.0
3066,1886,1037,832,139102.0
3066,1886,1037,832,139142.0
3068,1887,1038,832,139182.0
3069,1888,1038,833,139222.0
3070,1889,1039,833,139262.0
3070,1889,1039,833,139302.0
3071,1890,1039,834,139342.0
3072,1891,1040,834,139382.0
3072,1891,1040,834,139422.0
3072,1891,1040,834,139462.0
3072,1891,1040,834,139502.0
3075,1892,1040,835,139542.0
3076,1893,1041,835,139582.0
3076,1893,1041,835,139622.0
3078,1894,1042,835,139662.0
3078,1894,1042,835,139702.0
3079,1895,1043,835,139742.0
3079,1895,1043,835,139782.0
3079,1895,1043,835,139822.0
3079,1895,1043,835,139862.0
3082,1896,1044,835,139902.0
3083,1897,1044,836,139942.0
3084,1898,1045,836,139982.0
3085,1899,1045,837,140022.0
3086,1900,1046,837,140062.0
3086,1900,1046,837,140102.0
3087,1901,1047,837,140142.0
3087,1901,1047,837,140182.0
3089,1902,1047,838,140222.0
3089,1902,1047,838,140262.0
3090,1903,1048,838,140302.0
3090,1903,1048,838,140342.0
3092,1904,1049,838,140382.0
3093,1905,1049,839,140422.0
3093,1905,1049,839,140462.0
3094,1906,1050,839,140502.0
3094,1906,1050,839,140542.0
3096,1907,1050,840,140582.0
3097,1908,1051,840,140622.0
3097,1908,1051,840,140662.0
3097,1908,1051,840,140702.0
3099,1909,1052,840,140742.0
3100,1910,1052,841,140782.0
3100,1910,1052,841,140822.0
3102,1911,1052,842,140862.0
3102,1911,1052,842,140902.0
3103,1912,1053,842,140942.0
3103,1912,1053,842,140982.0
3105,1913,1054,842,141022.0
3105,1913,1054,842,141062.0
3105,1913,1054,842,141102.0
3105,1913,1054,842,141142.0
3108,1914,1055,842,141182.0
3109,1915,1055,843,141222.0
3110,1916,1055,844,141262.0
3110,1916,1055,844,141302.0
3111,1917,1056,844,141342.0
3112,1918,1056,845,141382.0
3113,1919,1056,846,141422.0
3114,1920,1056,847,141462.0
3114,1920,1056,847,141502.0
3115,1921,1057,847,141542.0
3115,1921,1057,847,141582.0
3115,1921,1057,847,141622.0
3118,1922,1058,847,141662.0
3118,1922,1058,847,141702.0
3118,1922,1058,847,141742.0
3120,1923,1059,847,141782.0
3121,1924,1059,848,141822.0
3122,1925,1060,848,141862.0
3122,1925,1060,848,141902.0
3122,1925,1060,848,141942.0
3124,1926,1060,849,141982.0
3125,1927,1061,849,142022.0
3125,1927,1061,849,142062.0
3125,1927,1061,849,142102.0
3127,1928,1062,849,142142.0
3127,1928,1062,849,142182.0
3129,1929,1062,850,142222.0
3129,1929,1062,850,142262.0
3129,1929,1062,850,142302.0
3131,1930,1063,850,142342.0
3132,1931,1063,851,142382.0
3132,1931,1063,851,142422.0
3134,1932,1063,852,142462.0
3134,1932,1063,852,142502.0
3134,1932,1063,852,142542.0
3136,1933,1064,852,142582.0
3136,1933,1064,852,142622.0
3138,1934,1064,853,142662.0
3138,1934,1064,853,142702.0
3138,1934,1064,853,142742.0
3140,1935,1065,853,142782.0
3141,1936,1065,854,142822.0
3142,1937,1066,854,142862.0
3142,1937,1066,854,142902.0
3143,1938,1067,854,142942.0
3143,1938,1067,854,142982.0
3145,1939,1068,854,143022.0
3145,1939,1068,854,143062.0
3145,1939,1068,854,143102.0
3147,1940,1069,854,143142.0
3148,1941,1069,855,143182.0
3149,1942,1070,855,143222.0
3150,1943,1070,856,143262.0
3150,1943,1070,856,143302.0
3151,1944,1071,856,143342.0
3151,1944,1071,856,143382.0
3153,1945,1072,856,143422.0
3154,1946,1072,857,143462.0
3154,1946,1072,857,143502.0
3155,1947,1073,857,143542.0
3156,1948,1073,858,143582.0
3157,1949,1073,859,143622.0
3157,1949,1073,859,143662.0
3157,1949,1073,859,143702.0
3159,1950,1073,860,143742.0
3160,1951,1074,860,143782.0
3161,1952,1075,860,143822.0
3161,1952,1075,860,143862.0
3162,1953,1075,861,143902.0
3163,1954,1076,861,143942.0
3163,1954,1076,861,143982.0
3165,1955,1077,861,144022.0
3166,1956,1078,861,144062.0
3166,1956,1078,861,144102.0
3167,1957,1078,862,144142.0
3168,1958,1079,862,144182.0
3169,1959,1079,863,144222.0
3169,1959,1079,863,144262.0
3170,1960,1080,863,144302.0
3171,1961,1081,863,144342.0
3172,1962,1081,864,144382.0
3173,1963,1081,865,144422.0
3173,1963,1081,865,144462.0
3174,1964,1081,866,144502.0
3175,1965,1082,866,144542.0
3176,1966,1082,867,144582.0
3177,1967,1082,868,144622.0
3177,1967,1082,868,144662.0
3178,1968,1082,869,144702.0
3179,1969,1082,870,144742.0
3180,1970,1083,870,144782.0
3181,1971,1083,871,144822.0
3181,1971,1083,871,144862.0
3181,1971,1083,871,144902.0
3183,1972,1084,871,144942.0
3184,1973,1085,871,144982.0
3184,1973,1085,871,145022.0
3185,1974,1086,871,145062.0
3185,1974,1086,871,145102.0
3187,1975,1086,872,145142.0
3187,1975,1086,872,145182.0
3187,1975,1086,872,145222.0
3189,1976,1087,872,145262.0
3190,1977,1087,873,145302.0
3190,1977,1087,873,145342.0
3190,1977,1087,873,145382.0
3193,1978,1088,873,145422.0
3193,1978,1088,873,145462.0
3194,1979,1088,874,145502.0
3194,1979,1088,874,145542.0
3194,1979,1088,874,145582.0
3197,1980,1089,874,145622.0
3197,1980,1089,874,145662.0
3197,1980,1089,874,145702.0
3199,1981,1090,874,145742.0
3200,1982,1090,875,145782.0
3200,1982,1090,875,145822.0
3200,1982,1090,875,145862.0
3202,1983,1091,875,145902.0
3203,1984,1091,876,145942.0
3204,1985,1092,876,145982.0
3204,1985,1092,876,146022.0
3205,1986,1093,876,146062.0
3206,1987,1093,877,146102.0
3207,1988,1094,877,146142.0
3208,1989,1095,877,146182.0
3208,1989,1095,877,146222.0
3208,1989,1095,877,146262.0
3208,1989,1095,877,146302.0
3211,1990,1096,877,146342.0
3212,1991,1096,878,146382.0
3212,1991,1096,878,146422.0
3213,1992,1096,879,146462.0
3214,1993,1097,879,146502.0
3215,1994,1097,880,146542.0
3215,1994,1097,880,146582.0
3215,1994,1097,880,146622.0
3215,1994,1097,880,146662.0
3218,1995,1098,880,146702.0
3219,1996,1098,880,146742.0
3219,1996,1098,880,146782.0
3219,1996,1098,880,146822.0
3221,1997,1099,880,146862.0
3222,1998,1099,881,146902.0
3223,1999,1100,881,146942.0
3223,1999,1100,881,146982.0
3224,2000,1101,881,147022.0
3225,2001,1101,882,147062.0
3226,2002,1102,882,147102.0
3227,2003,1102,883,147142.0
3227,2003,1102,883,147182.0
3227,2003,1102,883,147222.0
3229,2004,1103,883,147262.0
3230,2005,1103,884,147302.0
3231,2006,1104,884,147342.0
3231,2006,1104,884,147382.0
3232,2007,1104,885,147422.0
3233,2008,1105,885,147462.0
3234,2009,1106,885,147502.0
3234,2009,1106,885,147542.0
3234,2009,1106,885,147582.0
3234,2009,1106,885,147622.0
3237,2010,1107,885,147662.0
3238,2011,1107,886,147702.0
3239,2012,1108,886,147742.0
3239,2012,1108,886,147782.0
3240,2013,1108,887,147822.0
3240,2013,1108,887,147862.0
3242,2014,1109,887,147902.0
3243,2015,1109,888,147942.0
3243,2015,1109,888,147982.0
3243,2015,1109,888,148022.0
3243,2015,1109,888,148062.0
3246,2016,1109,889,148102.0
3247,2017,1110,889,148142.0
3247,2017,1110,889,148182.0
3247,2017,1110,889,148222.0
3249,2018,1110,890,148262.0
3250,2019,1110,891,148302.0
3251,2020,1111,891,148342.0
3252,2021,1111,892,148382.0
3252,2021,1111,892,148422.0
3252,2021,1111,892,148462.0
3254,2022,1112,892,148502.0
3255,2023,1112,893,148542.0
3256,2024,1113,893,148582.0
3256,2024,1113,893,148622.0
3257,2025,1113,894,148662.0
3258,2026,1114,894,148702.0
3259,2027,1114,895,148742.0
3260,2028,1115,895,148782.0
3260,2028,1115,895,148822.0
3261,2029,1115,896,148862.0
3262,2030,1116,896,148902.0
3262,2030,1116,896,148942.0
3262,2030,1116,896,148982.0
3262,2030,1116,896,149022.0
3265,2031,1117,896,149062.0
3266,2032,1117,897,149102.0
3266,2032,1117,897,149142.0
3266,2032,1117,897,149182.0
3266,2032,1117,897,149222.0
3266,2032,1117,897,149262.0
3270,2033,1118,897,149302.0
3270,2033,1118,897,149342.0
3270,2033,1118,897,149382.0
3272,2034,1119,897,149422.0
3273,2035,1119,898,149462.0
3273,2035,1119,898,149502.0
3273,2035,1119,898,149542.0
3273,2035,1119,898,149582.0
3273,2035,1119,898,149622.0
3277,2036,1119,899,149662.0
3277,2036,1119,899,149702.0
