Ranging.distTo0,Ranging.truthDistTo0,Ranging.distTo2,Ranging.truthDistTo2,Ranging.distTo5,Ranging.truthDistTo5,Ranging.distTo7,Ranging.truthDistTo7,T
99,114.1224976,105,115.5206909,229,243.0677948,174,186.0820618,0.06
98,113.5744324,106,115.3968277,227,240.7910309,173,186.5515289,0.12
97,113.5744324,106,116.6788712,227,240.7910309,174,186.5512238,0.18
93,111.642807,106,117.779808,227,240.7910309,172,186.0820923,0.24
93,111.642807,108,117.9523087,224,235.1576385,170,182.8221588,0.3
93,111.6297302,109,117.9717865,224,235.1576385,169,181.7729034,0.36
93,111.6392288,110,117.9539032,224,235.1576385,168,181.7521057,0.42
88,111.6392288,111,117.9539032,224,235.1576385,166,181.7653046,0.48
87,106.6452332,111,118.0317764,224,235.1576385,165,181.7653046,0.54
89,105.8677673,111,116.8949127,224,235.1576385,160,173.4040833,0.6
89,104.7639084,113,120.5782318,224,235.1576385,158,171.8371735,0.66
87,104.5433044,113,121.3708038,223,227.0926361,154,171.1843262,0.72
87,104.5433044,114,121.4974899,235,222.0168152,152,171.8664856,0.78
88,104.5433044,114,121.4044876,235,222.0168152,152,171.8664856,0.84
87,104.5433044,112,121.3224716,235,222.0168152,148,171.8664856,0.9
86,103.4380875,112,121.2002945,235,222.0168152,144,171.8664856,0.96
85,103.4350128,108,120.7131119,235,222.0168152,144,171.8593445,1.02
83,102.7951813,111,119.2480698,222,210.7320862,141,171.8560181,1.08
83,102.8088531,110,119.2899094,197,210.7431641,141,171.8532715,1.14
83,102.1218262,108,119.2899094,197,206.8223877,145,164.5565643,1.2
83,101.8588562,108,116.6087418,197,206.3220825,147,164.9767456,1.26
85,101.2173691,106,115.8502655,196,204.5661316,146,164.4383392,1.32
85,101.1779327,103,114.8183212,200,204.5530548,147,166.3012848,1.38
85,100.8962784,101,112.4657593,197,204.5643463,152,165.9610901,1.44
85,100.3695679,100,112.4460068,198,204.5638733,151,165.9808655,1.5
82,100.756012,97,112.4605331,198,204.5641022,155,165.9781342,1.56
83,100.793808,96,112.4605331,198,207.5189362,154,165.9776917,1.62
84,100.7736816,94,106.7184372,198,209.6605377,157,165.9776917,1.68
84,101.5843506,93,107.5562744,200,209.8939819,158,166.5673676,1.74
83,101.5992584,92,107.442009,198,209.8459473,159,165.9839935,1.8
83,101.5992584,93,107.442009,196,211.454483,161,166.1274414,1.86
85,101.50354,94,106.7372055,196,211.9024353,161,171.0291443,1.92
85,101.5760727,92,106.061615,197,210.3933258,162,170.6616669,1.98
89,104.8181686,94,105.2189026,197,209.7746887,161,170.3254089,2.04
88,105.4156952,98,106.1537933,195,210.5825806,161,170.0292206,2.1
92,106.6235733,97,106.1537933,194,210.5825806,160,168.8492584,2.16
92,107.6820068,99,106.0521622,189,203.3375092,160,168.8278809,2.22
92,107.7785339,99,106.0878525,189,200.6169281,159,168.1851349,2.28
92,107.2582397,100,112.7352295,185,198.6051941,158,167.012146,2.34
92,108.2951202,102,112.8855057,186,196.2696381,155,166.2901154,2.4
92,108.7995071,103,112.8855057,184,196.4224396,154,167.0595703,2.46
95,109.1787949,103,113.7517929,183,195.6524048,152,165.3426208,2.52
95,108.7918701,105,117.5038757,182,195.9950714,152,165.6756439,2.58
95,109.3450165,107,118.2875443,181,192.9206696,148,164.7079926,2.64
95,110.0515671,107,118.2881241,179,192.3121338,148,164.7079926,2.7
95,111.0166168,110,121.980423,180,192.3732758,147,164.0890503,2.76
94,110.9644547,111,119.9920578,182,190.7561035,146,163.9549103,2.82
99,111.198761,111,120.605072,182,191.6598969,149,163.4177704,2.88
99,112.5697632,108,123.090538,179,190.9585571,146,163.3267059,2.94
98,112.4437561,112,124.0063095,176,192.2146301,148,163.1340942,3
99,112.927536,113,125.7880325,178,191.654953,146,163.0725861,3.06
98,113.6851273,113,126.1469193,181,192.3841705,144,162.8636169,3.12
99,114.7531128,114,127.1507416,181,191.759552,144,161.5273438,3.18
99,114.3701782,111,127.1926956,168,191.759552,144,161.6400757,3.24
103,113.9792786,112,129.025589,178,190.7770844,146,162.2295227,3.3
104,113.2188644,118,128.8253784,176,190.7276154,154,160.657196,3.36
105,112.6458588,117,128.912323,177,189.9792023,153,160.1076202,3.42
106,111.9065552,116,128.912323,178,189.9792023,148,158.96315,3.48
105,111.9065552,113,128.912323,177,190.041748,152,157.4522705,3.54
107,111.9065552,113,128.912323,177,191.0047913,147,157.1645966,3.6
106,111.9065552,116,128.912323,184,190.1860657,151,156.9880066,3.66
104,107.9858398,114,128.912323,182,189.5791321,144,157.5675812,3.72
103,107.2219849,114,128.912323,182,190.0673218,144,157.2984619,3.78
103,104.5797424,113,124.4541626,188,190.5373993,146,159.5528107,3.84
102,105.5495377,114,124.8654633,185,191.152771,142,159.6212616,3.9
98,106.031189,113,122.7617493,181,193.6142731,149,159.3937836,3.96
99,105.6332397,113,124.9831009,181,195.5041199,152,162.4719849,4.02
102,109.7543411,116,121.5399399,182,197.2235413,158,165.7056122,4.08
103,111.3913956,111,119.6428452,191,198.9402161,157,167.818512,4.14
117,111.3913956,110,119.3035889,195,198.9402161,152,165.5640259,4.2
118,111.3913956,114,119.3035889,196,198.7085724,150,163.293045,4.26
116,110.341835,110,119.3035889,199,199.3517914,152,162.8130798,4.32
114,110.6797104,111,119.3035889,198,199.9262085,158,161.4140167,4.38
117,111.6124191,106,119.3035889,199,200.457489,157,159.481369,4.44
116,112.1598206,108,111.830719,196,207.7885742,157,159.481369,4.5
118,119.7813263,107,116.831398,195,208.4415131,149,160.5793304,4.56
116,120.5737991,110,114.203804,193,208.4415131,147,160.5793304,4.62
117,122.027092,111,114.3661499,191,208.4415131,146,160.275238,4.68
118,123.2547073,114,112.3999176,195,208.4415131,148,160.275238,4.74
120,123.2547073,116,111.3557053,196,208.4415131,147,160.9297638,4.8
122,127.4007721,117,112.84832,204,216.4226837,145,160.9297638,4.86
120,123.9235229,119,130.0620117,203,209.864563,136,160.9297638,4.92
117,122.2480469,122,132.9049835,219,207.6294556,135,145.8632355,4.98
119,124.3353806,123,131.4801941,230,210.6251678,133,141.9946899,5.04
132,126.0838547,127,132.4736481,224,210.3677826,136,145.3735809,5.1
133,126.0838547,127,132.3512268,223,212.9068451,135,146.6701355,5.16
134,123.7726822,130,141.0804291,223,207.7083435,134,146.9993744,5.22
133,125.7525558,134,143.3835449,221,207.0061035,125,136.3201752,5.28
132,125.7698746,135,141.7577515,220,205.2400665,123,138.442337,5.34
130,124.9847794,138,145.9792633,219,209.8715363,125,135.05336,5.4
128,123.8707047,139,146.9445496,213,211.4149933,125,137.0661469,5.46
127,123.5306244,140,146.6896973,213,212.7351532,126,135.5215454,5.52
126,119.6376419,141,146.3858185,216,210.4720459,126,133.7501678,5.58
123,118.4291992,141,145.727066,216,212.3843994,123,133.6825409,5.64
124,117.1970444,140,146.2682648,218,213.9491272,122,133.6825409,5.7
115,110.1839752,140,140.2550354,219,210.0694427,120,135.0939026,5.76
116,108.2272415,134,137.7542419,218,208.2784271,121,131.6590424,5.82
107,108.2272415,129,137.7542419,214,208.5660706,122,129.4454041,5.88
107,103.1219406,126,137.7542419,212,210.2701874,119,130.4727631,5.94
113,101.955452,123,137.7542419,214,209.8401031,121,130.4727631,6
112,101.2399063,117,136.5050507,214,209.4632263,120,127.0321426,6.06
92,100.1205215,116,135.7617035,211,207.9671021,119,127.1890488,6.12
93,99.21193695,116,135.7617035,208,207.9671021,119,127.1890488,6.18
103,98.30183411,113,135.7617035,209,207.9671021,119,124.3396835,6.24
103,97.82160187,108,135.7617035,221,207.9671021,119,121.107254,6.3
92,97.45789337,113,135.8634186,230,202.0926971,116,120.5605087,6.36
93,97.31118011,115,135.6812439,224,201.485733,115,120.5605087,6.42
94,97.38693237,112,135.9854584,213,201.485733,117,120.5605087,6.48
92,97.79316711,106,136.7390594,205,201.485733,116,120.5605087,6.54
110,97.79316711,105,136.7390594,202,201.485733,119,120.5605087,6.6
111,97.79316711,104,136.7390594,202,192.8407135,119,120.5605087,6.66
109,97.79316711,104,136.7390594,198,192.6612091,123,111.5468674,6.72
108,97.79316711,104,136.7390594,195,192.6612091,122,110.4510193,6.78
89,97.79316711,103,136.7390594,193,190.0926666,122,110.1402893,6.84
90,101.1853104,105,136.7390594,193,190.0926666,122,108.8880234,6.9
100,100.6704712,106,105.5064545,191,193.2545166,122,108.5283051,6.96
101,101.1032333,104,109.0067673,189,192.5608673,122,132.0512085,7.02
102,100.6660538,104,109.3768005,193,192.5590057,121,131.002182,7.08
103,100.9273834,106,109.6469269,194,192.3166809,121,129.6311951,7.14
110,99.59770966,109,112.8711624,198,191.3101959,115,128.1328583,7.2
110,99.25232697,109,111.1214828,192,192.9782715,114,127.0754166,7.26
102,97.3369751,106,116.0677338,190,190.7065735,114,126.7535934,7.32
100,96.57614136,107,116.4724274,187,190.4676819,115,122.998703,7.38
110,96.92573547,104,116.5961304,189,192.2843323,113,123.0927658,7.44
109,96.76576233,107,114.7072067,188,193.7579193,113,123.5017471,7.5
129,93.15328217,108,116.8390884,187,191.1158447,107,123.7578888,7.56
128,91.87918854,109,116.4122925,185,191.3459778,108,119.1979523,7.62
127,92.03226471,108,116.4122925,180,191.3459778,112,119.1456528,7.68
127,91.67984009,107,118.2281799,181,190.8210297,114,118.9594193,7.74
120,89.33024597,106,113.4354324,179,188.851944,111,119.656189,7.8
119,89.77365875,104,113.4354324,181,188.4373474,110,119.951355,7.86
122,88.81995392,105,110.7730484,183,191.4246521,112,119.9862061,7.92
121,87.92076874,104,108.0432358,189,191.3680115,110,120.8346405,7.98
98,87.59578705,104,106.6977234,188,189.3374481,113,123.6572647,8.04
101,88.10294342,104,106.7146378,189,187.8598633,114,123.6572647,8.1
80,87.88813782,100,106.7146378,190,186.7400208,120,123.6572647,8.16
78,87.88813782,92,106.7146378,196,186.7400208,121,122.7691269,8.22
82,87.88813782,91,105.9117355,200,182.2760315,122,122.5851974,8.28
81,88.22895813,94,105.9117355,189,182.2760315,123,122.3994522,8.34
80,88.45605469,88,107.2195663,187,179.4567108,127,122.2339249,8.4
78,85.81970978,82,85.29288483,188,174.1603241,127,122.1893463,8.46
80,85.46902466,80,85.04803467,193,170.532547,129,136.9755402,8.52
81,85.15840912,84,82.93688202,196,169.9472809,129,137.0576935,8.58
78,89.27950287,83,76.85111237,197,173.475296,130,137.2029419,8.64
78,91.08636475,80,78.05464935,196,175.5055542,132,143.6595306,8.7
76,90.52980804,79,78.01277161,193,172.473877,135,144.1707001,8.76
77,95.86763763,76,77.48987579,198,177.0197601,137,143.8215485,8.82
101,95.77960205,75,76.00853729,198,177.0197601,141,148.0295258,8.88
101,95.77960205,72,76.00853729,198,177.0197601,144,149.2184296,8.94
101,95.77960205,68,76.00853729,198,177.0197601,147,149.3341064,9
99,95.77960205,71,76.00853729,198,177.0197601,146,149.3341064,9.06
83,95.50505829,72,76.00853729,201,177.6966095,148,149.3341064,9.12
83,95.59027863,72,77.35115814,200,178.103241,149,148.7936554,9.18
102,95.82978821,73,78.45883942,201,177.9150543,151,148.687561,9.24
103,95.90788269,72,78.42024231,193,178.0897064,151,149.116684,9.3
114,95.95371246,72,76.66648102,194,178.4538879,149,148.9311676,9.36
114,96.12571716,70,76.51699829,196,178.4538879,148,148.7162933,9.42
116,95.89429474,71,77.71772003,193,178.4538879,147,148.7162933,9.48
116,95.71468353,69,75.59109497,196,179.4027863,146,147.7835083,9.54
114,95.4743042,66,75.223526,196,179.4027863,148,147.7835083,9.6
114,107.1045456,62,69.86325836,197,189.8810883,150,158.5186615,9.66
107,107.1045456,63,69.54360962,203,189.8810883,152,158.5186615,9.72
107,107.1315765,62,69.54360962,204,189.8810883,153,158.5186615,9.78
101,107.1315765,63,69.94937134,205,189.8810883,153,156.6074524,9.84
101,107.1315765,63,70.2676239,208,193.7085114,154,155.8651276,9.9
102,107.1315765,64,70.2676239,209,195.1535187,155,153.7671661,9.96
102,107.1315765,63,70.2676239,214,196.654007,153,152.2932281,10.02
105,105.1324387,64,70.2676239,213,197.2333374,154,151.0055084,10.08
105,104.9083176,69,77.20310974,201,199.8972321,152,151.0055084,10.14
107,104.9083176,70,80.13269043,173,200.9501343,158,149.0014648,10.2
107,104.9083176,74,81.76950073,183,203.6481323,159,149.0014648,10.26
106,104.9083176,76,84.81132507,190,203.7605591,165,146.0738678,10.32
106,104.3337173,79,85.93015289,194,206.6046753,165,146.0738678,10.38
99,104.2094879,80,88.27056122,197,207.2063293,168,144.5791931,10.44
99,104.2094879,82,89.37236023,199,206.5997925,167,144.5791931,10.5
109,103.9734802,84,90.28040314,204,207.6609192,172,144.5791931,10.56
110,103.9734802,83,90.5398941,208,207.6609192,174,144.5791931,10.62
121,104.008255,86,91.05049896,209,208.9106903,178,141.5638885,10.68
122,104.0789108,87,92.08815765,210,209.5988617,179,141.5638885,10.74
129,104.0933304,85,92.68006134,213,209.5963745,182,141.1885834,10.8
129,104.0169296,87,92.7912674,213,210.6543579,181,141.1885834,10.86
126,104.066658,70,65.85431671,210,228.1269073,182,141.1885834,10.92
126,132.3221588,60,68.53417969,212,228.1269073,186,193.0958405,10.98
125,132.3221588,60,71.25849152,213,228.1269073,189,193.0958405,11.04
125,132.3221588,64,74.10520172,219,235.0957184,190,193.0958405,11.1
135,132.3221588,65,76.45045471,226,237.7357788,191,190.5541687,11.16
135,132.3221588,67,76.45045471,232,239.6652374,194,190.5541687,11.22
141,132.3221588,74,76.45045471,237,241.7491302,197,190.5541687,11.28
142,132.3221588,82,84.02248383,243,244.0175629,199,190.5541687,11.34
142,132.3221588,77,85.97774506,244,246.6689453,200,190.5541687,11.4
142,132.3221588,72,87.39595032,246,248.1877899,201,190.5541687,11.46
144,132.3221588,78,87.39595032,248,248.8589172,202,185.1625977,11.52
144,132.3895874,87,87.39595032,249,250.6620789,204,185.1625977,11.58
147,132.3264923,90,88.48590088,251,253.4824982,206,185.1625977,11.64
148,132.1190796,87,88.48590088,253,253.4824982,209,185.1625977,11.7
154,150.9970703,87,89.27777863,255,270.1443787,211,212.6366272,11.76
154,151.1711121,88,88.54191589,259,270.1443787,211,212.6366272,11.82
154,151.120697,87,89.22679138,261,272.5122375,211,214.3861694,11.88
153,151.120697,87,86.51642609,266,275.2424622,212,215.7527771,11.94
154,151.2487946,92,85.89192963,268,275.2424622,214,215.7527771,12
154,149.8488312,87,83.55268097,268,273.8759766,213,215.7527771,12.06
153,149.4807434,89,83.37625885,269,273.5931396,213,216.5607452,12.12
153,148.852066,77,81.82362366,272,272.914856,213,215.7909546,12.18
149,149.3458099,75,80.55179596,272,281.546051,213,215.7909546,12.24
149,149.5644073,73,80.55179596,274,280.4033813,213,217.1572723,12.3
138,147.7180481,69,78.25032806,274,281.4647217,211,214.4781799,12.36
139,146.9492035,67,77.04790497,275,281.2639465,211,214.4749756,12.42
146,147.0194855,66,77.17595673,274,281.2639465,210,214.111618,12.48
146,147.7936401,66,76.63913727,275,281.2639465,211,214.111618,12.54
144,147.4133148,67,77.29830933,279,283.6990967,210,214.111618,12.6
144,147.2187958,67,77.54298401,274,283.7488708,209,214.2236023,12.66
142,147.1690521,70,79.5072403,276,283.7488708,209,214.080368,12.72
142,147.1690521,77,80.57137299,281,283.7488708,209,213.7612457,12.78
144,147.2152863,76,82.06412506,280,283.7488708,208,213.4221497,12.84
144,146.9310608,73,84.71270752,281,283.7488708,209,213.4221497,12.9
145,146.9310608,76,86.25121307,282,283.7488708,213,213.4221497,12.96
145,146.9310608,79,86.96178436,285,283.7488708,212,213.4221497,13.02
146,146.9310608,83,91.04870605,283,283.7488708,213,213.4221497,13.08
146,146.9310608,83,91.04870605,289,283.7488708,213,213.4221497,13.14
151,145.954422,82,92.96456909,289,290.532196,214,212.264328,13.2
151,145.9367218,82,93.99636078,287,290.532196,214,212.264328,13.26
147,145.9031219,83,93.99636078,289,291.3851013,215,212.5865173,13.32
147,145.9031219,84,95.23191833,288,291.7203674,215,212.8475037,13.38
148,145.9031219,84,95.45433807,289,293.264801,213,213.0275879,13.44
147,149.0980835,85,98.12249756,286,295.3285828,213,213.0275879,13.5
146,149.0980835,88,97.94857025,289,295.2900696,213,215.4025116,13.56
145,149.0980835,90,98.06095886,285,295.2900696,213,215.4025116,13.62
144,147.6289368,93,96.17250824,287,293.3632202,212,215.9293823,13.68
144,147.3391724,91,94.95550537,287,293.5247192,211,214.9598389,13.74
144,147.1056519,95,94.77098846,289,293.3572998,211,214.9598389,13.8
144,146.479187,93,95.20944214,283,291.2487488,211,214.9598389,13.86
137,146.4446259,93,94.71424103,282,291.2487488,209,214.422699,13.92
137,146.3136902,91,94.19971466,282,291.2487488,210,214.422699,13.98
142,146.3417969,87,94.69731903,284,291.2487488,209,214.422699,14.04
142,146.4163055,83,95.51420593,281,291.2487488,210,214.422699,14.1
143,146.7728577,83,94.31816101,281,288.2903442,207,214.422699,14.16
143,146.3692932,83,95.77836609,279,287.8771973,207,214.1592712,14.22
144,146.3692932,82,94.83530426,280,287.7478333,210,214.3656311,14.28
144,146.3692932,83,94.83530426,281,287.7478333,213,212.6404877,14.34
148,146.9888763,84,94.83530426,281,287.004364,211,212.6404877,14.4
149,146.9888763,88,94.83530426,283,285.1917725,213,211.8830109,14.46
151,146.9888763,92,97.20407867,281,285.1917725,213,211.8830109,14.52
151,147.5849152,97,98.94799805,281,286.6747437,213,211.83638,14.58
151,151.2519531,100,101.8941269,282,287.5589905,213,211.5509186,14.64
152,151.176239,103,102.8987732,281,287.2279968,211,211.7862701,14.7
157,151.176239,104,104.0963287,283,285.4745789,210,210.1480865,14.76
156,149.0126953,106,104.6609573,280,285.4745789,210,211.8139496,14.82
151,148.9742584,104,106.2261353,278,282.9685669,207,207.8139496,14.88
150,148.9574585,103,104.1381378,273,275.1713867,204,203.8139496,14.94
142,142.286499,99,101.358223,270,269.9062195,202,202.4237366,15
142,140.9345551,100,101.5260925,262,265.756012,201,201.8488007,15.06
136,139.3806915,98,105.3758087,258,266.9593506,197,197.6813202,15.12
136,139.4582977,92,108.8091888,254,266.9593506,195,196.6813202,15.18
135,139.7191925,88,100.0586395,250,257.9739075,193,193.6813202,15.24
135,132.0316162,91,103.0078735,243,247.9696045,193,193.6702423,15.3
131,129.2644196,89,101.2859726,241,247.1023254,191,192.1465302,15.36
131,129.7019653,93,101.2859726,238,247.1023254,183,183.7727203,15.42
126,129.9298553,94,104.711853,238,244.4360962,179,180.7727203,15.48
126,130.0151672,94,106.6341553,232,244.7693176,172,173.7727203,15.54
123,130.1841888,88,109.6607513,230,244.7693176,171,172.7727203,15.6
123,118.5162659,87,97.36771393,226,230.2349854,168,166.9058075,15.66
123,117.0881882,84,95.82249451,222,228.1258698,167,167.469574,15.72
123,115.7068787,82,95.74163818,220,219.4216461,167,166.1653595,15.78
115,112.9145966,83,94.76131439,215,215.4325409,167,166.1653595,15.84
115,111.4925995,87,93.26409912,209,209.3615723,164,164.1771851,15.9
114,109.2591171,91,92.5355072,205,207.2077637,162,163.7015076,15.96
114,108.6772003,91,94.71198273,198,207.2077637,159,160.8592834,16.02
106,108.6772003,89,96.65792847,199,200.4558868,155,156.8592834,16.08
106,104.7075653,87,91.6725235,195,198.3330231,152,148.359314,16.14
108,102.9972916,84,87.51799774,193,197.3624878,146,147.3748016,16.2
109,101.6517868,83,84.6248703,193,195.4707336,144,143.530426,16.26
121,101.6517868,82,92.77284241,190,195.4707336,142,143.123703,16.32
121,101.6517868,79,94.97223663,189,192.9339142,140,140.123703,16.38
124,100.2244186,84,97.23768616,188,192.329361,139,142.123703,16.44
125,100.2186737,87,98.57789612,184,190.1071777,138,143.123703,16.5
131,100.1757431,96,101.3661575,184,190.1071777,134,145.3608704,16.56
131,100.1913452,104,102.6863174,183,190.1071777,132,145.0446014,16.62
126,93.50154114,84,94.73930359,182,182.5618439,136,145.0446014,16.68
124,93.74555969,86,98.04325104,182,180.9308319,131,145.9820557,16.74
121,92.19805145,104,100.5881653,180,179.8794861,136,145.5098267,16.8
120,89.89287567,80,104.296875,184,178.1890869,132,142.342514,16.86
100,89.48535156,114,113.2369461,181,179.0442352,134,140.6880341,16.92
99,89.3327179,129,115.7265472,181,179.4086151,131,141.0960846,16.98
89,86.15276337,115,119.6323242,177,176.5930786,129,136.841568,17.04
88,85.8275528,118,126.4292374,176,176.5798492,129,136.841568,17.1
87,83.41407013,131,130.7272644,181,175.3469391,129,133.5726471,17.16
88,82.80301666,126,132.7897644,180,175.3469391,130,131.1717072,17.22
86,82.74539948,128,135.6217194,177,174.6112518,133,131.1717072,17.28
86,82.3698349,126,142.3812561,174,174.8987885,131,127.9004211,17.34
83,81.7762146,136,145.920639,175,177.8947144,128,133.8969116,17.4
83,81.7762146,144,147.7430573,176,178.2253113,127,132.243576,17.46
86,81.7762146,152,149.9069366,175,178.2253113,127,132.243576,17.52
86,81.35128784,159,150.3867188,180,178.2253113,131,133.6134644,17.58
89,81.29473877,151,152.5922546,178,178.2253113,134,134.489563,17.64
89,84.45082092,141,154.8200226,182,181.8102112,132,137.8539429,17.7
83,85.09815979,141,154.8200226,181,180.901535,131,137.8250732,17.76
83,85.09815979,141,154.8200226,183,182.5362854,135,139.4004364,17.82
87,87.06814575,141,154.8200226,181,182.3279266,136,138.4895477,17.88
87,87.15677643,141,154.8200226,182,181.5439148,136,138.4895477,17.94
87,87.11676788,133,159.9403687,183,181.2350922,135,138.3751373,18
87,89.6643219,133,159.9403687,186,184.0972595,136,137.7841797,18.06
88,90.24910736,125,157.6582336,184,184.6343079,138,142.4604492,18.12
88,91.45954895,128,159.7702484,182,185.7824707,140,142.6785126,18.18
89,91.32843781,128,159.7702484,184,186.2054596,144,142.6876831,18.24
89,91.92311096,128,159.7702484,183,186.795578,143,143.9084778,18.3
89,92.20864868,123,164.8661041,187,186.3482208,143,144.0307617,18.36
89,91.90812683,126,166.1282043,187,186.6651459,144,144.4194946,18.42
90,92.40697479,163,169.049118,187,187.1939087,145,144.1753235,18.48
90,92.3270874,169,169.8062286,188,186.7065735,145,142.6163788,18.54
94,91.54997253,173,170.4861298,190,187.8525238,142,143.0237427,18.6
94,91.25817108,177,170.4861298,187,187.6234589,144,144.4177856,18.66
90,92.28464508,177,171.4568024,188,190.1191559,143,145.7845459,18.72
90,92.45220184,178,174.4328156,189,189.289032,145,145.3109283,18.78
91,93.16969299,177,173.322464,187,190.9326172,146,146.1704254,18.84
91,92.91043091,175,173.322464,192,191.686142,148,147.6767578,18.9
94,93.89994812,179,172.236908,192,191.9674225,144,148.2597961,18.96
94,93.89994812,177,171.9881439,192,191.9674225,141,148.2597961,19.02
97,94.80506897,180,170.2841492,191,192.7362976,141,149.4889984,19.08
97,95.68836975,179,168.4016876,191,192.7404175,144,149.5737,19.14
97,94.99011993,176,167.1929016,192,192.9591675,145,149.7063599,19.2
97,95.27641296,170,165.7443085,192,192.9591675,143,149.6599731,19.26
99,95.41053009,171,165.7443085,192,193.1753845,144,151.1832733,19.32
99,95.89471436,170,159.2947693,190,193.1581421,144,151.4166412,19.38
102,97.31869507,165,157.6320801,192,193.2471008,144,150.2515411,19.44
102,96.28106689,165,155.7852783,193,193.1400909,142,150.0059357,19.5
98,96.11673737,160,155.2147522,196,192.8362122,142,150.0059357,19.56
99,96.11673737,163,153.0980225,194,192.6470184,140,150.0059357,19.62
101,96.11673737,155,153.0980225,192,192.4088593,138,150.0059357,19.68
101,95.5304184,151,153.0980225,191,192.4088593,139,147.1757965,19.74
98,95.47019958,141,153.0980225,191,192.4088593,142,147.1757965,19.8
98,95.18582916,144,145.5429077,188,190.0342255,139,146.1397247,19.86
92,91.77942657,148,143.9455872,186,189.8643036,140,146.1397247,19.92
92,91.77942657,130,139.9069061,185,189.0121613,134,148.6744843,19.98
96,89.92079926,127,132.9303284,185,187.2510834,133,150.1796417,20.04
97,89.47720337,139,127.8775177,184,187.0134125,133,150.9436188,20.1
103,89.36626434,139,127.8775177,184,187.0134125,132,143.1639099,20.16
104,89.40936279,130,119.3124084,184,187.6603088,132,144.5513916,20.22
121,90.35758972,133,116.7455978,183,187.3418274,131,143.5205231,20.28
118,90.66514587,129,114.6139755,183,189.6227264,131,145.197113,20.34
118,89.80143738,129,113.1887741,187,189.8563843,131,147.2757568,20.4
110,90.31140137,95,104.337532,186,191.4668427,130,144.4992676,20.46
104,90.66336823,86,100.8418579,191,190.2755737,135,144.4992676,20.52
105,91.52693176,73,98.36727142,190,191.2762146,134,147.2472534,20.58
101,91.40668488,59,96.96008301,194,191.8493958,133,148.8026123,20.64
100,91.86010742,60,96.34355927,196,191.8493958,132,148.8026123,20.7
104,91.86010742,84,96.44322968,196,193.821106,132,152.4068451,20.76
105,94.64156342,86,93.50474548,194,194.0005493,126,154.2188721,20.82
99,95.61573792,84,90.60806274,197,199.3394928,124,155.2526245,20.88
98,95.25985718,85,90.60806274,198,200.3192291,128,157.7875214,20.94
57,97.04811096,85,87.83654785,200,202.3072968,131,158.9402008,21
57,97.33229065,83,86.72121429,202,205.5831604,140,161.4056091,21.06
98,98.51126099,81,85.24562836,203,206.1613312,143,163.4478302,21.12
106,100.0050125,80,84.68565369,206,213.0318146,146,165.6448212,21.18
128,101.5820618,89,83.63917542,209,215.0820007,145,165.6448212,21.24
126,101.6191025,90,83.63917542,213,217.2256165,153,165.6448212,21.3
100,101.6381989,85,83.63917542,214,217.2256165,159,165.6448212,21.36
99,101.5996552,83,83.63917542,222,217.2256165,172,175.3981628,21.42
107,109.8221283,87,79.30808258,227,233.2043152,175,178.3995209,21.48
108,111.6320724,89,78.31387329,233,237.7511902,182,181.4793091,21.54
114,114.1667633,89,77.54446411,236,243.3315277,184,185.2779083,21.6
114,117.6420898,92,77.01255798,241,246.0809784,179,188.5770416,21.66
118,118.0798874,88,75.12084961,243,250.0126038,178,189.1756592,21.72
118,117.5821762,87,75.12084961,248,252.3594055,178,189.1756592,21.78
120,117.5585632,86,73.79598236,252,256.9059753,179,210.6983185,21.84
120,121.5839767,87,73.79598236,258,256.9059753,190,210.5543213,21.9
117,121.5839767,87,73.79598236,262,260.3254089,193,209.5174561,21.96
117,121.3611069,85,73.79598236,261,261.4950867,193,209.5174561,22.02
126,121.3209686,83,73.79598236,264,271.9406433,196,220.5195923,22.08
126,130.1292877,82,69.91952515,268,274.3502808,201,223.1085052,22.14
132,132.7404785,80,69.61851501,273,276.0257874,200,224.8695221,22.2
132,134.0400696,84,69.25976563,273,279.183136,205,228.5270233,22.26
136,136.0671692,81,69.67169952,272,280.6743774,202,230.6109161,22.32
136,136.3034668,81,68.70036316,276,280.6743774,205,227.3781281,22.38
136,138.1860504,81,68.51262665,278,282.4299011,211,227.7752686,22.44
136,138.1860504,81,68.51262665,280,283.4553833,205,227.7752686,22.5
135,138.1860504,76,68.51262665,279,283.4553833,208,227.7752686,22.56
135,138.7236786,79,68.51262665,281,287.199585,209,232.6431732,22.62
138,142.6964874,79,69.10839081,280,288.0770874,209,234.227478,22.68
138,143.4038544,75,68.55941772,282,288.5964355,214,234.5476685,22.74
141,143.9138489,79,68.6503067,281,289.394104,213,232.3106232,22.8
140,144.1456909,77,68.6503067,281,289.394104,217,232.3106232,22.86
142,144.1456909,76,68.6503067,281,289.7556458,216,232.3106232,22.92
142,145.0447693,75,68.48041534,281,290.7075806,216,233.8103485,22.98
140,145.4136658,78,68.2759552,284,291.1305542,219,235.333374,23.04
140,145.3301697,76,68.03307343,282,291.1180725,220,235.5504608,23.1
140,145.3078003,75,67.84217834,283,291.1627197,222,235.6756439,23.16
140,145.3754578,75,67.84217834,289,291.1627197,221,236.1481018,23.22
143,145.4185638,75,67.42276001,286,293.5272827,221,236.4478149,23.28
143,145.4277649,75,67.12063599,286,293.5761414,219,236.4478149,23.34
142,145.7256622,73,66.77616882,286,293.6891479,219,236.8751678,23.4
142,145.5809784,73,66.77616882,289,293.9831848,218,237.4826508,23.46
141,145.8053284,72,66.60644531,288,293.9831848,218,237.4826508,23.52
141,146.2446594,70,66.60644531,288,293.9831848,216,237.4826508,23.58
142,146.8075409,70,66.80651093,289,294.8013306,215,238.4479065,23.64
142,147.2784271,69,66.93466949,288,295.1502075,217,238.735733,23.7
139,147.2784271,70,66.93466949,288,300.3152771,217,238.735733,23.76
139,147.2784271,73,66.93466949,288,300.7121582,219,238.735733,23.82
144,148.4633026,73,68.45201111,286,301.7427368,218,238.5503693,23.88
145,149.83638,74,68.72956085,290,302.1053467,214,238.5274811,23.94
149,149.9350433,76,69.33968353,292,302.8606567,216,239.1529236,24
149,150.8903809,76,69.03123474,289,301.1615906,215,238.8880157,24.06
155,151.0677338,76,69.67591095,291,301.9090881,215,238.5496826,24.12
155,151.4679871,76,70.34831238,287,301.8890381,214,238.3821564,24.18
153,151.4130554,76,70.51122284,290,301.9213867,214,238.288269,24.24
152,151.5500793,76,70.76608276,290,301.6761169,210,238.0246277,24.3
149,151.3152466,78,71.10349274,289,301.2454529,209,237.4055023,24.36
149,151.0706482,78,70.80052185,288,299.9908142,209,237.8229828,24.42
152,151.0631104,76,70.80052185,289,299.9908142,209,228.7220459,24.48
152,151.2560883,79,70.80052185,287,298.8594971,206,228.2731781,24.54
152,149.8707886,74,69.18228912,288,298.1671753,204,228.4236908,24.6
152,148.7442017,76,68.93422699,283,297.8771057,203,227.8258667,24.66
146,149.3138733,75,68.46096039,283,297.8771057,206,227.8258667,24.72
146,148.9894257,73,68.46096039,279,294.9689026,202,226.014389,24.78
147,145.4177094,73,64.37667084,276,291.714386,199,225.4407043,24.84
147,144.1172638,73,62.79878616,274,289.5862122,189,216.8307343,24.9
136,144.0468445,69,62.79878616,270,286.9534912,189,216.8307343,24.96
136,144.1764832,66,62.79878616,263,285.1277161,189,216.8307343,25.02
131,144.3988037,64,62.79878616,263,282.3529663,189,216.8307343,25.08
131,144.4321136,62,62.79878616,260,282.3529663,182,206.8916626,25.14
133,134.7579041,64,54.04485703,258,272.4609375,175,201.1941833,25.2
133,132.615509,60,52.79910278,251,271.1593323,175,188.2275085,25.26
132,131.3574066,60,52.16195297,251,261.9319153,172,182.7857361,25.32
132,129.8866119,60,51.58058929,243,261.6637878,164,178.0486298,25.38
125,127.5924072,61,50.30334473,238,258.9216919,155,173.7174835,25.44
125,126.9482346,59,49.86143494,232,252.8656616,184,173.2539978,25.5
114,125.7884064,57,49.26527405,230,251.1743774,194,173.2539978,25.56
114,122.9665146,53,48.09657669,230,248.582901,190,171.8201904,25.62
104,123.060173,59,48.09657669,229,248.582901,185,171.8201904,25.68
104,121.0791855,63,47.31928635,227,245.8856659,171,170.8717957,25.74
102,120.2951431,57,46.95155716,225,245.8856659,167,170.8717957,25.8
102,118.2603683,49,50.68994522,220,243.9824524,158,170.1172638,25.86
98,117.7907867,39,51.16527176,220,243.2398071,152,169.8364563,25.92
98,116.2762451,42,60.19089127,217,242.3678436,163,169.8364563,25.98
93,116.0220032,45,62.42240524,218,241.9582214,162,139.6227264,26.04
93,115.6795044,54,59.63733673,210,234.4742279,156,139.8820343,26.1
90,115.3116379,59,59.63733673,208,234.5691071,156,136.4361267,26.16
90,115.2804871,68,78.94413757,205,234.9326019,154,133.2197266,26.22
95,115.0755005,61,78.94413757,200,234.9326019,153,129.0753784,26.28
96,115.1107559,64,74.27552032,223,235.4268951,150,131.1226654,26.34
109,115.5499725,67,72.70412445,244,236.4061127,149,132.0401459,26.4
109,115.260437,69,71.38172913,283,236.0370941,141,129.5955811,26.46
100,114.9460602,64,68.26695251,250,236.0740662,121,129.7177277,26.52
101,114.5370102,64,65.85800171,273,236.3262939,118,128.3934784,26.58
112,114.9960403,65,73.51525116,268,236.3262939,114,128.5767059,26.64
112,115.2505417,64,71.80882263,267,236.5513,118,128.3083801,26.7
108,115.2505417,62,69.93688202,264,234.9183502,119,129.1507568,26.76
108,114.2599792,61,69.43029022,265,235.3301392,124,130.1632843,26.82
113,113.5681763,61,68.91424561,264,233.4949188,126,131.2333374,26.88
113,112.5931854,61,69.08492279,258,233.4949188,129,131.5675507,26.94
113,111.6962891,60,69.23319244,251,231.9829407,128,132.5318909,27
113,110.950386,61,69.44113159,243,231.0734558,129,133.5347595,27.06
109,110.0137329,61,69.91535187,236,225.6908112,128,133.5636292,27.12
109,109.9875107,60,69.8193512,235,225.7572021,130,133.7528076,27.18
109,109.987709,59,69.59622192,231,225.7572021,131,132.7056732,27.24
109,108.0122528,60,70.68583679,238,223.9344177,132,132.8015137,27.3
104,106.3396835,62,72.03873444,233,221.547226,128,130.3137207,27.36
103,105.9489365,59,71.73021698,237,223.930481,128,130.2525635,27.42
101,104.2685394,62,73.41766357,236,222.4824829,125,128.2984161,27.48
100,104.2275009,66,73.64852905,240,221.6429596,121,127.3397293,27.54
91,104.0678864,59,73.60001373,243,223.0538635,119,127.9429626,27.6
91,103.696312,66,73.97466278,239,222.6756439,115,126.9196014,27.66
87,103.7775726,68,75.25705719,239,221.6111755,115,125.7204208,27.72
87,102.7346191,71,75.25705719,240,223.6862946,116,125.4314728,27.78
96,102.5301971,70,75.53409576,238,223.5303497,116,124.6848831,27.84
97,103.4152069,61,76.26335907,233,223.6542358,119,124.8130188,27.9
102,102.621582,67,76.26335907,236,223.6542358,120,123.9443665,27.96
102,102.621582,70,76.26335907,235,225.6743927,119,124.9872894,28.02
104,104.7038345,62,75.43256378,232,226.5135651,119,124.9872894,28.08
103,104.9402237,65,75.43256378,235,225.572876,120,126.0835342,28.14
92,105.8794327,64,74.65674591,234,226.3864899,119,127.426796,28.2
92,106.7643204,63,74.19039917,232,225.4772491,118,128.0491333,28.26
89,107.3992615,68,73.7297287,232,225.2581329,117,128.3573303,28.32
89,106.7336884,68,74.17272186,231,221.7159576,120,129.1603088,28.38
91,106.9606323,65,74.01179504,229,220.1190491,121,129.1589508,28.44
92,106.8304672,65,73.89229584,230,220.9799805,120,129.0700073,28.5
88,107.337822,64,73.24487305,227,220.7169952,120,129.5358582,28.56
87,107.4256134,65,73.36762238,229,220.9655151,120,130.2112885,28.62
92,107.557312,63,72.95696259,228,220.9655151,120,129.572403,28.68
92,107.539856,65,72.53239441,225,220.9655151,119,129.5017853,28.74
101,107.9872818,66,72.30503845,227,221.9237823,119,131.7787323,28.8
101,108.4903336,64,72.508461,228,222.5074158,119,131.3417206,28.86
106,109.6273727,65,72.03227234,226,223.3606567,119,132.4000092,28.92
107,110.1394119,64,71.60316467,228,223.7272644,123,132.7940826,28.98
114,110.2389603,63,71.65086365,231,224.0186615,126,132.8570251,29.04
114,111.0411835,60,70.9088974,240,224.8318024,125,133.6458588,29.1
114,110.8665543,62,70.43055725,235,225.1914215,127,133.8672028,29.16
114,110.6926575,60,69.36915588,232,225.6176758,128,134.0065765,29.22
118,110.9491501,63,69.37558746,224,225.9734039,128,133.9450836,29.28
118,111.2162476,63,69.28966522,227,225.9734039,131,133.9450836,29.34
121,111.2162476,61,69.34407043,228,224.8526306,127,130.5454712,29.4
120,110.5535736,59,68.8349762,229,224.89534,123,130.0987854,29.46
115,110.4137268,63,69.44554901,230,223.6346588,124,127.7104568,29.52
115,109.1408997,62,69.58447266,227,222.9928741,120,126.1774673,29.58
115,108.7659225,70,69.78778076,231,223.4637299,118,125.3347931,29.64
114,108.3574371,68,70.43086243,241,222.5064697,114,122.9671478,29.7
110,108.1119614,65,70.4302597,223,222.5064697,113,121.7771454,29.76
110,106.5892181,64,71.99258423,190,220.6437225,108,120.030365,29.82
106,106.7520523,64,72.5355072,181,219.7490234,109,118.4915466,29.88
106,105.1332855,68,73.43042755,182,218.9400635,113,118.8556824,29.94
94,104.9548264,66,74.82019043,186,218.5110626,112,120.310585,30
94,103.6620483,68,75.99481201,196,217.6464539,115,114.8905945,30.06
97,102.6413956,64,76.62697601,199,217.273819,113,111.1467209,30.12
97,102.6413956,69,78.50494385,206,216.7979126,108,113.8482666,30.18
109,101.7409973,72,79.17195129,207,216.5115662,106,110.25,30.24
111,101.2419586,69,80.37549591,213,216.3165894,102,111.0942993,30.3
115,101.6966171,70,80.24757385,215,217.0482025,101,111.649437,30.36
114,102.1091995,69,81.13103485,221,217.9926453,107,112.4225616,30.42
111,103.2262573,70,82.20850372,223,218.0809174,108,115.0541992,30.48
111,105.0470352,68,82.24143982,225,220.0442505,108,116.5039597,30.54
96,106.9704285,69,82.52890778,229,221.8264923,114,117.4331436,30.6
96,106.9083862,69,82.54118347,236,243.6848907,119,120.6714172,30.66
95,109.6483002,71,82.03076172,242,243.6848907,119,120.4834824,30.72
96,109.6551437,73,82.64213562,245,243.6848907,118,120.0517731,30.78
112,112.3531265,71,83.954216,248,248.2462006,121,128.5002136,30.84
113,113.252388,69,85.46389771,252,249.5266876,122,131.078186,30.9
121,115.2287598,75,86.03110504,255,251.5957184,127,134.2267761,30.96
121,116.3737488,78,87.53766632,251,252.0620422,140,135.5554657,31.02
126,116.4123001,80,87.53766632,251,252.0620422,142,135.5554657,31.08
126,116.4123001,81,89.67198181,250,254.6266937,145,139.5985107,31.14
126,118.7033234,83,89.67198181,253,254.6266937,143,144.256485,31.2
126,120.9664459,85,92.16675568,252,257.4248657,141,144.4013062,31.26
121,121.1462784,86,92.74144745,253,257.4248657,142,144.4013062,31.32
121,120.8986664,88,92.74240112,252,257.4248657,145,142.6197815,31.38
118,121.0218277,90,98.12288666,251,263.8121033,147,151.221405,31.44
119,126.9660034,91,100.3861847,258,263.6178589,152,153.7936249,31.5
120,128.2703247,92,101.0963211,258,265.1112366,153,152.6050262,31.56
120,128.2703247,94,100.5715256,262,265.1112366,154,152.2450714,31.62
128,130.609024,96,105.4297791,266,268.5531311,156,158.5099182,31.68
128,131.1477051,100,106.3415756,269,268.5531311,160,157.0101318,31.74
132,131.037674,100,105.6696014,267,268.5531311,162,157.0101318,31.8
132,130.9298706,103,105.6696014,269,268.5531311,162,157.0101318,31.86
134,134.6243744,102,110.9817734,270,272.131134,164,163.3006744,31.92
134,134.3685455,101,111.1250763,273,272.131134,166,163.3006744,31.98
140,138.0650787,103,113.3021088,273,275.8746033,167,164.3355255,32.04
140,138.0650787,106,112.7242966,273,275.8746033,168,164.8377228,32.1
142,137.8427887,107,113.3146896,274,275.8746033,168,165.389328,32.16
142,139.1506042,112,116.6711273,276,277.4029541,168,169.6438446,32.22
141,138.7125854,112,116.2647629,277,277.136261,168,169.1652679,32.28
140,138.9660645,112,116.8729248,276,277.5182495,173,171.3631592,32.34
138,139.0936279,113,116.9968414,277,277.5182495,174,171.5378113,32.4
138,138.9450378,114,116.9968414,276,277.5182495,176,173.9409637,32.46
136,140.4837494,114,117.9526978,276,278.9508667,177,175.0704498,32.52
136,140.6295166,114,118.3053589,275,279.0703125,178,174.779541,32.58
133,141.5055542,114,117.8546219,274,278.0630493,180,174.2828369,32.64
133,139.5809174,113,117.9758301,273,278.0357361,180,175.1282043,32.7
135,139.9880066,111,117.9758301,273,278.0357361,181,175.1282043,32.76
135,140.2323761,113,118.606102,274,278.0357361,181,175.1282043,32.82
133,140.3242035,112,118.1861267,273,280.3628235,181,176.9629974,32.88
133,141.8684235,115,120.3223801,275,279.4256897,184,176.9335327,32.94
136,142.2167053,113,121.6915131,272,278.7463074,183,177.3628998,33
136,141.441925,114,121.5407486,273,278.7463074,184,176.9695587,33.06
140,144.5810394,116,122.7922287,272,281.7498779,185,179.2330322,33.12
140,144.9967499,118,123.4582748,273,282.0754089,184,179.9116669,33.18
137,145.0719147,120,124.3647385,278,281.9429016,185,180.1822052,33.24
137,144.9121704,121,124.1768112,274,281.6554565,182,181.5832062,33.3
140,144.7474823,121,125.4453354,275,282.2245483,182,182.1646423,33.36
140,145.1812286,124,125.8787766,275,283.5205383,183,182.4784241,33.42
140,146.175827,123,125.3611526,275,283.1929626,185,183.1266479,33.48
140,147.2581787,124,126.7263489,277,285.4236145,186,185.4254303,33.54
142,148.4261169,121,125.7057419,278,284.5576477,187,184.869278,33.6
142,146.799469,122,126.1741867,280,283.9963379,188,185.9665375,33.66
144,146.799469,121,126.1864777,280,286.0968933,189,186.6110992,33.72
144,148.9705658,122,126.5462036,280,285.3610535,191,188.5639343,33.78
144,148.417923,124,127.5149002,277,285.3799133,190,187.8840637,33.84
144,148.3003082,124,126.7889175,276,285.4100037,190,188.2355042,33.9
147,149.2569885,123,126.536438,277,284.2491455,191,186.5832977,33.96
147,147.2408295,123,125.7535629,277,284.2491455,191,186.7256927,34.02
150,147.1280975,124,125.795517,275,284.2491455,190,186.8992462,34.08
150,146.9602509,125,126.3992081,275,284.2491455,192,186.2000427,34.14
146,146.8827209,124,126.203743,275,284.2491455,193,185.9351654,34.2
145,146.8827209,123,126.203743,277,284.2491455,190,185.6485443,34.26
145,146.8827209,125,127.1357956,275,284.1600952,190,186.3409576,34.32
145,146.6886444,123,127.3975906,276,283.9546509,189,186.5068817,34.38
141,145.8135223,124,127.5783997,277,283.9546509,189,186.9498138,34.44
140,145.3232269,124,128.0328522,274,283.5485535,188,187.1461792,34.5
141,146.1987915,127,128.8197632,273,284.0715027,188,186.1788635,34.56
141,144.6001434,128,129.0552216,274,282.6539612,188,184.943573,34.62
139,142.5862885,126,129.5542908,273,280.5626831,188,184.0486145,34.68
139,143.6941223,127,130.7993317,266,281.6154785,188,184.171402,34.74
137,140.0963898,127,130.9683685,268,277.3138733,184,180.6387482,34.8
137,138.9383545,127,131.625412,266,276.6990051,183,180.7233887,34.86
133,138.9383545,129,131.6202393,264,261.8397217,181,178.5604706,34.92
133,137.5575562,133,134.5422974,258,262.5107117,178,175.493576,34.98
129,136.0866089,133,135.3933258,254,261.0064392,177,173.911499,35.04
129,136.0866089,134,135.3933258,249,261.0064392,172,173.911499,35.1
131,136.0865784,135,135.3933258,245,261.0064392,171,173.911499,35.16
131,136.0718536,137,136.0174866,243,261.0064392,165,164.5083618,35.22
126,135.9037628,139,135.5760345,237,261.0064392,164,167.7660828,35.28
126,127.9191284,138,143.4882355,236,252.5959473,159,162.8976898,35.34
122,127.9191284,142,147.6607971,232,249.4685211,159,162.5820007,35.4
122,122.8334045,140,147.3697815,230,247.149765,156,160.9418793,35.46
115,123.6198654,139,148.2155914,228,247.8597107,154,158.4967499,35.52
114,123.5072327,141,148.2070618,225,247.8597107,154,155.7429199,35.58
110,123.7509384,143,148.2070618,226,232.085144,151,153.7137299,35.64
111,118.4263306,142,153.2122192,224,226.1062469,152,156.7117004,35.7
112,117.5201797,146,153.9243164,219,223.8643951,150,151.588089,35.76
112,115.485405,148,155.3029938,218,222.4029694,150,151.4729309,35.82
109,114.2174377,147,156.8928528,216,221.185379,148,149.9780579,35.88
109,114.1532364,147,156.8928528,214,221.185379,144,146.5132599,35.94
107,109.0787277,149,160.837326,212,216.366745,144,149.0751801,36
107,107.9158173,147,161.4718018,211,215.2618866,137,145.7827454,36.06
106,107.5866318,149,162.2896576,209,211.9538574,137,143.087677,36.12
106,107.1674728,152,165.7424164,206,210.9975128,134,143.3321991,36.18
97,107.0481796,154,165.7424164,205,210.4376831,136,143.3321991,36.24
97,105.7214737,153,169.1801758,206,208.2599335,134,141.1162262,36.3
95,105.2118149,159,170.7626495,206,207.9225616,132,139.9130249,36.36
95,103.2618713,158,172.2991028,205,205.5581818,132,139.1020508,36.42
96,103.1558456,160,172.3016052,204,205.5581818,133,136.4180908,36.48
96,103.1272049,163,172.2955933,206,205.5581818,129,132.1938477,36.54
97,103.2261581,163,171.6647644,205,205.5581818,128,129.9770355,36.6
97,103.2802887,163,172.3069153,205,205.5581818,125,127.2106781,36.66
96,103.1976547,164,172.2247009,205,205.5581818,123,126.1159515,36.72
96,104.5736618,166,179.794281,206,208.6718292,124,133.3053284,36.78
95,106.393013,166,180.4811859,205,205.9784546,124,133.6424713,36.84
96,106.0616302,167,181.4028015,204,203.9597321,126,134.493988,36.9
98,107.4726257,167,181.7313385,203,204.462204,129,133.5483551,36.96
98,108.02742,167,183.8182831,201,205.2372894,128,134.7823029,37.02
101,108.409462,169,184.6763916,200,203.5421295,130,135.7418823,37.08
101,108.4943085,169,184.6267853,197,203.6148682,133,135.7418823,37.14
102,108.486496,171,185.4643707,196,199.9085846,135,136.9965668,37.2
103,108.1771088,173,185.4429626,192,197.0279388,132,140.9228058,37.26
106,107.6806641,175,190.0718079,191,197.0396729,132,141.6170044,37.32
106,107.7129211,175,190.6535645,189,195.7240295,132,143.5063629,37.38
106,106.3952484,179,192.397934,188,193.4962616,134,145.0115051,37.44
106,105.0773849,182,195.2291718,188,189.1974182,139,148.9792938,37.5
105,104.6243057,182,196.1439819,188,188.0666199,140,149.3556213,37.56
105,103.8528137,183,197.4248352,188,186.8623352,140,150.3534241,37.62
104,103.4625473,183,197.5531158,184,186.1355438,136,155.0239868,37.68
104,102.748436,184,197.9011383,181,185.4328308,141,155.1112213,37.74
103,102.0685272,184,197.7036438,182,184.404541,141,156.1212921,37.8
103,102.0749207,185,197.7036438,179,183.7729034,142,155.5594635,37.86
95,100.9907227,183,197.1748657,181,184.3677979,142,156.6396942,37.92
95,100.9725342,182,197.1775665,181,184.3677979,141,152.0825653,37.98
92,98.27620697,181,191.8234558,182,182.0392456,142,149.7244568,38.04
92,95.72039795,178,187.4891052,182,182.6071625,140,146.9503021,38.1
91,95.69655609,177,187.4738007,181,183.9752808,140,146.2796021,38.16
91,96.11302185,174,187.4738007,180,183.9402161,129,146.2796021,38.22
98,93.70548248,169,178.4823456,181,181.6796112,125,133.8916168,38.28
99,93.71608734,166,178.3747406,182,181.6796112,117,132.8611603,38.34
98,93.38004303,164,178.4652557,186,182.7967682,120,132.8611603,38.4
99,93.33914185,160,178.3621063,186,183.0656738,112,126.9742355,38.46
99,93.33914185,161,178.3621063,188,183.0656738,114,118.0194931,38.52
99,95.66954041,159,171.4552155,188,185.9775085,108,117.6281357,38.58
98,97.07190704,159,170.9256592,187,186.7921906,106,114.0917358,38.64
98,98.31735229,155,171.4403839,184,187.7638245,104,112.3988876,38.7
99,98.31052399,156,171.1422882,186,187.7638245,105,112.3988876,38.76
99,98.29091644,156,171.4410248,189,187.7638245,106,110.4009857,38.82
99,98.25339508,158,171.4410248,186,187.7638245,106,109.8344345,38.88
99,98.25339508,158,171.4349365,188,186.4725952,109,109.6638641,38.94
97,98.25339508,162,176.4111328,190,190.6200256,108,115.2840424,39
96,102.5234909,162,177.0062103,188,189.4942169,111,116.1437454,39.06
99,101.8082581,161,177.0062103,188,189.4942169,111,116.1437454,39.12
99,101.7920914,161,177.9526672,185,187.6174469,107,117.583046,39.18
99,101.5333939,163,178.5427551,188,188.9330444,111,117.4618912,39.24
100,102.1691818,166,178.9621735,189,187.2450409,111,117.7178421,39.3
106,102.3841858,167,178.3619232,188,188.0809479,111,117.5989761,39.36
106,102.3477783,165,178.3619232,189,188.7416992,114,117.643837,39.42
102,102.6605682,165,178.9603729,184,188.7416992,112,117.513588,39.48
102,102.3818054,167,179.0312195,179,188.7416992,108,117.4449997,39.54
101,102.3818054,163,180.0144958,185,186.0266266,111,117.3805542,39.6
102,99.89717102,164,179.8212585,184,185.6901703,108,116.7663498,39.66
101,100.3484116,164,180.3317719,186,185.3221436,109,117.4357071,39.72
101,100.1386032,166,180.4876099,190,186.3769684,114,115.8791428,39.78
98,99.82311249,168,180.4876099,185,187.5091553,113,115.0305557,39.84
98,100.2735977,170,183.9214935,185,185.636673,109,118.0532074,39.9
99,98.8365097,172,185.4401703,185,185.7538147,109,118.6736145,39.96
99,96.72871399,173,186.6453247,184,184.9615173,104,119.6939011,40.02
96,96.03839111,175,187.9696503,183,184.1596222,104,118.76017,40.08
96,95.50241089,177,189.3330231,185,183.791275,106,121.2680588,40.14
94,95.48773956,179,190.5377045,184,184.7582397,103,122.7297897,40.2
94,95.04265594,182,192.9543304,184,184.0249329,102,124.3794937,40.26
95,93.4535675,182,193.8506165,184,183.9446564,100,125.9300003,40.32
95,93.61714172,182,195.2212219,185,183.9446564,101,125.9300003,40.38
103,93.39573669,186,194.5296936,185,187.7806854,99,123.550148,40.44
102,93.18209839,187,199.7804565,186,187.0861511,98,123.280571,40.5
99,93.5151062,190,201.8175812,188,188.6984711,98,124.348381,40.56
99,93.54936981,194,204.7014313,190,190.3458405,96,123.8986359,40.62
105,95.40498352,196,206.8274841,189,192.7918701,96,126.0199814,40.68
105,95.24758911,198,206.8274841,193,193.6977081,97,123.2787857,40.74
101,97.56707001,201,211.5608368,190,197.62146,102,127.1363144,40.8
101,98.62104034,204,212.8483429,197,197.62146,147,125.7378922,40.86
103,98.50097656,205,212.8616943,196,197.62146,140,124.2218704,40.92
103,98.90470886,207,213.023407,198,197.62146,147,123.6603775,40.98
101,98.90470886,209,213.0385742,201,207.2497253,153,121.6040192,41.04
101,105.8507004,212,223.6116333,207,215.4532776,154,133.8329315,41.1
105,108.4842987,215,226.417923,209,218.8362274,154,135.0901947,41.16
104,108.4008865,217,225.8556671,217,221.3962097,160,135.0901947,41.22
107,108.4619827,222,226.5943909,217,223.6333618,160,135.0901947,41.28
107,113.0441208,224,233.547699,218,232.3518372,155,143.6297607,41.34
110,114.9020233,225,235.8510132,225,234.8451233,140,143.0736084,41.4
110,114.9020233,227,235.4657898,233,234.8451233,142,143.0736084,41.46
113,117.5715942,229,239.9107056,232,237.6535492,146,149.8955383,41.52
113,118.8763809,233,242.9086304,232,239.3577118,154,152.3646698,41.58
116,120.1718521,235,244.9123688,239,240.7448273,161,154.3385773,41.64
117,121.6920471,236,247.5626221,241,251.1409149,159,155.7064667,41.7
118,123.0139694,238,249.95224,245,256.0240479,160,158.966156,41.76
118,124.597496,242,252.4059906,250,259.146698,164,160.812851,41.82
120,124.597496,244,252.3899536,253,260.1563416,168,160.6736908,41.88
121,127.2296295,245,256.1546326,254,263.760498,166,165.1450348,41.94
127,127.2296295,248,255.4157257,257,264.0699463,165,165.1450348,42
127,126.9861145,250,255.4122467,259,271.8358459,169,174.6544495,42.06
128,133.2468414,252,263.4442444,265,273.2800598,173,176.0879822,42.12
128,133.6404572,255,265.3287659,271,274.4875793,179,176.1370239,42.18
134,133.5502167,256,265.3287659,269,278.1478271,179,179.6749573,42.24
134,137.0795135,259,269.7865295,270,279.0223999,183,184.1829681,42.3
131,137.5955505,261,269.829834,272,280.6063232,182,184.1829681,42.36
132,139.2380829,262,272.6416626,272,282.524353,188,186.2371674,42.42
136,140.5649109,262,273.9933777,273,284.052948,188,188.3404388,42.48
137,140.5010529,265,273.7998657,274,284.119812,185,189.9947052,42.54
137,142.1403351,267,275.5408325,275,285.8788147,189,192.4797974,42.6
137,142.1403351,268,275.5408325,276,286.0145264,190,192.4797974,42.66
140,142.1403351,268,275.5502625,277,286.2663879,191,192.4797974,42.72
140,142.1403351,268,275.7393494,281,289.6881104,190,195.1631622,42.78
140,146.3251038,271,279.823822,279,291.3236084,190,196.1343536,42.84
140,146.4873657,269,280.1082458,280,291.8173523,195,196.5739746,42.9
143,146.6145477,272,280.5983276,282,292.2717896,196,197.2206268,42.96
143,147.3905487,269,280.402832,282,293.613678,197,196.8108063,43.02
143,147.411438,269,280.6129761,286,293.613678,197,197.4603729,43.08
143,147.4594574,272,281.8835449,287,297.0036316,197,198.3522797,43.14
144,148.5310669,273,282.1361084,286,297.6403503,197,201.4114227,43.2
144,148.5803223,274,282.3079529,290,298.1537476,201,202.3037262,43.26
144,148.8852234,273,282.8121643,289,299.9697571,203,202.6014709,43.32
144,148.2619171,272,282.5701599,286,299.4164124,203,205.3742065,43.38
142,148.1535645,272,282.0490723,292,300.939209,203,206.578186,43.44
143,148.8736267,274,284.1516724,291,302.1422729,206,206.3832092,43.5
144,148.9576416,273,283.6291199,292,302.8613586,206,206.6806335,43.56
144,148.36586,274,284.3628235,293,303.0119934,205,206.6806335,43.62
144,148.2662964,273,284.1418457,293,303.9039307,207,207.6897888,43.68
144,148.5771637,274,284.9590149,295,304.0701904,205,208.1426239,43.74
143,148.5705872,276,285.2694092,296,304.153717,207,208.3471069,43.8
143,147.5835114,277,284.5990295,294,304.3284302,206,208.720108,43.86
147,148.4260559,275,285.5190735,293,304.3284302,205,208.720108,43.92
147,148.8210449,275,286.0764465,294,304.4181519,204,203.5375824,43.98
144,148.1298981,275,285.3388367,293,303.9430237,204,203.2431488,44.04
144,149.0207672,275,286.0657959,294,304.8187256,200,203.877655,44.1
144,148.9953156,276,286.0657959,292,302.4200439,200,199.0971832,44.16
144,148.9625702,276,286.053009,293,301.8971252,197,197.4105988,44.22
147,148.9637451,276,286.0504456,292,301.8098145,195,197.4105988,44.28
147,148.9637451,275,285.3814697,293,301.1504211,196,197.4105988,44.34
149,148.7634125,276,285.3814697,290,301.1565552,192,197.9440918,44.4
149,148.7714233,277,285.1553955,290,300.6351318,187,197.5549011,44.46
152,149.2964783,278,285.7124023,289,300.8590088,187,191.9645996,44.52
152,149.2598572,276,285.7032776,287,300.7522278,188,190.6645508,44.58
150,148.5337372,278,285.7032776,288,300.7522278,186,190.6645508,44.64
150,148.4163361,277,285.5514526,285,297.4647827,182,190.9332581,44.7
143,145.7623291,275,284.1550598,282,295.7273254,182,190.3074341,44.76
143,143.2706909,272,282.8645935,289,293.5205383,181,190.4748383,44.82
138,143.2309113,272,283.618927,285,292.1272583,180,181.1958008,44.88
138,143.2309113,273,283.8443604,281,286.9391479,181,179.141037,44.94
133,136.8267822,272,279.8695068,274,283.6018982,179,179.2024689,45
132,135.5756226,270,278.4614258,272,280.8034973,174,178.8434296,45.06
129,134.6751251,268,278.456665,266,280.8034973,172,170.3192902,45.12
128,130.2218018,264,274.1165771,262,271.8988647,170,168.9937744,45.18
119,128.963623,264,274.4707642,260,270.4069824,169,163.4532471,45.24
119,128.963623,264,271.7247925,255,265.0271606,164,163.1573181,45.3
115,125.5127945,261,272.2225952,249,264.7411194,159,158.8812866,45.36
114,122.8992233,258,270.5135803,246,262.4592285,153,160.0812073,45.42
108,121.9699783,256,269.3903198,239,256.2884216,157,160.8609772,45.48
108,120.0892792,258,269.5447083,229,253.219696,162,154.1203766,45.54
104,119.2558823,259,269.5898438,230,248.8217468,165,154.779007,45.6
104,118.8955994,261,270.132782,230,247.0432129,166,149.9863586,45.66
103,118.7159958,259,270.2099304,231,243.9019623,167,149.1968079,45.72
103,118.0924454,259,271.0130005,229,239.5412292,168,148.6665955,45.78
104,118.2939835,259,270.7240906,229,237.4966736,168,146.8897247,45.84
104,117.9533157,262,271.7589722,224,234.8036652,181,149.8949738,45.9
100,117.9533157,261,271.7434082,223,229.7194977,164,149.8949738,45.96
100,117.4665985,259,271.7414856,217,229.7194977,124,149.8949738,46.02
102,117.4350662,260,271.7424927,215,223.4992676,113,149.8949738,46.08
102,117.4252319,260,272.8305969,209,221.6542664,115,159.2103271,46.14
99,117.5328751,259,273.2477112,209,221.6542664,116,146.3235168,46.2
100,116.2931595,261,273.2052612,201,217.2584381,119,143.236618,46.26
104,116.299469,259,274.2798767,201,217.2584381,121,142.1692963,46.32
104,116.6268082,260,274.2950439,201,217.2584381,124,142.1692963,46.38
107,118.0040894,260,274.2950439,187,214.9146423,126,144.6153717,46.44
107,118.1830444,259,277.4423523,205,214.8768005,132,145.2385864,46.5
112,118.5976944,260,277.8038025,186,213.3323059,134,147.5398865,46.56
113,118.820343,260,277.8038025,170,213.4164276,134,150.2077484,46.62
115,118.9950256,262,278.903656,173,213.0376282,134,150.2077484,46.68
117,119.0571289,262,278.903656,182,214.6875153,134,150.2077484,46.74
133,119.3551788,262,278.903656,185,214.9252014,135,142.3019104,46.8
134,119.1154556,262,278.903656,185,214.9252014,136,142.0648193,46.86
136,117.3366241,261,276.3731384,185,214.9252014,133,146.5776825,46.92
137,117.3595963,261,276.3731384,185,214.9252014,133,146.5776825,46.98
140,114.5311203,260,272.9398499,187,214.2792358,130,145.0424347,47.04
140,113.9506607,256,271.6390076,187,214.2792358,128,143.4055786,47.1
138,112.1090698,257,271.5728455,187,214.2792358,129,140.9282227,47.16
138,112.0052109,256,271.6268616,187,214.2792358,130,136.2167664,47.22
129,106.9365692,253,266.265564,187,214.2792358,132,134.3769531,47.28
128,106.5168991,252,266.265564,187,214.2792358,126,129.1514893,47.34
117,103.0671921,250,262.6093445,187,214.2792358,125,128.0643463,47.4
116,101.5769501,249,261.4572449,187,214.2792358,112,126.4394073,47.46
81,101.5769501,246,260.6353455,187,201.0665894,108,126.4908218,47.52
80,101.3025742,247,260.6353455,175,198.7384949,111,126.4247208,47.58
95,101.3025742,245,260.6353455,186,198.6668396,113,126.4247208,47.64
95,101.3025742,247,260.6610107,185,198.6668396,110,126.414772,47.7
89,100.2876205,249,258.3348694,182,198.6820221,106,112.3971024,47.76
89,100.9543991,244,257.7851868,181,192.5956573,100,111.345108,47.82
86,101.0480652,250,258.577179,178,191.0102997,96,112.1216278,47.88
86,101.1945877,251,258.5662231,175,193.751236,94,109.6707687,47.94
83,105.7711563,250,261.8890381,176,192.4597626,95,109.0501022,48
83,106.2264328,247,261.9845886,175,192.9694977,92,108.3187485,48.06
84,106.2264328,248,261.1523132,177,192.9694977,90,108.6553345,48.12
85,110.2317963,253,265.0093689,175,196.6342621,91,107.1683884,48.18
95,111.195694,252,266.1986389,174,192.5575104,91,107.8431778,48.24
95,111.5923691,253,266.3731689,176,193.181015,89,107.8431778,48.3
97,113.6485291,253,268.5052795,175,195.1314087,88,109.4563141,48.36
98,114.8145065,256,269.3791809,180,193.3678131,83,110.3337936,48.42
101,115.056282,257,269.3791809,182,193.1877899,82,110.3337936,48.48
101,114.6659546,260,269.3791809,183,192.8985748,83,110.3337936,48.54
102,114.4470215,258,269.3791809,184,193.4731598,84,104.8623428,48.6
102,114.6533203,259,269.3791809,187,193.8043976,82,104.8623428,48.66
97,114.4850388,259,269.809906,186,193.8043976,81,104.8623428,48.72
97,114.5014648,261,270.1433716,185,194.6334229,82,104.8623428,48.78
96,114.6433563,261,269.822937,184,196.0731964,83,103.7503281,48.84
96,114.6927719,259,269.3634644,187,197.2180481,85,102.8308258,48.9
98,114.6927719,261,269.3634644,186,197.8247681,86,102.8308258,48.96
98,114.6927719,259,269.2650452,187,200.0167084,87,102.8308258,49.02
99,114.6927719,261,270.1404114,187,200.9281006,87,102.8308258,49.08
100,114.6927719,261,270.1418152,196,201.9068451,87,103.532959,49.14
99,114.6927719,259,270.1264648,195,203.5275574,87,103.532959,49.2
99,114.6927719,256,270.1419983,199,205.042038,89,103.532959,49.26
100,115.2011795,255,270.1419983,200,206.9300385,88,106.7417374,49.32
100,112.2520447,254,269.1331787,207,207.3359528,90,107.0296555,49.38
98,112.1005478,253,268.9837646,220,207.690506,90,106.7538681,49.44
98,111.4892578,255,268.5850525,205,208.3096619,88,106.5110321,49.5
101,112.0877914,256,268.8807373,201,209.149704,89,106.285965,49.56
101,111.7181015,255,268.3409729,222,208.7933197,89,105.1799469,49.62
98,112.351799,255,268.0684204,229,209.8019409,87,104.4816437,49.68
98,111.6439056,255,268.4692993,210,210.7351685,85,103.3265686,49.74
97,112.5011826,254,268.1025696,233,210.664856,85,103.2580719,49.8
96,112.06707,255,268.1012878,233,210.664856,83,103.2724915,49.86
91,112.0852814,258,268.4414063,233,210.664856,86,103.2101898,49.92
91,111.9967117,255,268.1069031,233,210.664856,96,103.1626282,49.98
99,111.9688492,256,268.1069031,225,208.3885345,94,103.374321,50.04
99,112.8784256,254,267.9376526,220,207.7651215,81,102.1468735,50.1
88,113.0110703,252,267.8206482,225,208.2726746,82,102.119751,50.16
88,112.5494614,252,267.1373901,217,207.2928925,88,101.9108582,50.22
95,112.5494614,252,267.4571228,181,207.2928925,83,101.9108582,50.28
95,112.5494614,253,266.5890198,182,206.1134644,91,102.4843521,50.34
98,112.2033081,252,266.5713501,193,206.2630463,91,102.1456299,50.4
98,111.6204453,254,265.6632385,207,205.4540253,88,101.7405319,50.46
91,111.6204453,252,265.2773438,180,205.3768311,91,102.2604675,50.52
91,112.830368,250,264.9359131,186,206.2635345,84,101.5948105,50.58
90,113.168045,252,265.7275085,195,205.6524353,86,101.8885651,50.64
91,113.273407,251,265.4041138,229,204.879776,88,100.7495499,50.7
100,112.4542618,253,264.3910522,218,204.6572876,86,100.6026917,50.76
100,112.8144302,252,263.9925537,193,205.266037,88,100.1168137,50.82
91,112.5889587,251,263.5682373,186,204.9702148,88,100.1382675,50.88
91,113.1304016,249,263.7331543,197,205.4065857,83,99.42996216,50.94
97,113.3675079,250,263.8140259,206,205.1797485,80,99.29491425,51
97,113.1385269,250,264.0934143,206,204.5301971,86,98.98887634,51.06
94,113.3123016,251,264.2008972,177,205.0332794,87,98.59337616,51.12
94,113.3831787,251,264.213501,178,204.4127197,79,98.17450714,51.18
95,112.5595398,250,263.9630127,185,204.2977905,83,97.91318512,51.24
95,112.6199951,251,264.3072815,186,204.0509491,85,97.36335754,51.3
93,112.6589966,249,263.2557068,190,202.7649231,83,97.16309357,51.36
93,111.5587082,251,263.1846008,208,201.9962769,80,97.13330078,51.42
94,112.137764,250,263.2982788,208,201.9962769,82,96.35176086,51.48
94,111.9509048,251,262.8621521,223,202.140152,83,95.82450867,51.54
94,111.9509048,251,262.8189087,212,202.2079468,83,95.77605438,51.6
93,111.4476242,251,262.8189087,182,201.0021667,76,95.69062805,51.66
96,111.1033478,251,262.8189087,176,201.2564697,70,95.92304993,51.72
95,111.2705917,251,262.8189087,183,200.6227264,75,94.53211975,51.78
94,111.58461,251,262.8189087,180,199.9199829,78,94.28766632,51.84
93,111.3410416,251,262.8189087,184,199.9280548,77,93.89853668,51.9
92,111.309082,251,262.8189087,182,199.8379059,77,93.42205811,51.96
92,111.1786194,251,262.8189087,182,198.7283936,78,92.83232117,52.02
94,111.4079895,251,262.8189087,182,198.7283936,77,92.70040131,52.08
94,111.5762634,251,262.8189087,180,199.2151489,77,92.4699707,52.14
91,111.2386246,251,262.8189087,186,198.3356171,80,92.4699707,52.2
92,111.2386246,251,262.8189087,186,198.3356171,80,92.02383423,52.26
92,111.2386246,251,262.8189087,186,198.3356171,77,92.06468201,52.32
92,111.5455093,251,262.8189087,186,198.3356171,76,92.11644745,52.38
91,111.4023132,251,262.8189087,186,198.3356171,77,92.10767365,52.44
91,111.4899139,251,262.8189087,186,198.3356171,79,92.47809601,52.5
94,112.282608,251,262.8189087,186,198.3356171,78,92.97025299,52.56
94,112.8642731,251,262.8189087,186,198.3356171,78,92.75475311,52.62
94,113.5723114,251,262.8189087,186,198.3356171,76,92.87356567,52.68
93,113.7562103,251,262.8189087,186,198.3356171,76,92.85707855,52.74
95,114.2659454,251,262.8189087,186,198.3356171,78,93.07279968,52.8
96,114.2659454,251,262.8189087,186,198.3356171,80,93.20835876,52.86
94,114.6143188,251,262.8189087,186,198.3356171,82,93.22130585,52.92
94,113.6528397,251,262.8189087,186,198.3356171,78,93.35302734,52.98
92,113.9588318,251,262.8189087,186,198.3356171,79,93.35302734,53.04
93,114.2876511,251,262.8189087,186,198.3356171,81,94.28375244,53.1
94,115.1722794,251,262.8189087,186,198.3356171,83,94.48452759,53.16
94,115.1387177,251,262.8189087,186,198.3356171,83,94.64824677,53.22
97,115.1387177,251,262.8189087,186,198.3356171,81,94.75979614,53.28
96,115.2488327,251,262.8189087,186,198.3356171,83,94.66836548,53.34
96,114.5927582,251,262.8189087,186,198.3356171,85,94.81598663,53.4
97,114.5457001,251,262.8189087,186,198.3356171,86,95.55209351,53.46
93,116.1233063,251,262.8189087,186,198.3356171,86,96.24259186,53.52
94,115.6385193,251,262.8189087,186,198.3356171,85,95.93912506,53.58
96,116.263916,251,262.8189087,186,198.3356171,83,96.33525085,53.64
96,115.5973892,251,262.8189087,186,198.3356171,82,96.5055542,53.7
94,116.3718643,251,262.8189087,186,198.3356171,85,96.90177155,53.76
94,116.2049942,251,262.8189087,186,198.3356171,88,96.90177155,53.82
94,116.2287827,251,262.8189087,186,198.3356171,85,96.66457367,53.88
94,116.2287827,251,262.8189087,186,198.3356171,83,96.66457367,53.94
95,116.7184143,251,262.8189087,186,198.3356171,83,96.66457367,54
95,116.7042923,251,262.8189087,186,198.3356171,87,96.66457367,54.06
96,117.2256851,251,262.8189087,186,198.3356171,88,97.2977066,54.12
95,117.4543457,251,262.8189087,186,198.3356171,88,97.2977066,54.18
96,116.450737,251,262.8189087,186,198.3356171,86,97.07562256,54.24
96,116.6622391,251,262.8189087,186,198.3356171,87,97.23959351,54.3
95,117.1093826,251,262.8189087,186,198.3356171,86,97.12467957,54.36
94,117.0065765,251,262.8189087,186,198.3356171,84,97.10297394,54.42
96,115.8846741,251,262.8189087,186,198.3356171,85,96.93869019,54.48
96,117.4158783,251,262.8189087,186,198.3356171,87,96.94337463,54.54
101,117.4123077,251,262.8189087,186,198.3356171,86,96.92420959,54.6
100,117.4201584,251,262.8189087,186,198.3356171,87,97.23870087,54.66
93,116.9456177,251,262.8189087,186,198.3356171,87,97.10519409,54.72
93,117.4051208,251,262.8189087,186,198.3356171,87,97.11131287,54.78
93,116.9187927,251,262.8189087,186,198.3356171,85,97.24932861,54.84
97,117.2249985,251,262.8189087,186,198.3356171,88,97.24932861,54.9
99,116.9464722,251,262.8189087,186,198.3356171,88,97.24932861,54.96
99,117.4622269,251,262.8189087,186,198.3356171,87,97.24932861,55.02
98,117.4622269,251,262.8189087,186,198.3356171,85,97.09087372,55.08
98,116.1240311,251,262.8189087,186,198.3356171,86,97.23587036,55.14
98,117.213028,251,262.8189087,186,198.3356171,86,97.23587036,55.2
98,117.1169662,251,262.8189087,186,198.3356171,91,97.24187469,55.26
98,117.4276505,251,262.8189087,186,198.3356171,88,97.23226166,55.32
97,117.4276505,251,262.8189087,186,198.3356171,84,97.23310089,55.38
94,117.1223145,251,262.8189087,186,198.3356171,85,97.23310089,55.44
94,116.9204865,251,262.8189087,186,198.3356171,85,97.08302307,55.5
97,116.9199905,251,262.8189087,186,198.3356171,85,97.24508667,55.56
97,116.4782333,251,262.8189087,186,198.3356171,87,96.79480743,55.62